-- MySQL dump 10.19  Distrib 10.3.37-MariaDB, for debian-linux-gnu (x86_64)
--
-- Host: localhost    Database: CMC_Aliments
-- ------------------------------------------------------
-- Server version	10.3.37-MariaDB-0ubuntu0.20.04.1

/*!40101 SET @OLD_CHARACTER_SET_CLIENT=@@CHARACTER_SET_CLIENT */;
/*!40101 SET @OLD_CHARACTER_SET_RESULTS=@@CHARACTER_SET_RESULTS */;
/*!40101 SET @OLD_COLLATION_CONNECTION=@@COLLATION_CONNECTION */;
/*!40101 SET NAMES utf8mb4 */;
/*!40103 SET @OLD_TIME_ZONE=@@TIME_ZONE */;
/*!40103 SET TIME_ZONE='+00:00' */;
/*!40014 SET @OLD_UNIQUE_CHECKS=@@UNIQUE_CHECKS, UNIQUE_CHECKS=0 */;
/*!40014 SET @OLD_FOREIGN_KEY_CHECKS=@@FOREIGN_KEY_CHECKS, FOREIGN_KEY_CHECKS=0 */;
/*!40101 SET @OLD_SQL_MODE=@@SQL_MODE, SQL_MODE='NO_AUTO_VALUE_ON_ZERO' */;
/*!40111 SET @OLD_SQL_NOTES=@@SQL_NOTES, SQL_NOTES=0 */;

--
-- Table structure for table `Categorie`
--

DROP TABLE IF EXISTS `Categorie`;
/*!40101 SET @saved_cs_client     = @@character_set_client */;
/*!40101 SET character_set_client = utf8 */;
CREATE TABLE `Categorie` (
  `id` int(10) unsigned NOT NULL AUTO_INCREMENT,
  `Categorie` varchar(255) DEFAULT NULL,
  PRIMARY KEY (`id`)
) ENGINE=InnoDB AUTO_INCREMENT=12 DEFAULT CHARSET=utf8mb4 COLLATE=utf8mb4_general_ci;
/*!40101 SET character_set_client = @saved_cs_client */;

--
-- Dumping data for table `Categorie`
--

LOCK TABLES `Categorie` WRITE;
/*!40000 ALTER TABLE `Categorie` DISABLE KEYS */;
INSERT INTO `Categorie` VALUES (1,'Céréales'),(2,'Aliments'),(3,'Semences légumes'),(4,'Semences Fleurs'),(5,'Engrais'),(6,'Pellets'),(7,'Paillages'),(8,'Pêche'),(9,'Divers'),(10,'Oiseaux'),(11,'Produits Du Terroir');
/*!40000 ALTER TABLE `Categorie` ENABLE KEYS */;
UNLOCK TABLES;

--
-- Table structure for table `Commande`
--

DROP TABLE IF EXISTS `Commande`;
/*!40101 SET @saved_cs_client     = @@character_set_client */;
/*!40101 SET character_set_client = utf8 */;
CREATE TABLE `Commande` (
  `id` int(10) unsigned NOT NULL AUTO_INCREMENT,
  `date_created` timestamp NULL DEFAULT NULL,
  `Date_De_Retrait` datetime DEFAULT NULL,
  `Nom_Bon_Commande` varchar(255) DEFAULT NULL,
  PRIMARY KEY (`id`)
) ENGINE=InnoDB AUTO_INCREMENT=18 DEFAULT CHARSET=utf8mb4 COLLATE=utf8mb4_general_ci;
/*!40101 SET character_set_client = @saved_cs_client */;

--
-- Dumping data for table `Commande`
--

LOCK TABLES `Commande` WRITE;
/*!40000 ALTER TABLE `Commande` DISABLE KEYS */;
INSERT INTO `Commande` VALUES (17,'2023-01-25 07:37:40','2023-01-25 09:37:00','testr');
/*!40000 ALTER TABLE `Commande` ENABLE KEYS */;
UNLOCK TABLES;

--
-- Table structure for table `Commander`
--

DROP TABLE IF EXISTS `Commander`;
/*!40101 SET @saved_cs_client     = @@character_set_client */;
/*!40101 SET character_set_client = utf8 */;
CREATE TABLE `Commander` (
  `id` int(10) unsigned NOT NULL AUTO_INCREMENT,
  `Quantites` varchar(255) NOT NULL,
  `Nom_Produits` int(10) unsigned DEFAULT NULL,
  `Test` int(10) unsigned DEFAULT NULL,
  `Commande` int(10) unsigned DEFAULT NULL,
  PRIMARY KEY (`id`),
  KEY `commander_nom_produits_foreign` (`Nom_Produits`),
  KEY `commander_test_foreign` (`Test`),
  KEY `commander_commande_foreign` (`Commande`),
  CONSTRAINT `commander_commande_foreign` FOREIGN KEY (`Commande`) REFERENCES `Commande` (`id`) ON DELETE SET NULL,
  CONSTRAINT `commander_nom_produits_foreign` FOREIGN KEY (`Nom_Produits`) REFERENCES `Produits` (`id`) ON DELETE SET NULL,
  CONSTRAINT `commander_test_foreign` FOREIGN KEY (`Test`) REFERENCES `Commande` (`id`) ON DELETE SET NULL
) ENGINE=InnoDB AUTO_INCREMENT=14 DEFAULT CHARSET=utf8mb4 COLLATE=utf8mb4_general_ci;
/*!40101 SET character_set_client = @saved_cs_client */;

--
-- Dumping data for table `Commander`
--

LOCK TABLES `Commander` WRITE;
/*!40000 ALTER TABLE `Commander` DISABLE KEYS */;
INSERT INTO `Commander` VALUES (11,'1',9,NULL,17),(12,'3',6,NULL,17),(13,'3',7,NULL,17);
/*!40000 ALTER TABLE `Commander` ENABLE KEYS */;
UNLOCK TABLES;

--
-- Table structure for table `Produits`
--

DROP TABLE IF EXISTS `Produits`;
/*!40101 SET @saved_cs_client     = @@character_set_client */;
/*!40101 SET character_set_client = utf8 */;
CREATE TABLE `Produits` (
  `id` int(10) unsigned NOT NULL AUTO_INCREMENT,
  `Nombre_De_Stock` int(11) DEFAULT NULL,
  `Prix` int(11) DEFAULT NULL,
  `Catgorie` int(10) unsigned DEFAULT NULL,
  `Nom_Produits` varchar(255) DEFAULT NULL,
  PRIMARY KEY (`id`),
  KEY `produits_catgorie_foreign` (`Catgorie`),
  CONSTRAINT `produits_catgorie_foreign` FOREIGN KEY (`Catgorie`) REFERENCES `Categorie` (`id`) ON DELETE SET NULL
) ENGINE=InnoDB AUTO_INCREMENT=12 DEFAULT CHARSET=utf8mb4 COLLATE=utf8mb4_general_ci;
/*!40101 SET character_set_client = @saved_cs_client */;

--
-- Dumping data for table `Produits`
--

LOCK TABLES `Produits` WRITE;
/*!40000 ALTER TABLE `Produits` DISABLE KEYS */;
INSERT INTO `Produits` VALUES (5,21,21,1,'Blé'),(6,17,10,1,'Orge'),(7,8,22,6,'Sac De Pellets Premier Prix'),(8,19,4,10,'Boule De Graisse'),(9,21,20,1,'Maïs Grain'),(10,67,19,1,'Maïs Cassé'),(11,11,12,9,'Cordages');
/*!40000 ALTER TABLE `Produits` ENABLE KEYS */;
UNLOCK TABLES;

--
-- Table structure for table `directus_activity`
--

DROP TABLE IF EXISTS `directus_activity`;
/*!40101 SET @saved_cs_client     = @@character_set_client */;
/*!40101 SET character_set_client = utf8 */;
CREATE TABLE `directus_activity` (
  `id` int(10) unsigned NOT NULL AUTO_INCREMENT,
  `action` varchar(45) NOT NULL,
  `user` char(36) DEFAULT NULL,
  `timestamp` timestamp NOT NULL DEFAULT current_timestamp(),
  `ip` varchar(50) DEFAULT NULL,
  `user_agent` varchar(255) DEFAULT NULL,
  `collection` varchar(64) NOT NULL,
  `item` varchar(255) NOT NULL,
  `comment` text DEFAULT NULL,
  `origin` varchar(255) DEFAULT NULL,
  PRIMARY KEY (`id`),
  KEY `directus_activity_collection_foreign` (`collection`)
) ENGINE=InnoDB AUTO_INCREMENT=540 DEFAULT CHARSET=utf8mb4 COLLATE=utf8mb4_general_ci;
/*!40101 SET character_set_client = @saved_cs_client */;

--
-- Dumping data for table `directus_activity`
--

LOCK TABLES `directus_activity` WRITE;
/*!40000 ALTER TABLE `directus_activity` DISABLE KEYS */;
INSERT INTO `directus_activity` VALUES (1,'login','f971a3ff-ee87-4508-b5fd-ee6ebcb8b17f','2023-01-24 09:38:55','127.0.0.1','Mozilla/5.0 (X11; Linux x86_64) AppleWebKit/537.36 (KHTML, like Gecko) Chrome/105.0.0.0 Safari/537.36','directus_users','f971a3ff-ee87-4508-b5fd-ee6ebcb8b17f',NULL,'http://0.0.0.0:8055'),(2,'create','f971a3ff-ee87-4508-b5fd-ee6ebcb8b17f','2023-01-24 09:39:18','127.0.0.1','Mozilla/5.0 (X11; Linux x86_64) AppleWebKit/537.36 (KHTML, like Gecko) Chrome/105.0.0.0 Safari/537.36','directus_settings','1',NULL,'http://0.0.0.0:8055'),(3,'create','f971a3ff-ee87-4508-b5fd-ee6ebcb8b17f','2023-01-24 09:40:16','127.0.0.1','Mozilla/5.0 (X11; Linux x86_64) AppleWebKit/537.36 (KHTML, like Gecko) Chrome/105.0.0.0 Safari/537.36','directus_files','f01574ea-f84f-4fd8-9c20-d490be87cceb',NULL,'http://0.0.0.0:8055'),(4,'update','f971a3ff-ee87-4508-b5fd-ee6ebcb8b17f','2023-01-24 09:40:33','127.0.0.1','Mozilla/5.0 (X11; Linux x86_64) AppleWebKit/537.36 (KHTML, like Gecko) Chrome/105.0.0.0 Safari/537.36','directus_settings','1',NULL,'http://0.0.0.0:8055'),(5,'update','f971a3ff-ee87-4508-b5fd-ee6ebcb8b17f','2023-01-24 09:40:53','127.0.0.1','Mozilla/5.0 (X11; Linux x86_64) AppleWebKit/537.36 (KHTML, like Gecko) Chrome/105.0.0.0 Safari/537.36','directus_settings','1',NULL,'http://0.0.0.0:8055'),(6,'update','f971a3ff-ee87-4508-b5fd-ee6ebcb8b17f','2023-01-24 09:41:24','127.0.0.1','Mozilla/5.0 (X11; Linux x86_64) AppleWebKit/537.36 (KHTML, like Gecko) Chrome/105.0.0.0 Safari/537.36','directus_settings','1',NULL,'http://0.0.0.0:8055'),(7,'create','f971a3ff-ee87-4508-b5fd-ee6ebcb8b17f','2023-01-24 09:42:05','127.0.0.1','Mozilla/5.0 (X11; Linux x86_64) AppleWebKit/537.36 (KHTML, like Gecko) Chrome/105.0.0.0 Safari/537.36','directus_fields','1',NULL,'http://0.0.0.0:8055'),(8,'create','f971a3ff-ee87-4508-b5fd-ee6ebcb8b17f','2023-01-24 09:42:05','127.0.0.1','Mozilla/5.0 (X11; Linux x86_64) AppleWebKit/537.36 (KHTML, like Gecko) Chrome/105.0.0.0 Safari/537.36','directus_collections','Produits',NULL,'http://0.0.0.0:8055'),(9,'create','f971a3ff-ee87-4508-b5fd-ee6ebcb8b17f','2023-01-24 09:42:40','127.0.0.1','Mozilla/5.0 (X11; Linux x86_64) AppleWebKit/537.36 (KHTML, like Gecko) Chrome/105.0.0.0 Safari/537.36','directus_fields','2',NULL,'http://0.0.0.0:8055'),(10,'create','f971a3ff-ee87-4508-b5fd-ee6ebcb8b17f','2023-01-24 09:43:33','127.0.0.1','Mozilla/5.0 (X11; Linux x86_64) AppleWebKit/537.36 (KHTML, like Gecko) Chrome/105.0.0.0 Safari/537.36','directus_fields','3',NULL,'http://0.0.0.0:8055'),(11,'create','f971a3ff-ee87-4508-b5fd-ee6ebcb8b17f','2023-01-24 09:44:45','127.0.0.1','Mozilla/5.0 (X11; Linux x86_64) AppleWebKit/537.36 (KHTML, like Gecko) Chrome/105.0.0.0 Safari/537.36','directus_fields','4',NULL,'http://0.0.0.0:8055'),(12,'create','f971a3ff-ee87-4508-b5fd-ee6ebcb8b17f','2023-01-24 09:49:27','127.0.0.1','Mozilla/5.0 (X11; Linux x86_64) AppleWebKit/537.36 (KHTML, like Gecko) Chrome/105.0.0.0 Safari/537.36','directus_fields','5',NULL,'http://0.0.0.0:8055'),(13,'create','f971a3ff-ee87-4508-b5fd-ee6ebcb8b17f','2023-01-24 09:49:27','127.0.0.1','Mozilla/5.0 (X11; Linux x86_64) AppleWebKit/537.36 (KHTML, like Gecko) Chrome/105.0.0.0 Safari/537.36','directus_collections','Categorie',NULL,'http://0.0.0.0:8055'),(14,'create','f971a3ff-ee87-4508-b5fd-ee6ebcb8b17f','2023-01-24 09:49:55','127.0.0.1','Mozilla/5.0 (X11; Linux x86_64) AppleWebKit/537.36 (KHTML, like Gecko) Chrome/105.0.0.0 Safari/537.36','directus_fields','6',NULL,'http://0.0.0.0:8055'),(15,'create','f971a3ff-ee87-4508-b5fd-ee6ebcb8b17f','2023-01-24 09:50:20','127.0.0.1','Mozilla/5.0 (X11; Linux x86_64) AppleWebKit/537.36 (KHTML, like Gecko) Chrome/105.0.0.0 Safari/537.36','Categorie','1',NULL,'http://0.0.0.0:8055'),(16,'create','f971a3ff-ee87-4508-b5fd-ee6ebcb8b17f','2023-01-24 09:50:31','127.0.0.1','Mozilla/5.0 (X11; Linux x86_64) AppleWebKit/537.36 (KHTML, like Gecko) Chrome/105.0.0.0 Safari/537.36','Categorie','2',NULL,'http://0.0.0.0:8055'),(17,'create','f971a3ff-ee87-4508-b5fd-ee6ebcb8b17f','2023-01-24 09:50:42','127.0.0.1','Mozilla/5.0 (X11; Linux x86_64) AppleWebKit/537.36 (KHTML, like Gecko) Chrome/105.0.0.0 Safari/537.36','Categorie','3',NULL,'http://0.0.0.0:8055'),(18,'create','f971a3ff-ee87-4508-b5fd-ee6ebcb8b17f','2023-01-24 09:50:53','127.0.0.1','Mozilla/5.0 (X11; Linux x86_64) AppleWebKit/537.36 (KHTML, like Gecko) Chrome/105.0.0.0 Safari/537.36','Categorie','4',NULL,'http://0.0.0.0:8055'),(19,'create','f971a3ff-ee87-4508-b5fd-ee6ebcb8b17f','2023-01-24 09:50:59','127.0.0.1','Mozilla/5.0 (X11; Linux x86_64) AppleWebKit/537.36 (KHTML, like Gecko) Chrome/105.0.0.0 Safari/537.36','Categorie','5',NULL,'http://0.0.0.0:8055'),(20,'create','f971a3ff-ee87-4508-b5fd-ee6ebcb8b17f','2023-01-24 09:51:08','127.0.0.1','Mozilla/5.0 (X11; Linux x86_64) AppleWebKit/537.36 (KHTML, like Gecko) Chrome/105.0.0.0 Safari/537.36','Categorie','6',NULL,'http://0.0.0.0:8055'),(21,'create','f971a3ff-ee87-4508-b5fd-ee6ebcb8b17f','2023-01-24 09:51:14','127.0.0.1','Mozilla/5.0 (X11; Linux x86_64) AppleWebKit/537.36 (KHTML, like Gecko) Chrome/105.0.0.0 Safari/537.36','Categorie','7',NULL,'http://0.0.0.0:8055'),(22,'create','f971a3ff-ee87-4508-b5fd-ee6ebcb8b17f','2023-01-24 09:51:23','127.0.0.1','Mozilla/5.0 (X11; Linux x86_64) AppleWebKit/537.36 (KHTML, like Gecko) Chrome/105.0.0.0 Safari/537.36','Categorie','8',NULL,'http://0.0.0.0:8055'),(23,'create','f971a3ff-ee87-4508-b5fd-ee6ebcb8b17f','2023-01-24 09:51:28','127.0.0.1','Mozilla/5.0 (X11; Linux x86_64) AppleWebKit/537.36 (KHTML, like Gecko) Chrome/105.0.0.0 Safari/537.36','Categorie','9',NULL,'http://0.0.0.0:8055'),(24,'create','f971a3ff-ee87-4508-b5fd-ee6ebcb8b17f','2023-01-24 09:51:35','127.0.0.1','Mozilla/5.0 (X11; Linux x86_64) AppleWebKit/537.36 (KHTML, like Gecko) Chrome/105.0.0.0 Safari/537.36','Categorie','10',NULL,'http://0.0.0.0:8055'),(25,'create','f971a3ff-ee87-4508-b5fd-ee6ebcb8b17f','2023-01-24 09:51:52','127.0.0.1','Mozilla/5.0 (X11; Linux x86_64) AppleWebKit/537.36 (KHTML, like Gecko) Chrome/105.0.0.0 Safari/537.36','Categorie','11',NULL,'http://0.0.0.0:8055'),(26,'create','f971a3ff-ee87-4508-b5fd-ee6ebcb8b17f','2023-01-24 09:53:24','127.0.0.1','Mozilla/5.0 (X11; Linux x86_64) AppleWebKit/537.36 (KHTML, like Gecko) Chrome/105.0.0.0 Safari/537.36','directus_fields','7',NULL,'http://0.0.0.0:8055'),(27,'create','f971a3ff-ee87-4508-b5fd-ee6ebcb8b17f','2023-01-24 09:53:55','127.0.0.1','Mozilla/5.0 (X11; Linux x86_64) AppleWebKit/537.36 (KHTML, like Gecko) Chrome/105.0.0.0 Safari/537.36','Produits','1',NULL,'http://0.0.0.0:8055'),(28,'update','f971a3ff-ee87-4508-b5fd-ee6ebcb8b17f','2023-01-24 09:55:15','127.0.0.1','Mozilla/5.0 (X11; Linux x86_64) AppleWebKit/537.36 (KHTML, like Gecko) Chrome/105.0.0.0 Safari/537.36','directus_collections','Produits',NULL,'http://0.0.0.0:8055'),(29,'create','f971a3ff-ee87-4508-b5fd-ee6ebcb8b17f','2023-01-24 09:57:13','127.0.0.1','Mozilla/5.0 (X11; Linux x86_64) AppleWebKit/537.36 (KHTML, like Gecko) Chrome/105.0.0.0 Safari/537.36','directus_fields','8',NULL,'http://0.0.0.0:8055'),(30,'create','f971a3ff-ee87-4508-b5fd-ee6ebcb8b17f','2023-01-24 10:01:16','127.0.0.1','Mozilla/5.0 (X11; Linux x86_64) AppleWebKit/537.36 (KHTML, like Gecko) Chrome/105.0.0.0 Safari/537.36','directus_fields','9',NULL,'http://0.0.0.0:8055'),(31,'create','f971a3ff-ee87-4508-b5fd-ee6ebcb8b17f','2023-01-24 10:01:16','127.0.0.1','Mozilla/5.0 (X11; Linux x86_64) AppleWebKit/537.36 (KHTML, like Gecko) Chrome/105.0.0.0 Safari/537.36','directus_fields','10',NULL,'http://0.0.0.0:8055'),(32,'create','f971a3ff-ee87-4508-b5fd-ee6ebcb8b17f','2023-01-24 10:01:16','127.0.0.1','Mozilla/5.0 (X11; Linux x86_64) AppleWebKit/537.36 (KHTML, like Gecko) Chrome/105.0.0.0 Safari/537.36','directus_fields','11',NULL,'http://0.0.0.0:8055'),(33,'create','f971a3ff-ee87-4508-b5fd-ee6ebcb8b17f','2023-01-24 10:01:16','127.0.0.1','Mozilla/5.0 (X11; Linux x86_64) AppleWebKit/537.36 (KHTML, like Gecko) Chrome/105.0.0.0 Safari/537.36','directus_fields','12',NULL,'http://0.0.0.0:8055'),(34,'create','f971a3ff-ee87-4508-b5fd-ee6ebcb8b17f','2023-01-24 10:01:16','127.0.0.1','Mozilla/5.0 (X11; Linux x86_64) AppleWebKit/537.36 (KHTML, like Gecko) Chrome/105.0.0.0 Safari/537.36','directus_collections','Commande',NULL,'http://0.0.0.0:8055'),(37,'create','f971a3ff-ee87-4508-b5fd-ee6ebcb8b17f','2023-01-24 10:02:55','127.0.0.1','Mozilla/5.0 (X11; Linux x86_64) AppleWebKit/537.36 (KHTML, like Gecko) Chrome/105.0.0.0 Safari/537.36','directus_fields','13',NULL,'http://0.0.0.0:8055'),(38,'create','f971a3ff-ee87-4508-b5fd-ee6ebcb8b17f','2023-01-24 10:02:55','127.0.0.1','Mozilla/5.0 (X11; Linux x86_64) AppleWebKit/537.36 (KHTML, like Gecko) Chrome/105.0.0.0 Safari/537.36','directus_fields','14',NULL,'http://0.0.0.0:8055'),(39,'create','f971a3ff-ee87-4508-b5fd-ee6ebcb8b17f','2023-01-24 10:02:55','127.0.0.1','Mozilla/5.0 (X11; Linux x86_64) AppleWebKit/537.36 (KHTML, like Gecko) Chrome/105.0.0.0 Safari/537.36','directus_collections','Commande_Produits',NULL,'http://0.0.0.0:8055'),(40,'create','f971a3ff-ee87-4508-b5fd-ee6ebcb8b17f','2023-01-24 10:02:55','127.0.0.1','Mozilla/5.0 (X11; Linux x86_64) AppleWebKit/537.36 (KHTML, like Gecko) Chrome/105.0.0.0 Safari/537.36','directus_fields','15',NULL,'http://0.0.0.0:8055'),(41,'create','f971a3ff-ee87-4508-b5fd-ee6ebcb8b17f','2023-01-24 10:02:55','127.0.0.1','Mozilla/5.0 (X11; Linux x86_64) AppleWebKit/537.36 (KHTML, like Gecko) Chrome/105.0.0.0 Safari/537.36','directus_fields','16',NULL,'http://0.0.0.0:8055'),(42,'create','f971a3ff-ee87-4508-b5fd-ee6ebcb8b17f','2023-01-24 10:03:54','127.0.0.1','Mozilla/5.0 (X11; Linux x86_64) AppleWebKit/537.36 (KHTML, like Gecko) Chrome/105.0.0.0 Safari/537.36','directus_fields','17',NULL,'http://0.0.0.0:8055'),(43,'create','f971a3ff-ee87-4508-b5fd-ee6ebcb8b17f','2023-01-24 10:06:03','127.0.0.1','Mozilla/5.0 (X11; Linux x86_64) AppleWebKit/537.36 (KHTML, like Gecko) Chrome/105.0.0.0 Safari/537.36','directus_files','124e75b6-4db6-4e25-ac35-f6e7bd789d08',NULL,'http://0.0.0.0:8055'),(44,'create','f971a3ff-ee87-4508-b5fd-ee6ebcb8b17f','2023-01-24 10:06:11','127.0.0.1','Mozilla/5.0 (X11; Linux x86_64) AppleWebKit/537.36 (KHTML, like Gecko) Chrome/105.0.0.0 Safari/537.36','Produits','2',NULL,'http://0.0.0.0:8055'),(45,'create','f971a3ff-ee87-4508-b5fd-ee6ebcb8b17f','2023-01-24 10:08:11','127.0.0.1','Mozilla/5.0 (X11; Linux x86_64) AppleWebKit/537.36 (KHTML, like Gecko) Chrome/105.0.0.0 Safari/537.36','directus_fields','18',NULL,'http://0.0.0.0:8055'),(46,'delete','f971a3ff-ee87-4508-b5fd-ee6ebcb8b17f','2023-01-24 11:14:26','127.0.0.1','Mozilla/5.0 (X11; Linux x86_64) AppleWebKit/537.36 (KHTML, like Gecko) Chrome/105.0.0.0 Safari/537.36','directus_collections','Commande_Produits',NULL,'http://0.0.0.0:8055'),(47,'delete','f971a3ff-ee87-4508-b5fd-ee6ebcb8b17f','2023-01-24 11:14:29','127.0.0.1','Mozilla/5.0 (X11; Linux x86_64) AppleWebKit/537.36 (KHTML, like Gecko) Chrome/105.0.0.0 Safari/537.36','directus_collections','Commande',NULL,'http://0.0.0.0:8055'),(48,'create','f971a3ff-ee87-4508-b5fd-ee6ebcb8b17f','2023-01-24 11:14:56','127.0.0.1','Mozilla/5.0 (X11; Linux x86_64) AppleWebKit/537.36 (KHTML, like Gecko) Chrome/105.0.0.0 Safari/537.36','directus_fields','19',NULL,'http://0.0.0.0:8055'),(49,'create','f971a3ff-ee87-4508-b5fd-ee6ebcb8b17f','2023-01-24 11:14:56','127.0.0.1','Mozilla/5.0 (X11; Linux x86_64) AppleWebKit/537.36 (KHTML, like Gecko) Chrome/105.0.0.0 Safari/537.36','directus_fields','20',NULL,'http://0.0.0.0:8055'),(50,'create','f971a3ff-ee87-4508-b5fd-ee6ebcb8b17f','2023-01-24 11:14:56','127.0.0.1','Mozilla/5.0 (X11; Linux x86_64) AppleWebKit/537.36 (KHTML, like Gecko) Chrome/105.0.0.0 Safari/537.36','directus_collections','Commande',NULL,'http://0.0.0.0:8055'),(51,'create','f971a3ff-ee87-4508-b5fd-ee6ebcb8b17f','2023-01-24 11:16:49','127.0.0.1','Mozilla/5.0 (X11; Linux x86_64) AppleWebKit/537.36 (KHTML, like Gecko) Chrome/105.0.0.0 Safari/537.36','directus_fields','21',NULL,'http://0.0.0.0:8055'),(52,'create','f971a3ff-ee87-4508-b5fd-ee6ebcb8b17f','2023-01-24 11:16:49','127.0.0.1','Mozilla/5.0 (X11; Linux x86_64) AppleWebKit/537.36 (KHTML, like Gecko) Chrome/105.0.0.0 Safari/537.36','directus_fields','22',NULL,'http://0.0.0.0:8055'),(53,'create','f971a3ff-ee87-4508-b5fd-ee6ebcb8b17f','2023-01-24 11:16:49','127.0.0.1','Mozilla/5.0 (X11; Linux x86_64) AppleWebKit/537.36 (KHTML, like Gecko) Chrome/105.0.0.0 Safari/537.36','directus_collections','Commande_Produits',NULL,'http://0.0.0.0:8055'),(54,'create','f971a3ff-ee87-4508-b5fd-ee6ebcb8b17f','2023-01-24 11:16:49','127.0.0.1','Mozilla/5.0 (X11; Linux x86_64) AppleWebKit/537.36 (KHTML, like Gecko) Chrome/105.0.0.0 Safari/537.36','directus_fields','23',NULL,'http://0.0.0.0:8055'),(55,'create','f971a3ff-ee87-4508-b5fd-ee6ebcb8b17f','2023-01-24 11:16:49','127.0.0.1','Mozilla/5.0 (X11; Linux x86_64) AppleWebKit/537.36 (KHTML, like Gecko) Chrome/105.0.0.0 Safari/537.36','directus_fields','24',NULL,'http://0.0.0.0:8055'),(56,'create','f971a3ff-ee87-4508-b5fd-ee6ebcb8b17f','2023-01-24 11:24:06','127.0.0.1','Mozilla/5.0 (X11; Linux x86_64) AppleWebKit/537.36 (KHTML, like Gecko) Chrome/105.0.0.0 Safari/537.36','directus_fields','25',NULL,'http://0.0.0.0:8055'),(59,'create','f971a3ff-ee87-4508-b5fd-ee6ebcb8b17f','2023-01-24 11:26:04','127.0.0.1','Mozilla/5.0 (X11; Linux x86_64) AppleWebKit/537.36 (KHTML, like Gecko) Chrome/105.0.0.0 Safari/537.36','Commande','1',NULL,'http://0.0.0.0:8055'),(60,'update','f971a3ff-ee87-4508-b5fd-ee6ebcb8b17f','2023-01-24 11:26:16','127.0.0.1','Mozilla/5.0 (X11; Linux x86_64) AppleWebKit/537.36 (KHTML, like Gecko) Chrome/105.0.0.0 Safari/537.36','directus_collections','Commande_Produits',NULL,'http://0.0.0.0:8055'),(61,'create','f971a3ff-ee87-4508-b5fd-ee6ebcb8b17f','2023-01-24 11:31:23','127.0.0.1','Mozilla/5.0 (X11; Linux x86_64) AppleWebKit/537.36 (KHTML, like Gecko) Chrome/105.0.0.0 Safari/537.36','directus_fields','26',NULL,'http://0.0.0.0:8055'),(62,'create','f971a3ff-ee87-4508-b5fd-ee6ebcb8b17f','2023-01-24 11:31:23','127.0.0.1','Mozilla/5.0 (X11; Linux x86_64) AppleWebKit/537.36 (KHTML, like Gecko) Chrome/105.0.0.0 Safari/537.36','directus_collections','Produits_commander',NULL,'http://0.0.0.0:8055'),(63,'delete','f971a3ff-ee87-4508-b5fd-ee6ebcb8b17f','2023-01-24 11:35:09','127.0.0.1','Mozilla/5.0 (X11; Linux x86_64) AppleWebKit/537.36 (KHTML, like Gecko) Chrome/105.0.0.0 Safari/537.36','directus_collections','Produits_commander',NULL,'http://0.0.0.0:8055'),(64,'create','f971a3ff-ee87-4508-b5fd-ee6ebcb8b17f','2023-01-24 11:36:35','127.0.0.1','Mozilla/5.0 (X11; Linux x86_64) AppleWebKit/537.36 (KHTML, like Gecko) Chrome/105.0.0.0 Safari/537.36','directus_fields','27',NULL,'http://0.0.0.0:8055'),(65,'create','f971a3ff-ee87-4508-b5fd-ee6ebcb8b17f','2023-01-24 11:37:13','127.0.0.1','Mozilla/5.0 (X11; Linux x86_64) AppleWebKit/537.36 (KHTML, like Gecko) Chrome/105.0.0.0 Safari/537.36','directus_fields','28',NULL,'http://0.0.0.0:8055'),(66,'delete','f971a3ff-ee87-4508-b5fd-ee6ebcb8b17f','2023-01-24 11:37:33','127.0.0.1','Mozilla/5.0 (X11; Linux x86_64) AppleWebKit/537.36 (KHTML, like Gecko) Chrome/105.0.0.0 Safari/537.36','Commande','1',NULL,'http://0.0.0.0:8055'),(69,'update','f971a3ff-ee87-4508-b5fd-ee6ebcb8b17f','2023-01-24 11:38:03','127.0.0.1','Mozilla/5.0 (X11; Linux x86_64) AppleWebKit/537.36 (KHTML, like Gecko) Chrome/105.0.0.0 Safari/537.36','directus_fields','23',NULL,'http://0.0.0.0:8055'),(70,'update','f971a3ff-ee87-4508-b5fd-ee6ebcb8b17f','2023-01-24 11:38:05','127.0.0.1','Mozilla/5.0 (X11; Linux x86_64) AppleWebKit/537.36 (KHTML, like Gecko) Chrome/105.0.0.0 Safari/537.36','directus_fields','22',NULL,'http://0.0.0.0:8055'),(71,'update','f971a3ff-ee87-4508-b5fd-ee6ebcb8b17f','2023-01-24 11:38:07','127.0.0.1','Mozilla/5.0 (X11; Linux x86_64) AppleWebKit/537.36 (KHTML, like Gecko) Chrome/105.0.0.0 Safari/537.36','directus_fields','24',NULL,'http://0.0.0.0:8055'),(72,'update','f971a3ff-ee87-4508-b5fd-ee6ebcb8b17f','2023-01-24 11:39:03','127.0.0.1','Mozilla/5.0 (X11; Linux x86_64) AppleWebKit/537.36 (KHTML, like Gecko) Chrome/105.0.0.0 Safari/537.36','directus_fields','19',NULL,'http://0.0.0.0:8055'),(73,'update','f971a3ff-ee87-4508-b5fd-ee6ebcb8b17f','2023-01-24 11:39:04','127.0.0.1','Mozilla/5.0 (X11; Linux x86_64) AppleWebKit/537.36 (KHTML, like Gecko) Chrome/105.0.0.0 Safari/537.36','directus_fields','28',NULL,'http://0.0.0.0:8055'),(74,'update','f971a3ff-ee87-4508-b5fd-ee6ebcb8b17f','2023-01-24 11:39:04','127.0.0.1','Mozilla/5.0 (X11; Linux x86_64) AppleWebKit/537.36 (KHTML, like Gecko) Chrome/105.0.0.0 Safari/537.36','directus_fields','20',NULL,'http://0.0.0.0:8055'),(75,'update','f971a3ff-ee87-4508-b5fd-ee6ebcb8b17f','2023-01-24 11:39:04','127.0.0.1','Mozilla/5.0 (X11; Linux x86_64) AppleWebKit/537.36 (KHTML, like Gecko) Chrome/105.0.0.0 Safari/537.36','directus_fields','21',NULL,'http://0.0.0.0:8055'),(78,'create','f971a3ff-ee87-4508-b5fd-ee6ebcb8b17f','2023-01-24 11:39:26','127.0.0.1','Mozilla/5.0 (X11; Linux x86_64) AppleWebKit/537.36 (KHTML, like Gecko) Chrome/105.0.0.0 Safari/537.36','Commande','2',NULL,'http://0.0.0.0:8055'),(79,'update','f971a3ff-ee87-4508-b5fd-ee6ebcb8b17f','2023-01-24 11:40:45','127.0.0.1','Mozilla/5.0 (X11; Linux x86_64) AppleWebKit/537.36 (KHTML, like Gecko) Chrome/105.0.0.0 Safari/537.36','directus_fields','21',NULL,'http://0.0.0.0:8055'),(80,'update','f971a3ff-ee87-4508-b5fd-ee6ebcb8b17f','2023-01-24 11:40:49','127.0.0.1','Mozilla/5.0 (X11; Linux x86_64) AppleWebKit/537.36 (KHTML, like Gecko) Chrome/105.0.0.0 Safari/537.36','directus_fields','20',NULL,'http://0.0.0.0:8055'),(82,'create','f971a3ff-ee87-4508-b5fd-ee6ebcb8b17f','2023-01-24 11:45:46','127.0.0.1','Mozilla/5.0 (X11; Linux x86_64) AppleWebKit/537.36 (KHTML, like Gecko) Chrome/105.0.0.0 Safari/537.36','Commande','3',NULL,'http://0.0.0.0:8055'),(84,'create','f971a3ff-ee87-4508-b5fd-ee6ebcb8b17f','2023-01-24 11:46:01','127.0.0.1','Mozilla/5.0 (X11; Linux x86_64) AppleWebKit/537.36 (KHTML, like Gecko) Chrome/105.0.0.0 Safari/537.36','Commande','4',NULL,'http://0.0.0.0:8055'),(85,'delete','f971a3ff-ee87-4508-b5fd-ee6ebcb8b17f','2023-01-24 12:15:35','127.0.0.1','Mozilla/5.0 (X11; Linux x86_64) AppleWebKit/537.36 (KHTML, like Gecko) Chrome/105.0.0.0 Safari/537.36','directus_collections','Commande_Produits',NULL,'http://0.0.0.0:8055'),(86,'create','f971a3ff-ee87-4508-b5fd-ee6ebcb8b17f','2023-01-24 12:16:50','127.0.0.1','Mozilla/5.0 (X11; Linux x86_64) AppleWebKit/537.36 (KHTML, like Gecko) Chrome/105.0.0.0 Safari/537.36','directus_fields','29',NULL,'http://0.0.0.0:8055'),(87,'create','f971a3ff-ee87-4508-b5fd-ee6ebcb8b17f','2023-01-24 12:16:50','127.0.0.1','Mozilla/5.0 (X11; Linux x86_64) AppleWebKit/537.36 (KHTML, like Gecko) Chrome/105.0.0.0 Safari/537.36','directus_fields','30',NULL,'http://0.0.0.0:8055'),(88,'create','f971a3ff-ee87-4508-b5fd-ee6ebcb8b17f','2023-01-24 12:16:50','127.0.0.1','Mozilla/5.0 (X11; Linux x86_64) AppleWebKit/537.36 (KHTML, like Gecko) Chrome/105.0.0.0 Safari/537.36','directus_collections','Commande_Produits',NULL,'http://0.0.0.0:8055'),(89,'create','f971a3ff-ee87-4508-b5fd-ee6ebcb8b17f','2023-01-24 12:16:50','127.0.0.1','Mozilla/5.0 (X11; Linux x86_64) AppleWebKit/537.36 (KHTML, like Gecko) Chrome/105.0.0.0 Safari/537.36','directus_fields','31',NULL,'http://0.0.0.0:8055'),(90,'create','f971a3ff-ee87-4508-b5fd-ee6ebcb8b17f','2023-01-24 12:16:50','127.0.0.1','Mozilla/5.0 (X11; Linux x86_64) AppleWebKit/537.36 (KHTML, like Gecko) Chrome/105.0.0.0 Safari/537.36','directus_fields','32',NULL,'http://0.0.0.0:8055'),(91,'update','f971a3ff-ee87-4508-b5fd-ee6ebcb8b17f','2023-01-24 12:16:56','127.0.0.1','Mozilla/5.0 (X11; Linux x86_64) AppleWebKit/537.36 (KHTML, like Gecko) Chrome/105.0.0.0 Safari/537.36','directus_collections','Commande_Produits',NULL,'http://0.0.0.0:8055'),(92,'delete','f971a3ff-ee87-4508-b5fd-ee6ebcb8b17f','2023-01-24 12:17:25','127.0.0.1','Mozilla/5.0 (X11; Linux x86_64) AppleWebKit/537.36 (KHTML, like Gecko) Chrome/105.0.0.0 Safari/537.36','directus_collections','Commande_Produits',NULL,'http://0.0.0.0:8055'),(93,'create','f971a3ff-ee87-4508-b5fd-ee6ebcb8b17f','2023-01-24 12:17:48','127.0.0.1','Mozilla/5.0 (X11; Linux x86_64) AppleWebKit/537.36 (KHTML, like Gecko) Chrome/105.0.0.0 Safari/537.36','directus_fields','33',NULL,'http://0.0.0.0:8055'),(94,'delete','f971a3ff-ee87-4508-b5fd-ee6ebcb8b17f','2023-01-24 12:18:03','127.0.0.1','Mozilla/5.0 (X11; Linux x86_64) AppleWebKit/537.36 (KHTML, like Gecko) Chrome/105.0.0.0 Safari/537.36','Commande','2',NULL,'http://0.0.0.0:8055'),(95,'delete','f971a3ff-ee87-4508-b5fd-ee6ebcb8b17f','2023-01-24 12:18:03','127.0.0.1','Mozilla/5.0 (X11; Linux x86_64) AppleWebKit/537.36 (KHTML, like Gecko) Chrome/105.0.0.0 Safari/537.36','Commande','3',NULL,'http://0.0.0.0:8055'),(96,'delete','f971a3ff-ee87-4508-b5fd-ee6ebcb8b17f','2023-01-24 12:18:03','127.0.0.1','Mozilla/5.0 (X11; Linux x86_64) AppleWebKit/537.36 (KHTML, like Gecko) Chrome/105.0.0.0 Safari/537.36','Commande','4',NULL,'http://0.0.0.0:8055'),(97,'create','f971a3ff-ee87-4508-b5fd-ee6ebcb8b17f','2023-01-24 12:27:14','127.0.0.1','Mozilla/5.0 (X11; Linux x86_64) AppleWebKit/537.36 (KHTML, like Gecko) Chrome/105.0.0.0 Safari/537.36','directus_fields','34',NULL,'http://0.0.0.0:8055'),(98,'create','f971a3ff-ee87-4508-b5fd-ee6ebcb8b17f','2023-01-24 12:30:29','127.0.0.1','Mozilla/5.0 (X11; Linux x86_64) AppleWebKit/537.36 (KHTML, like Gecko) Chrome/105.0.0.0 Safari/537.36','Produits','3',NULL,'http://0.0.0.0:8055'),(99,'create','f971a3ff-ee87-4508-b5fd-ee6ebcb8b17f','2023-01-24 12:30:59','127.0.0.1','Mozilla/5.0 (X11; Linux x86_64) AppleWebKit/537.36 (KHTML, like Gecko) Chrome/105.0.0.0 Safari/537.36','directus_fields','35',NULL,'http://0.0.0.0:8055'),(100,'create','f971a3ff-ee87-4508-b5fd-ee6ebcb8b17f','2023-01-24 12:30:59','127.0.0.1','Mozilla/5.0 (X11; Linux x86_64) AppleWebKit/537.36 (KHTML, like Gecko) Chrome/105.0.0.0 Safari/537.36','directus_collections','Produits_Comandes',NULL,'http://0.0.0.0:8055'),(101,'create','f971a3ff-ee87-4508-b5fd-ee6ebcb8b17f','2023-01-24 12:31:24','127.0.0.1','Mozilla/5.0 (X11; Linux x86_64) AppleWebKit/537.36 (KHTML, like Gecko) Chrome/105.0.0.0 Safari/537.36','directus_fields','36',NULL,'http://0.0.0.0:8055'),(102,'create','f971a3ff-ee87-4508-b5fd-ee6ebcb8b17f','2023-01-24 12:31:54','127.0.0.1','Mozilla/5.0 (X11; Linux x86_64) AppleWebKit/537.36 (KHTML, like Gecko) Chrome/105.0.0.0 Safari/537.36','directus_fields','37',NULL,'http://0.0.0.0:8055'),(103,'create','f971a3ff-ee87-4508-b5fd-ee6ebcb8b17f','2023-01-24 12:52:45','127.0.0.1','Mozilla/5.0 (X11; Linux x86_64) AppleWebKit/537.36 (KHTML, like Gecko) Chrome/105.0.0.0 Safari/537.36','directus_fields','38',NULL,'http://0.0.0.0:8055'),(104,'create','f971a3ff-ee87-4508-b5fd-ee6ebcb8b17f','2023-01-24 12:52:46','127.0.0.1','Mozilla/5.0 (X11; Linux x86_64) AppleWebKit/537.36 (KHTML, like Gecko) Chrome/105.0.0.0 Safari/537.36','directus_fields','39',NULL,'http://0.0.0.0:8055'),(105,'create','f971a3ff-ee87-4508-b5fd-ee6ebcb8b17f','2023-01-24 12:52:46','127.0.0.1','Mozilla/5.0 (X11; Linux x86_64) AppleWebKit/537.36 (KHTML, like Gecko) Chrome/105.0.0.0 Safari/537.36','directus_collections','Produits_Commande',NULL,'http://0.0.0.0:8055'),(106,'create','f971a3ff-ee87-4508-b5fd-ee6ebcb8b17f','2023-01-24 12:52:46','127.0.0.1','Mozilla/5.0 (X11; Linux x86_64) AppleWebKit/537.36 (KHTML, like Gecko) Chrome/105.0.0.0 Safari/537.36','directus_fields','40',NULL,'http://0.0.0.0:8055'),(107,'create','f971a3ff-ee87-4508-b5fd-ee6ebcb8b17f','2023-01-24 12:52:46','127.0.0.1','Mozilla/5.0 (X11; Linux x86_64) AppleWebKit/537.36 (KHTML, like Gecko) Chrome/105.0.0.0 Safari/537.36','directus_fields','41',NULL,'http://0.0.0.0:8055'),(108,'delete','f971a3ff-ee87-4508-b5fd-ee6ebcb8b17f','2023-01-24 12:53:23','127.0.0.1','Mozilla/5.0 (X11; Linux x86_64) AppleWebKit/537.36 (KHTML, like Gecko) Chrome/105.0.0.0 Safari/537.36','directus_collections','Produits_Commande',NULL,'http://0.0.0.0:8055'),(109,'delete','f971a3ff-ee87-4508-b5fd-ee6ebcb8b17f','2023-01-24 12:53:26','127.0.0.1','Mozilla/5.0 (X11; Linux x86_64) AppleWebKit/537.36 (KHTML, like Gecko) Chrome/105.0.0.0 Safari/537.36','directus_collections','Produits_Comandes',NULL,'http://0.0.0.0:8055'),(110,'create','f971a3ff-ee87-4508-b5fd-ee6ebcb8b17f','2023-01-24 12:56:45','127.0.0.1','Mozilla/5.0 (X11; Linux x86_64) AppleWebKit/537.36 (KHTML, like Gecko) Chrome/105.0.0.0 Safari/537.36','directus_fields','42',NULL,'http://0.0.0.0:8055'),(111,'create','f971a3ff-ee87-4508-b5fd-ee6ebcb8b17f','2023-01-24 12:56:45','127.0.0.1','Mozilla/5.0 (X11; Linux x86_64) AppleWebKit/537.36 (KHTML, like Gecko) Chrome/105.0.0.0 Safari/537.36','directus_fields','43',NULL,'http://0.0.0.0:8055'),(112,'create','f971a3ff-ee87-4508-b5fd-ee6ebcb8b17f','2023-01-24 12:56:45','127.0.0.1','Mozilla/5.0 (X11; Linux x86_64) AppleWebKit/537.36 (KHTML, like Gecko) Chrome/105.0.0.0 Safari/537.36','directus_collections','Produits_Test',NULL,'http://0.0.0.0:8055'),(113,'create','f971a3ff-ee87-4508-b5fd-ee6ebcb8b17f','2023-01-24 12:56:45','127.0.0.1','Mozilla/5.0 (X11; Linux x86_64) AppleWebKit/537.36 (KHTML, like Gecko) Chrome/105.0.0.0 Safari/537.36','directus_fields','44',NULL,'http://0.0.0.0:8055'),(114,'create','f971a3ff-ee87-4508-b5fd-ee6ebcb8b17f','2023-01-24 12:56:45','127.0.0.1','Mozilla/5.0 (X11; Linux x86_64) AppleWebKit/537.36 (KHTML, like Gecko) Chrome/105.0.0.0 Safari/537.36','directus_fields','45',NULL,'http://0.0.0.0:8055'),(115,'create','f971a3ff-ee87-4508-b5fd-ee6ebcb8b17f','2023-01-24 12:56:45','127.0.0.1','Mozilla/5.0 (X11; Linux x86_64) AppleWebKit/537.36 (KHTML, like Gecko) Chrome/105.0.0.0 Safari/537.36','directus_fields','46',NULL,'http://0.0.0.0:8055'),(116,'delete','f971a3ff-ee87-4508-b5fd-ee6ebcb8b17f','2023-01-24 12:57:17','127.0.0.1','Mozilla/5.0 (X11; Linux x86_64) AppleWebKit/537.36 (KHTML, like Gecko) Chrome/105.0.0.0 Safari/537.36','directus_collections','Produits_Test',NULL,'http://0.0.0.0:8055'),(117,'create','f971a3ff-ee87-4508-b5fd-ee6ebcb8b17f','2023-01-24 12:58:37','127.0.0.1','Mozilla/5.0 (X11; Linux x86_64) AppleWebKit/537.36 (KHTML, like Gecko) Chrome/105.0.0.0 Safari/537.36','directus_fields','47',NULL,'http://0.0.0.0:8055'),(118,'create','f971a3ff-ee87-4508-b5fd-ee6ebcb8b17f','2023-01-24 12:59:28','127.0.0.1','Mozilla/5.0 (X11; Linux x86_64) AppleWebKit/537.36 (KHTML, like Gecko) Chrome/105.0.0.0 Safari/537.36','directus_fields','48',NULL,'http://0.0.0.0:8055'),(119,'create','f971a3ff-ee87-4508-b5fd-ee6ebcb8b17f','2023-01-24 12:59:28','127.0.0.1','Mozilla/5.0 (X11; Linux x86_64) AppleWebKit/537.36 (KHTML, like Gecko) Chrome/105.0.0.0 Safari/537.36','directus_fields','49',NULL,'http://0.0.0.0:8055'),(120,'create','f971a3ff-ee87-4508-b5fd-ee6ebcb8b17f','2023-01-24 12:59:28','127.0.0.1','Mozilla/5.0 (X11; Linux x86_64) AppleWebKit/537.36 (KHTML, like Gecko) Chrome/105.0.0.0 Safari/537.36','directus_collections','Commande_Produits',NULL,'http://0.0.0.0:8055'),(121,'create','f971a3ff-ee87-4508-b5fd-ee6ebcb8b17f','2023-01-24 12:59:28','127.0.0.1','Mozilla/5.0 (X11; Linux x86_64) AppleWebKit/537.36 (KHTML, like Gecko) Chrome/105.0.0.0 Safari/537.36','directus_fields','50',NULL,'http://0.0.0.0:8055'),(122,'create','f971a3ff-ee87-4508-b5fd-ee6ebcb8b17f','2023-01-24 12:59:28','127.0.0.1','Mozilla/5.0 (X11; Linux x86_64) AppleWebKit/537.36 (KHTML, like Gecko) Chrome/105.0.0.0 Safari/537.36','directus_fields','51',NULL,'http://0.0.0.0:8055'),(123,'delete','f971a3ff-ee87-4508-b5fd-ee6ebcb8b17f','2023-01-24 12:59:50','127.0.0.1','Mozilla/5.0 (X11; Linux x86_64) AppleWebKit/537.36 (KHTML, like Gecko) Chrome/105.0.0.0 Safari/537.36','Produits','1',NULL,'http://0.0.0.0:8055'),(124,'delete','f971a3ff-ee87-4508-b5fd-ee6ebcb8b17f','2023-01-24 12:59:50','127.0.0.1','Mozilla/5.0 (X11; Linux x86_64) AppleWebKit/537.36 (KHTML, like Gecko) Chrome/105.0.0.0 Safari/537.36','Produits','2',NULL,'http://0.0.0.0:8055'),(125,'delete','f971a3ff-ee87-4508-b5fd-ee6ebcb8b17f','2023-01-24 12:59:50','127.0.0.1','Mozilla/5.0 (X11; Linux x86_64) AppleWebKit/537.36 (KHTML, like Gecko) Chrome/105.0.0.0 Safari/537.36','Produits','3',NULL,'http://0.0.0.0:8055'),(126,'create','f971a3ff-ee87-4508-b5fd-ee6ebcb8b17f','2023-01-24 13:00:09','127.0.0.1','Mozilla/5.0 (X11; Linux x86_64) AppleWebKit/537.36 (KHTML, like Gecko) Chrome/105.0.0.0 Safari/537.36','Produits','4',NULL,'http://0.0.0.0:8055'),(127,'update','f971a3ff-ee87-4508-b5fd-ee6ebcb8b17f','2023-01-24 13:00:23','127.0.0.1','Mozilla/5.0 (X11; Linux x86_64) AppleWebKit/537.36 (KHTML, like Gecko) Chrome/105.0.0.0 Safari/537.36','directus_fields','47',NULL,'http://0.0.0.0:8055'),(128,'update','f971a3ff-ee87-4508-b5fd-ee6ebcb8b17f','2023-01-24 13:00:23','127.0.0.1','Mozilla/5.0 (X11; Linux x86_64) AppleWebKit/537.36 (KHTML, like Gecko) Chrome/105.0.0.0 Safari/537.36','directus_fields','1',NULL,'http://0.0.0.0:8055'),(129,'update','f971a3ff-ee87-4508-b5fd-ee6ebcb8b17f','2023-01-24 13:00:23','127.0.0.1','Mozilla/5.0 (X11; Linux x86_64) AppleWebKit/537.36 (KHTML, like Gecko) Chrome/105.0.0.0 Safari/537.36','directus_fields','3',NULL,'http://0.0.0.0:8055'),(130,'update','f971a3ff-ee87-4508-b5fd-ee6ebcb8b17f','2023-01-24 13:00:23','127.0.0.1','Mozilla/5.0 (X11; Linux x86_64) AppleWebKit/537.36 (KHTML, like Gecko) Chrome/105.0.0.0 Safari/537.36','directus_fields','4',NULL,'http://0.0.0.0:8055'),(131,'update','f971a3ff-ee87-4508-b5fd-ee6ebcb8b17f','2023-01-24 13:00:23','127.0.0.1','Mozilla/5.0 (X11; Linux x86_64) AppleWebKit/537.36 (KHTML, like Gecko) Chrome/105.0.0.0 Safari/537.36','directus_fields','7',NULL,'http://0.0.0.0:8055'),(132,'update','f971a3ff-ee87-4508-b5fd-ee6ebcb8b17f','2023-01-24 13:00:26','127.0.0.1','Mozilla/5.0 (X11; Linux x86_64) AppleWebKit/537.36 (KHTML, like Gecko) Chrome/105.0.0.0 Safari/537.36','directus_fields','47',NULL,'http://0.0.0.0:8055'),(133,'update','f971a3ff-ee87-4508-b5fd-ee6ebcb8b17f','2023-01-24 13:00:26','127.0.0.1','Mozilla/5.0 (X11; Linux x86_64) AppleWebKit/537.36 (KHTML, like Gecko) Chrome/105.0.0.0 Safari/537.36','directus_fields','3',NULL,'http://0.0.0.0:8055'),(134,'update','f971a3ff-ee87-4508-b5fd-ee6ebcb8b17f','2023-01-24 13:00:26','127.0.0.1','Mozilla/5.0 (X11; Linux x86_64) AppleWebKit/537.36 (KHTML, like Gecko) Chrome/105.0.0.0 Safari/537.36','directus_fields','4',NULL,'http://0.0.0.0:8055'),(135,'update','f971a3ff-ee87-4508-b5fd-ee6ebcb8b17f','2023-01-24 13:00:26','127.0.0.1','Mozilla/5.0 (X11; Linux x86_64) AppleWebKit/537.36 (KHTML, like Gecko) Chrome/105.0.0.0 Safari/537.36','directus_fields','7',NULL,'http://0.0.0.0:8055'),(136,'update','f971a3ff-ee87-4508-b5fd-ee6ebcb8b17f','2023-01-24 13:00:26','127.0.0.1','Mozilla/5.0 (X11; Linux x86_64) AppleWebKit/537.36 (KHTML, like Gecko) Chrome/105.0.0.0 Safari/537.36','directus_fields','1',NULL,'http://0.0.0.0:8055'),(137,'delete','f971a3ff-ee87-4508-b5fd-ee6ebcb8b17f','2023-01-24 13:00:36','127.0.0.1','Mozilla/5.0 (X11; Linux x86_64) AppleWebKit/537.36 (KHTML, like Gecko) Chrome/105.0.0.0 Safari/537.36','Produits','4',NULL,'http://0.0.0.0:8055'),(138,'create','f971a3ff-ee87-4508-b5fd-ee6ebcb8b17f','2023-01-24 13:00:55','127.0.0.1','Mozilla/5.0 (X11; Linux x86_64) AppleWebKit/537.36 (KHTML, like Gecko) Chrome/105.0.0.0 Safari/537.36','Produits','5',NULL,'http://0.0.0.0:8055'),(140,'create','f971a3ff-ee87-4508-b5fd-ee6ebcb8b17f','2023-01-24 13:02:19','127.0.0.1','Mozilla/5.0 (X11; Linux x86_64) AppleWebKit/537.36 (KHTML, like Gecko) Chrome/105.0.0.0 Safari/537.36','Commande','5',NULL,'http://0.0.0.0:8055'),(141,'update','f971a3ff-ee87-4508-b5fd-ee6ebcb8b17f','2023-01-24 13:02:58','127.0.0.1','Mozilla/5.0 (X11; Linux x86_64) AppleWebKit/537.36 (KHTML, like Gecko) Chrome/105.0.0.0 Safari/537.36','directus_fields','48',NULL,'http://0.0.0.0:8055'),(142,'update','f971a3ff-ee87-4508-b5fd-ee6ebcb8b17f','2023-01-24 13:03:43','127.0.0.1','Mozilla/5.0 (X11; Linux x86_64) AppleWebKit/537.36 (KHTML, like Gecko) Chrome/105.0.0.0 Safari/537.36','directus_fields','48',NULL,'http://0.0.0.0:8055'),(144,'create','f971a3ff-ee87-4508-b5fd-ee6ebcb8b17f','2023-01-24 13:04:00','127.0.0.1','Mozilla/5.0 (X11; Linux x86_64) AppleWebKit/537.36 (KHTML, like Gecko) Chrome/105.0.0.0 Safari/537.36','Commande','6',NULL,'http://0.0.0.0:8055'),(145,'create','f971a3ff-ee87-4508-b5fd-ee6ebcb8b17f','2023-01-24 13:09:21','127.0.0.1','Mozilla/5.0 (X11; Linux x86_64) AppleWebKit/537.36 (KHTML, like Gecko) Chrome/105.0.0.0 Safari/537.36','directus_fields','52',NULL,'http://0.0.0.0:8055'),(146,'update','f971a3ff-ee87-4508-b5fd-ee6ebcb8b17f','2023-01-24 13:09:40','127.0.0.1','Mozilla/5.0 (X11; Linux x86_64) AppleWebKit/537.36 (KHTML, like Gecko) Chrome/105.0.0.0 Safari/537.36','Produits','5',NULL,'http://0.0.0.0:8055'),(147,'update','f971a3ff-ee87-4508-b5fd-ee6ebcb8b17f','2023-01-24 13:20:31','127.0.0.1','Mozilla/5.0 (X11; Linux x86_64) AppleWebKit/537.36 (KHTML, like Gecko) Chrome/105.0.0.0 Safari/537.36','directus_fields','52',NULL,'http://0.0.0.0:8055'),(148,'update','f971a3ff-ee87-4508-b5fd-ee6ebcb8b17f','2023-01-24 13:21:03','127.0.0.1','Mozilla/5.0 (X11; Linux x86_64) AppleWebKit/537.36 (KHTML, like Gecko) Chrome/105.0.0.0 Safari/537.36','directus_fields','52',NULL,'http://0.0.0.0:8055'),(149,'update','f971a3ff-ee87-4508-b5fd-ee6ebcb8b17f','2023-01-24 13:21:33','127.0.0.1','Mozilla/5.0 (X11; Linux x86_64) AppleWebKit/537.36 (KHTML, like Gecko) Chrome/105.0.0.0 Safari/537.36','directus_fields','7',NULL,'http://0.0.0.0:8055'),(150,'create','f971a3ff-ee87-4508-b5fd-ee6ebcb8b17f','2023-01-24 13:23:34','127.0.0.1','Mozilla/5.0 (X11; Linux x86_64) AppleWebKit/537.36 (KHTML, like Gecko) Chrome/105.0.0.0 Safari/537.36','Produits','6',NULL,'http://0.0.0.0:8055'),(153,'create','f971a3ff-ee87-4508-b5fd-ee6ebcb8b17f','2023-01-24 13:30:45','127.0.0.1','Mozilla/5.0 (X11; Linux x86_64) AppleWebKit/537.36 (KHTML, like Gecko) Chrome/105.0.0.0 Safari/537.36','Commande','7',NULL,'http://0.0.0.0:8055'),(154,'update','f971a3ff-ee87-4508-b5fd-ee6ebcb8b17f','2023-01-24 13:31:23','127.0.0.1','Mozilla/5.0 (X11; Linux x86_64) AppleWebKit/537.36 (KHTML, like Gecko) Chrome/105.0.0.0 Safari/537.36','directus_fields','48',NULL,'http://0.0.0.0:8055'),(155,'update','f971a3ff-ee87-4508-b5fd-ee6ebcb8b17f','2023-01-24 13:31:56','127.0.0.1','Mozilla/5.0 (X11; Linux x86_64) AppleWebKit/537.36 (KHTML, like Gecko) Chrome/105.0.0.0 Safari/537.36','directus_fields','48',NULL,'http://0.0.0.0:8055'),(156,'update','f971a3ff-ee87-4508-b5fd-ee6ebcb8b17f','2023-01-24 13:32:31','127.0.0.1','Mozilla/5.0 (X11; Linux x86_64) AppleWebKit/537.36 (KHTML, like Gecko) Chrome/105.0.0.0 Safari/537.36','directus_fields','48',NULL,'http://0.0.0.0:8055'),(157,'update','f971a3ff-ee87-4508-b5fd-ee6ebcb8b17f','2023-01-24 13:33:07','127.0.0.1','Mozilla/5.0 (X11; Linux x86_64) AppleWebKit/537.36 (KHTML, like Gecko) Chrome/105.0.0.0 Safari/537.36','directus_fields','48',NULL,'http://0.0.0.0:8055'),(158,'update','f971a3ff-ee87-4508-b5fd-ee6ebcb8b17f','2023-01-24 13:34:31','127.0.0.1','Mozilla/5.0 (X11; Linux x86_64) AppleWebKit/537.36 (KHTML, like Gecko) Chrome/105.0.0.0 Safari/537.36','directus_fields','48',NULL,'http://0.0.0.0:8055'),(160,'update','f971a3ff-ee87-4508-b5fd-ee6ebcb8b17f','2023-01-24 13:34:54','127.0.0.1','Mozilla/5.0 (X11; Linux x86_64) AppleWebKit/537.36 (KHTML, like Gecko) Chrome/105.0.0.0 Safari/537.36','Commande','5',NULL,'http://0.0.0.0:8055'),(163,'update','f971a3ff-ee87-4508-b5fd-ee6ebcb8b17f','2023-01-24 13:35:07','127.0.0.1','Mozilla/5.0 (X11; Linux x86_64) AppleWebKit/537.36 (KHTML, like Gecko) Chrome/105.0.0.0 Safari/537.36','Commande','5',NULL,'http://0.0.0.0:8055'),(164,'create','f971a3ff-ee87-4508-b5fd-ee6ebcb8b17f','2023-01-24 13:39:41','127.0.0.1','Mozilla/5.0 (X11; Linux x86_64) AppleWebKit/537.36 (KHTML, like Gecko) Chrome/105.0.0.0 Safari/537.36','directus_fields','53',NULL,'http://0.0.0.0:8055'),(165,'update','f971a3ff-ee87-4508-b5fd-ee6ebcb8b17f','2023-01-24 13:41:27','127.0.0.1','Mozilla/5.0 (X11; Linux x86_64) AppleWebKit/537.36 (KHTML, like Gecko) Chrome/105.0.0.0 Safari/537.36','directus_collections','Commande_Produits',NULL,'http://0.0.0.0:8055'),(166,'update','f971a3ff-ee87-4508-b5fd-ee6ebcb8b17f','2023-01-24 13:41:47','127.0.0.1','Mozilla/5.0 (X11; Linux x86_64) AppleWebKit/537.36 (KHTML, like Gecko) Chrome/105.0.0.0 Safari/537.36','directus_fields','50',NULL,'http://0.0.0.0:8055'),(167,'update','f971a3ff-ee87-4508-b5fd-ee6ebcb8b17f','2023-01-24 13:41:49','127.0.0.1','Mozilla/5.0 (X11; Linux x86_64) AppleWebKit/537.36 (KHTML, like Gecko) Chrome/105.0.0.0 Safari/537.36','directus_fields','51',NULL,'http://0.0.0.0:8055'),(168,'update','f971a3ff-ee87-4508-b5fd-ee6ebcb8b17f','2023-01-24 13:41:51','127.0.0.1','Mozilla/5.0 (X11; Linux x86_64) AppleWebKit/537.36 (KHTML, like Gecko) Chrome/105.0.0.0 Safari/537.36','directus_fields','49',NULL,'http://0.0.0.0:8055'),(169,'create','f971a3ff-ee87-4508-b5fd-ee6ebcb8b17f','2023-01-24 13:42:53','127.0.0.1','Mozilla/5.0 (X11; Linux x86_64) AppleWebKit/537.36 (KHTML, like Gecko) Chrome/105.0.0.0 Safari/537.36','directus_fields','54',NULL,'http://0.0.0.0:8055'),(170,'update','f971a3ff-ee87-4508-b5fd-ee6ebcb8b17f','2023-01-24 13:43:15','127.0.0.1','Mozilla/5.0 (X11; Linux x86_64) AppleWebKit/537.36 (KHTML, like Gecko) Chrome/105.0.0.0 Safari/537.36','Commande','7',NULL,'http://0.0.0.0:8055'),(171,'update','f971a3ff-ee87-4508-b5fd-ee6ebcb8b17f','2023-01-24 13:43:22','127.0.0.1','Mozilla/5.0 (X11; Linux x86_64) AppleWebKit/537.36 (KHTML, like Gecko) Chrome/105.0.0.0 Safari/537.36','Commande','6',NULL,'http://0.0.0.0:8055'),(172,'update','f971a3ff-ee87-4508-b5fd-ee6ebcb8b17f','2023-01-24 13:43:29','127.0.0.1','Mozilla/5.0 (X11; Linux x86_64) AppleWebKit/537.36 (KHTML, like Gecko) Chrome/105.0.0.0 Safari/537.36','Commande','5',NULL,'http://0.0.0.0:8055'),(173,'update','f971a3ff-ee87-4508-b5fd-ee6ebcb8b17f','2023-01-24 13:43:51','127.0.0.1','Mozilla/5.0 (X11; Linux x86_64) AppleWebKit/537.36 (KHTML, like Gecko) Chrome/105.0.0.0 Safari/537.36','directus_fields','50',NULL,'http://0.0.0.0:8055'),(174,'update','f971a3ff-ee87-4508-b5fd-ee6ebcb8b17f','2023-01-24 13:44:04','127.0.0.1','Mozilla/5.0 (X11; Linux x86_64) AppleWebKit/537.36 (KHTML, like Gecko) Chrome/105.0.0.0 Safari/537.36','directus_fields','51',NULL,'http://0.0.0.0:8055'),(175,'delete','f971a3ff-ee87-4508-b5fd-ee6ebcb8b17f','2023-01-24 13:44:24','127.0.0.1','Mozilla/5.0 (X11; Linux x86_64) AppleWebKit/537.36 (KHTML, like Gecko) Chrome/105.0.0.0 Safari/537.36','Commande','7',NULL,'http://0.0.0.0:8055'),(176,'delete','f971a3ff-ee87-4508-b5fd-ee6ebcb8b17f','2023-01-24 13:44:24','127.0.0.1','Mozilla/5.0 (X11; Linux x86_64) AppleWebKit/537.36 (KHTML, like Gecko) Chrome/105.0.0.0 Safari/537.36','Commande','6',NULL,'http://0.0.0.0:8055'),(177,'delete','f971a3ff-ee87-4508-b5fd-ee6ebcb8b17f','2023-01-24 13:44:24','127.0.0.1','Mozilla/5.0 (X11; Linux x86_64) AppleWebKit/537.36 (KHTML, like Gecko) Chrome/105.0.0.0 Safari/537.36','Commande','5',NULL,'http://0.0.0.0:8055'),(186,'create','f971a3ff-ee87-4508-b5fd-ee6ebcb8b17f','2023-01-24 13:44:50','127.0.0.1','Mozilla/5.0 (X11; Linux x86_64) AppleWebKit/537.36 (KHTML, like Gecko) Chrome/105.0.0.0 Safari/537.36','Commande','8',NULL,'http://0.0.0.0:8055'),(187,'update','f971a3ff-ee87-4508-b5fd-ee6ebcb8b17f','2023-01-24 13:45:30','127.0.0.1','Mozilla/5.0 (X11; Linux x86_64) AppleWebKit/537.36 (KHTML, like Gecko) Chrome/105.0.0.0 Safari/537.36','directus_fields','50',NULL,'http://0.0.0.0:8055'),(188,'create','f971a3ff-ee87-4508-b5fd-ee6ebcb8b17f','2023-01-24 13:47:41','127.0.0.1','Mozilla/5.0 (X11; Linux x86_64) AppleWebKit/537.36 (KHTML, like Gecko) Chrome/105.0.0.0 Safari/537.36','directus_fields','55',NULL,'http://0.0.0.0:8055'),(189,'create','f971a3ff-ee87-4508-b5fd-ee6ebcb8b17f','2023-01-24 13:48:37','127.0.0.1','Mozilla/5.0 (X11; Linux x86_64) AppleWebKit/537.36 (KHTML, like Gecko) Chrome/105.0.0.0 Safari/537.36','directus_fields','56',NULL,'http://0.0.0.0:8055'),(190,'update','f971a3ff-ee87-4508-b5fd-ee6ebcb8b17f','2023-01-24 13:48:41','127.0.0.1','Mozilla/5.0 (X11; Linux x86_64) AppleWebKit/537.36 (KHTML, like Gecko) Chrome/105.0.0.0 Safari/537.36','directus_fields','54',NULL,'http://0.0.0.0:8055'),(191,'update','f971a3ff-ee87-4508-b5fd-ee6ebcb8b17f','2023-01-24 13:48:41','127.0.0.1','Mozilla/5.0 (X11; Linux x86_64) AppleWebKit/537.36 (KHTML, like Gecko) Chrome/105.0.0.0 Safari/537.36','directus_fields','19',NULL,'http://0.0.0.0:8055'),(192,'update','f971a3ff-ee87-4508-b5fd-ee6ebcb8b17f','2023-01-24 13:48:41','127.0.0.1','Mozilla/5.0 (X11; Linux x86_64) AppleWebKit/537.36 (KHTML, like Gecko) Chrome/105.0.0.0 Safari/537.36','directus_fields','28',NULL,'http://0.0.0.0:8055'),(193,'update','f971a3ff-ee87-4508-b5fd-ee6ebcb8b17f','2023-01-24 13:48:41','127.0.0.1','Mozilla/5.0 (X11; Linux x86_64) AppleWebKit/537.36 (KHTML, like Gecko) Chrome/105.0.0.0 Safari/537.36','directus_fields','20',NULL,'http://0.0.0.0:8055'),(194,'update','f971a3ff-ee87-4508-b5fd-ee6ebcb8b17f','2023-01-24 13:48:41','127.0.0.1','Mozilla/5.0 (X11; Linux x86_64) AppleWebKit/537.36 (KHTML, like Gecko) Chrome/105.0.0.0 Safari/537.36','directus_fields','48',NULL,'http://0.0.0.0:8055'),(195,'update','f971a3ff-ee87-4508-b5fd-ee6ebcb8b17f','2023-01-24 13:48:41','127.0.0.1','Mozilla/5.0 (X11; Linux x86_64) AppleWebKit/537.36 (KHTML, like Gecko) Chrome/105.0.0.0 Safari/537.36','directus_fields','56',NULL,'http://0.0.0.0:8055'),(196,'update','f971a3ff-ee87-4508-b5fd-ee6ebcb8b17f','2023-01-24 13:48:43','127.0.0.1','Mozilla/5.0 (X11; Linux x86_64) AppleWebKit/537.36 (KHTML, like Gecko) Chrome/105.0.0.0 Safari/537.36','directus_fields','19',NULL,'http://0.0.0.0:8055'),(197,'update','f971a3ff-ee87-4508-b5fd-ee6ebcb8b17f','2023-01-24 13:48:43','127.0.0.1','Mozilla/5.0 (X11; Linux x86_64) AppleWebKit/537.36 (KHTML, like Gecko) Chrome/105.0.0.0 Safari/537.36','directus_fields','28',NULL,'http://0.0.0.0:8055'),(198,'update','f971a3ff-ee87-4508-b5fd-ee6ebcb8b17f','2023-01-24 13:48:43','127.0.0.1','Mozilla/5.0 (X11; Linux x86_64) AppleWebKit/537.36 (KHTML, like Gecko) Chrome/105.0.0.0 Safari/537.36','directus_fields','20',NULL,'http://0.0.0.0:8055'),(199,'update','f971a3ff-ee87-4508-b5fd-ee6ebcb8b17f','2023-01-24 13:48:43','127.0.0.1','Mozilla/5.0 (X11; Linux x86_64) AppleWebKit/537.36 (KHTML, like Gecko) Chrome/105.0.0.0 Safari/537.36','directus_fields','48',NULL,'http://0.0.0.0:8055'),(200,'update','f971a3ff-ee87-4508-b5fd-ee6ebcb8b17f','2023-01-24 13:48:43','127.0.0.1','Mozilla/5.0 (X11; Linux x86_64) AppleWebKit/537.36 (KHTML, like Gecko) Chrome/105.0.0.0 Safari/537.36','directus_fields','54',NULL,'http://0.0.0.0:8055'),(201,'update','f971a3ff-ee87-4508-b5fd-ee6ebcb8b17f','2023-01-24 13:48:43','127.0.0.1','Mozilla/5.0 (X11; Linux x86_64) AppleWebKit/537.36 (KHTML, like Gecko) Chrome/105.0.0.0 Safari/537.36','directus_fields','56',NULL,'http://0.0.0.0:8055'),(202,'update','f971a3ff-ee87-4508-b5fd-ee6ebcb8b17f','2023-01-24 13:48:46','127.0.0.1','Mozilla/5.0 (X11; Linux x86_64) AppleWebKit/537.36 (KHTML, like Gecko) Chrome/105.0.0.0 Safari/537.36','directus_fields','19',NULL,'http://0.0.0.0:8055'),(203,'update','f971a3ff-ee87-4508-b5fd-ee6ebcb8b17f','2023-01-24 13:48:46','127.0.0.1','Mozilla/5.0 (X11; Linux x86_64) AppleWebKit/537.36 (KHTML, like Gecko) Chrome/105.0.0.0 Safari/537.36','directus_fields','48',NULL,'http://0.0.0.0:8055'),(204,'update','f971a3ff-ee87-4508-b5fd-ee6ebcb8b17f','2023-01-24 13:48:46','127.0.0.1','Mozilla/5.0 (X11; Linux x86_64) AppleWebKit/537.36 (KHTML, like Gecko) Chrome/105.0.0.0 Safari/537.36','directus_fields','28',NULL,'http://0.0.0.0:8055'),(205,'update','f971a3ff-ee87-4508-b5fd-ee6ebcb8b17f','2023-01-24 13:48:46','127.0.0.1','Mozilla/5.0 (X11; Linux x86_64) AppleWebKit/537.36 (KHTML, like Gecko) Chrome/105.0.0.0 Safari/537.36','directus_fields','20',NULL,'http://0.0.0.0:8055'),(206,'update','f971a3ff-ee87-4508-b5fd-ee6ebcb8b17f','2023-01-24 13:48:46','127.0.0.1','Mozilla/5.0 (X11; Linux x86_64) AppleWebKit/537.36 (KHTML, like Gecko) Chrome/105.0.0.0 Safari/537.36','directus_fields','54',NULL,'http://0.0.0.0:8055'),(207,'update','f971a3ff-ee87-4508-b5fd-ee6ebcb8b17f','2023-01-24 13:48:46','127.0.0.1','Mozilla/5.0 (X11; Linux x86_64) AppleWebKit/537.36 (KHTML, like Gecko) Chrome/105.0.0.0 Safari/537.36','directus_fields','56',NULL,'http://0.0.0.0:8055'),(208,'update','f971a3ff-ee87-4508-b5fd-ee6ebcb8b17f','2023-01-24 13:49:47','127.0.0.1','Mozilla/5.0 (X11; Linux x86_64) AppleWebKit/537.36 (KHTML, like Gecko) Chrome/105.0.0.0 Safari/537.36','directus_fields','48',NULL,'http://0.0.0.0:8055'),(209,'create','f971a3ff-ee87-4508-b5fd-ee6ebcb8b17f','2023-01-24 13:50:37','127.0.0.1','Mozilla/5.0 (X11; Linux x86_64) AppleWebKit/537.36 (KHTML, like Gecko) Chrome/105.0.0.0 Safari/537.36','directus_fields','57',NULL,'http://0.0.0.0:8055'),(210,'create','f971a3ff-ee87-4508-b5fd-ee6ebcb8b17f','2023-01-24 13:50:37','127.0.0.1','Mozilla/5.0 (X11; Linux x86_64) AppleWebKit/537.36 (KHTML, like Gecko) Chrome/105.0.0.0 Safari/537.36','directus_collections','Commande_Commande_Produits',NULL,'http://0.0.0.0:8055'),(211,'create','f971a3ff-ee87-4508-b5fd-ee6ebcb8b17f','2023-01-24 13:50:38','127.0.0.1','Mozilla/5.0 (X11; Linux x86_64) AppleWebKit/537.36 (KHTML, like Gecko) Chrome/105.0.0.0 Safari/537.36','directus_fields','58',NULL,'http://0.0.0.0:8055'),(212,'create','f971a3ff-ee87-4508-b5fd-ee6ebcb8b17f','2023-01-24 13:50:38','127.0.0.1','Mozilla/5.0 (X11; Linux x86_64) AppleWebKit/537.36 (KHTML, like Gecko) Chrome/105.0.0.0 Safari/537.36','directus_fields','59',NULL,'http://0.0.0.0:8055'),(213,'update','f971a3ff-ee87-4508-b5fd-ee6ebcb8b17f','2023-01-24 13:50:59','127.0.0.1','Mozilla/5.0 (X11; Linux x86_64) AppleWebKit/537.36 (KHTML, like Gecko) Chrome/105.0.0.0 Safari/537.36','directus_fields','19',NULL,'http://0.0.0.0:8055'),(214,'update','f971a3ff-ee87-4508-b5fd-ee6ebcb8b17f','2023-01-24 13:50:59','127.0.0.1','Mozilla/5.0 (X11; Linux x86_64) AppleWebKit/537.36 (KHTML, like Gecko) Chrome/105.0.0.0 Safari/537.36','directus_fields','28',NULL,'http://0.0.0.0:8055'),(215,'update','f971a3ff-ee87-4508-b5fd-ee6ebcb8b17f','2023-01-24 13:50:59','127.0.0.1','Mozilla/5.0 (X11; Linux x86_64) AppleWebKit/537.36 (KHTML, like Gecko) Chrome/105.0.0.0 Safari/537.36','directus_fields','20',NULL,'http://0.0.0.0:8055'),(216,'update','f971a3ff-ee87-4508-b5fd-ee6ebcb8b17f','2023-01-24 13:50:59','127.0.0.1','Mozilla/5.0 (X11; Linux x86_64) AppleWebKit/537.36 (KHTML, like Gecko) Chrome/105.0.0.0 Safari/537.36','directus_fields','54',NULL,'http://0.0.0.0:8055'),(217,'update','f971a3ff-ee87-4508-b5fd-ee6ebcb8b17f','2023-01-24 13:50:59','127.0.0.1','Mozilla/5.0 (X11; Linux x86_64) AppleWebKit/537.36 (KHTML, like Gecko) Chrome/105.0.0.0 Safari/537.36','directus_fields','48',NULL,'http://0.0.0.0:8055'),(218,'update','f971a3ff-ee87-4508-b5fd-ee6ebcb8b17f','2023-01-24 13:50:59','127.0.0.1','Mozilla/5.0 (X11; Linux x86_64) AppleWebKit/537.36 (KHTML, like Gecko) Chrome/105.0.0.0 Safari/537.36','directus_fields','56',NULL,'http://0.0.0.0:8055'),(219,'create','f971a3ff-ee87-4508-b5fd-ee6ebcb8b17f','2023-01-24 13:51:30','127.0.0.1','Mozilla/5.0 (X11; Linux x86_64) AppleWebKit/537.36 (KHTML, like Gecko) Chrome/105.0.0.0 Safari/537.36','directus_fields','60',NULL,'http://0.0.0.0:8055'),(220,'update','f971a3ff-ee87-4508-b5fd-ee6ebcb8b17f','2023-01-24 13:51:33','127.0.0.1','Mozilla/5.0 (X11; Linux x86_64) AppleWebKit/537.36 (KHTML, like Gecko) Chrome/105.0.0.0 Safari/537.36','directus_fields','19',NULL,'http://0.0.0.0:8055'),(221,'update','f971a3ff-ee87-4508-b5fd-ee6ebcb8b17f','2023-01-24 13:51:33','127.0.0.1','Mozilla/5.0 (X11; Linux x86_64) AppleWebKit/537.36 (KHTML, like Gecko) Chrome/105.0.0.0 Safari/537.36','directus_fields','48',NULL,'http://0.0.0.0:8055'),(222,'update','f971a3ff-ee87-4508-b5fd-ee6ebcb8b17f','2023-01-24 13:51:33','127.0.0.1','Mozilla/5.0 (X11; Linux x86_64) AppleWebKit/537.36 (KHTML, like Gecko) Chrome/105.0.0.0 Safari/537.36','directus_fields','28',NULL,'http://0.0.0.0:8055'),(223,'update','f971a3ff-ee87-4508-b5fd-ee6ebcb8b17f','2023-01-24 13:51:33','127.0.0.1','Mozilla/5.0 (X11; Linux x86_64) AppleWebKit/537.36 (KHTML, like Gecko) Chrome/105.0.0.0 Safari/537.36','directus_fields','20',NULL,'http://0.0.0.0:8055'),(224,'update','f971a3ff-ee87-4508-b5fd-ee6ebcb8b17f','2023-01-24 13:51:33','127.0.0.1','Mozilla/5.0 (X11; Linux x86_64) AppleWebKit/537.36 (KHTML, like Gecko) Chrome/105.0.0.0 Safari/537.36','directus_fields','54',NULL,'http://0.0.0.0:8055'),(225,'update','f971a3ff-ee87-4508-b5fd-ee6ebcb8b17f','2023-01-24 13:51:33','127.0.0.1','Mozilla/5.0 (X11; Linux x86_64) AppleWebKit/537.36 (KHTML, like Gecko) Chrome/105.0.0.0 Safari/537.36','directus_fields','60',NULL,'http://0.0.0.0:8055'),(226,'create','f971a3ff-ee87-4508-b5fd-ee6ebcb8b17f','2023-01-24 13:52:01','127.0.0.1','Mozilla/5.0 (X11; Linux x86_64) AppleWebKit/537.36 (KHTML, like Gecko) Chrome/105.0.0.0 Safari/537.36','directus_fields','61',NULL,'http://0.0.0.0:8055'),(227,'update','f971a3ff-ee87-4508-b5fd-ee6ebcb8b17f','2023-01-24 13:52:06','127.0.0.1','Mozilla/5.0 (X11; Linux x86_64) AppleWebKit/537.36 (KHTML, like Gecko) Chrome/105.0.0.0 Safari/537.36','directus_fields','61',NULL,'http://0.0.0.0:8055'),(228,'update','f971a3ff-ee87-4508-b5fd-ee6ebcb8b17f','2023-01-24 13:52:06','127.0.0.1','Mozilla/5.0 (X11; Linux x86_64) AppleWebKit/537.36 (KHTML, like Gecko) Chrome/105.0.0.0 Safari/537.36','directus_fields','19',NULL,'http://0.0.0.0:8055'),(229,'update','f971a3ff-ee87-4508-b5fd-ee6ebcb8b17f','2023-01-24 13:52:06','127.0.0.1','Mozilla/5.0 (X11; Linux x86_64) AppleWebKit/537.36 (KHTML, like Gecko) Chrome/105.0.0.0 Safari/537.36','directus_fields','48',NULL,'http://0.0.0.0:8055'),(230,'update','f971a3ff-ee87-4508-b5fd-ee6ebcb8b17f','2023-01-24 13:52:06','127.0.0.1','Mozilla/5.0 (X11; Linux x86_64) AppleWebKit/537.36 (KHTML, like Gecko) Chrome/105.0.0.0 Safari/537.36','directus_fields','28',NULL,'http://0.0.0.0:8055'),(231,'update','f971a3ff-ee87-4508-b5fd-ee6ebcb8b17f','2023-01-24 13:52:06','127.0.0.1','Mozilla/5.0 (X11; Linux x86_64) AppleWebKit/537.36 (KHTML, like Gecko) Chrome/105.0.0.0 Safari/537.36','directus_fields','20',NULL,'http://0.0.0.0:8055'),(232,'update','f971a3ff-ee87-4508-b5fd-ee6ebcb8b17f','2023-01-24 13:52:06','127.0.0.1','Mozilla/5.0 (X11; Linux x86_64) AppleWebKit/537.36 (KHTML, like Gecko) Chrome/105.0.0.0 Safari/537.36','directus_fields','54',NULL,'http://0.0.0.0:8055'),(233,'update','f971a3ff-ee87-4508-b5fd-ee6ebcb8b17f','2023-01-24 13:52:06','127.0.0.1','Mozilla/5.0 (X11; Linux x86_64) AppleWebKit/537.36 (KHTML, like Gecko) Chrome/105.0.0.0 Safari/537.36','directus_fields','60',NULL,'http://0.0.0.0:8055'),(234,'update','f971a3ff-ee87-4508-b5fd-ee6ebcb8b17f','2023-01-24 13:52:08','127.0.0.1','Mozilla/5.0 (X11; Linux x86_64) AppleWebKit/537.36 (KHTML, like Gecko) Chrome/105.0.0.0 Safari/537.36','directus_fields','61',NULL,'http://0.0.0.0:8055'),(235,'update','f971a3ff-ee87-4508-b5fd-ee6ebcb8b17f','2023-01-24 13:52:10','127.0.0.1','Mozilla/5.0 (X11; Linux x86_64) AppleWebKit/537.36 (KHTML, like Gecko) Chrome/105.0.0.0 Safari/537.36','directus_fields','48',NULL,'http://0.0.0.0:8055'),(236,'update','f971a3ff-ee87-4508-b5fd-ee6ebcb8b17f','2023-01-24 13:52:10','127.0.0.1','Mozilla/5.0 (X11; Linux x86_64) AppleWebKit/537.36 (KHTML, like Gecko) Chrome/105.0.0.0 Safari/537.36','directus_fields','61',NULL,'http://0.0.0.0:8055'),(237,'delete','f971a3ff-ee87-4508-b5fd-ee6ebcb8b17f','2023-01-24 13:52:34','127.0.0.1','Mozilla/5.0 (X11; Linux x86_64) AppleWebKit/537.36 (KHTML, like Gecko) Chrome/105.0.0.0 Safari/537.36','directus_collections','Commande_Commande_Produits',NULL,'http://0.0.0.0:8055'),(240,'delete','f971a3ff-ee87-4508-b5fd-ee6ebcb8b17f','2023-01-24 13:52:46','127.0.0.1','Mozilla/5.0 (X11; Linux x86_64) AppleWebKit/537.36 (KHTML, like Gecko) Chrome/105.0.0.0 Safari/537.36','Commande','8',NULL,'http://0.0.0.0:8055'),(243,'create','f971a3ff-ee87-4508-b5fd-ee6ebcb8b17f','2023-01-24 13:53:25','127.0.0.1','Mozilla/5.0 (X11; Linux x86_64) AppleWebKit/537.36 (KHTML, like Gecko) Chrome/105.0.0.0 Safari/537.36','Commande','9',NULL,'http://0.0.0.0:8055'),(244,'create','f971a3ff-ee87-4508-b5fd-ee6ebcb8b17f','2023-01-24 13:54:36','127.0.0.1','Mozilla/5.0 (X11; Linux x86_64) AppleWebKit/537.36 (KHTML, like Gecko) Chrome/105.0.0.0 Safari/537.36','directus_fields','62',NULL,'http://0.0.0.0:8055'),(245,'update','f971a3ff-ee87-4508-b5fd-ee6ebcb8b17f','2023-01-24 13:54:39','127.0.0.1','Mozilla/5.0 (X11; Linux x86_64) AppleWebKit/537.36 (KHTML, like Gecko) Chrome/105.0.0.0 Safari/537.36','directus_fields','48',NULL,'http://0.0.0.0:8055'),(246,'update','f971a3ff-ee87-4508-b5fd-ee6ebcb8b17f','2023-01-24 13:54:39','127.0.0.1','Mozilla/5.0 (X11; Linux x86_64) AppleWebKit/537.36 (KHTML, like Gecko) Chrome/105.0.0.0 Safari/537.36','directus_fields','19',NULL,'http://0.0.0.0:8055'),(247,'update','f971a3ff-ee87-4508-b5fd-ee6ebcb8b17f','2023-01-24 13:54:39','127.0.0.1','Mozilla/5.0 (X11; Linux x86_64) AppleWebKit/537.36 (KHTML, like Gecko) Chrome/105.0.0.0 Safari/537.36','directus_fields','62',NULL,'http://0.0.0.0:8055'),(248,'update','f971a3ff-ee87-4508-b5fd-ee6ebcb8b17f','2023-01-24 13:54:39','127.0.0.1','Mozilla/5.0 (X11; Linux x86_64) AppleWebKit/537.36 (KHTML, like Gecko) Chrome/105.0.0.0 Safari/537.36','directus_fields','28',NULL,'http://0.0.0.0:8055'),(249,'update','f971a3ff-ee87-4508-b5fd-ee6ebcb8b17f','2023-01-24 13:54:39','127.0.0.1','Mozilla/5.0 (X11; Linux x86_64) AppleWebKit/537.36 (KHTML, like Gecko) Chrome/105.0.0.0 Safari/537.36','directus_fields','20',NULL,'http://0.0.0.0:8055'),(250,'update','f971a3ff-ee87-4508-b5fd-ee6ebcb8b17f','2023-01-24 13:54:40','127.0.0.1','Mozilla/5.0 (X11; Linux x86_64) AppleWebKit/537.36 (KHTML, like Gecko) Chrome/105.0.0.0 Safari/537.36','directus_fields','54',NULL,'http://0.0.0.0:8055'),(251,'update','f971a3ff-ee87-4508-b5fd-ee6ebcb8b17f','2023-01-24 13:54:40','127.0.0.1','Mozilla/5.0 (X11; Linux x86_64) AppleWebKit/537.36 (KHTML, like Gecko) Chrome/105.0.0.0 Safari/537.36','directus_fields','60',NULL,'http://0.0.0.0:8055'),(252,'update','f971a3ff-ee87-4508-b5fd-ee6ebcb8b17f','2023-01-24 13:54:41','127.0.0.1','Mozilla/5.0 (X11; Linux x86_64) AppleWebKit/537.36 (KHTML, like Gecko) Chrome/105.0.0.0 Safari/537.36','directus_fields','62',NULL,'http://0.0.0.0:8055'),(255,'create','f971a3ff-ee87-4508-b5fd-ee6ebcb8b17f','2023-01-24 13:55:07','127.0.0.1','Mozilla/5.0 (X11; Linux x86_64) AppleWebKit/537.36 (KHTML, like Gecko) Chrome/105.0.0.0 Safari/537.36','Commande','10',NULL,'http://0.0.0.0:8055'),(260,'update','f971a3ff-ee87-4508-b5fd-ee6ebcb8b17f','2023-01-24 14:21:48','127.0.0.1','Mozilla/5.0 (X11; Linux x86_64) AppleWebKit/537.36 (KHTML, like Gecko) Chrome/105.0.0.0 Safari/537.36','directus_fields','19',NULL,'http://0.0.0.0:8055'),(261,'update','f971a3ff-ee87-4508-b5fd-ee6ebcb8b17f','2023-01-24 14:21:48','127.0.0.1','Mozilla/5.0 (X11; Linux x86_64) AppleWebKit/537.36 (KHTML, like Gecko) Chrome/105.0.0.0 Safari/537.36','directus_fields','28',NULL,'http://0.0.0.0:8055'),(262,'update','f971a3ff-ee87-4508-b5fd-ee6ebcb8b17f','2023-01-24 14:21:49','127.0.0.1','Mozilla/5.0 (X11; Linux x86_64) AppleWebKit/537.36 (KHTML, like Gecko) Chrome/105.0.0.0 Safari/537.36','directus_fields','20',NULL,'http://0.0.0.0:8055'),(263,'update','f971a3ff-ee87-4508-b5fd-ee6ebcb8b17f','2023-01-24 14:21:49','127.0.0.1','Mozilla/5.0 (X11; Linux x86_64) AppleWebKit/537.36 (KHTML, like Gecko) Chrome/105.0.0.0 Safari/537.36','directus_fields','54',NULL,'http://0.0.0.0:8055'),(264,'update','f971a3ff-ee87-4508-b5fd-ee6ebcb8b17f','2023-01-24 14:21:49','127.0.0.1','Mozilla/5.0 (X11; Linux x86_64) AppleWebKit/537.36 (KHTML, like Gecko) Chrome/105.0.0.0 Safari/537.36','directus_fields','48',NULL,'http://0.0.0.0:8055'),(265,'update','f971a3ff-ee87-4508-b5fd-ee6ebcb8b17f','2023-01-24 14:21:49','127.0.0.1','Mozilla/5.0 (X11; Linux x86_64) AppleWebKit/537.36 (KHTML, like Gecko) Chrome/105.0.0.0 Safari/537.36','directus_fields','60',NULL,'http://0.0.0.0:8055'),(266,'create','f971a3ff-ee87-4508-b5fd-ee6ebcb8b17f','2023-01-24 14:22:40','127.0.0.1','Mozilla/5.0 (X11; Linux x86_64) AppleWebKit/537.36 (KHTML, like Gecko) Chrome/105.0.0.0 Safari/537.36','directus_fields','63',NULL,'http://0.0.0.0:8055'),(267,'create','f971a3ff-ee87-4508-b5fd-ee6ebcb8b17f','2023-01-24 14:22:40','127.0.0.1','Mozilla/5.0 (X11; Linux x86_64) AppleWebKit/537.36 (KHTML, like Gecko) Chrome/105.0.0.0 Safari/537.36','directus_fields','64',NULL,'http://0.0.0.0:8055'),(268,'create','f971a3ff-ee87-4508-b5fd-ee6ebcb8b17f','2023-01-24 14:22:40','127.0.0.1','Mozilla/5.0 (X11; Linux x86_64) AppleWebKit/537.36 (KHTML, like Gecko) Chrome/105.0.0.0 Safari/537.36','directus_collections','Commande_test',NULL,'http://0.0.0.0:8055'),(269,'create','f971a3ff-ee87-4508-b5fd-ee6ebcb8b17f','2023-01-24 14:22:40','127.0.0.1','Mozilla/5.0 (X11; Linux x86_64) AppleWebKit/537.36 (KHTML, like Gecko) Chrome/105.0.0.0 Safari/537.36','directus_fields','65',NULL,'http://0.0.0.0:8055'),(270,'create','f971a3ff-ee87-4508-b5fd-ee6ebcb8b17f','2023-01-24 14:22:41','127.0.0.1','Mozilla/5.0 (X11; Linux x86_64) AppleWebKit/537.36 (KHTML, like Gecko) Chrome/105.0.0.0 Safari/537.36','directus_fields','66',NULL,'http://0.0.0.0:8055'),(271,'create','f971a3ff-ee87-4508-b5fd-ee6ebcb8b17f','2023-01-24 14:22:41','127.0.0.1','Mozilla/5.0 (X11; Linux x86_64) AppleWebKit/537.36 (KHTML, like Gecko) Chrome/105.0.0.0 Safari/537.36','directus_fields','67',NULL,'http://0.0.0.0:8055'),(272,'delete','f971a3ff-ee87-4508-b5fd-ee6ebcb8b17f','2023-01-24 14:23:38','127.0.0.1','Mozilla/5.0 (X11; Linux x86_64) AppleWebKit/537.36 (KHTML, like Gecko) Chrome/105.0.0.0 Safari/537.36','directus_collections','Commande_test',NULL,'http://0.0.0.0:8055'),(273,'update','f971a3ff-ee87-4508-b5fd-ee6ebcb8b17f','2023-01-24 16:23:32','127.0.0.1','Mozilla/5.0 (X11; Linux x86_64) AppleWebKit/537.36 (KHTML, like Gecko) Chrome/105.0.0.0 Safari/537.36','directus_users','f971a3ff-ee87-4508-b5fd-ee6ebcb8b17f',NULL,'http://0.0.0.0:8055'),(274,'update','f971a3ff-ee87-4508-b5fd-ee6ebcb8b17f','2023-01-24 16:27:09','127.0.0.1','Mozilla/5.0 (X11; Linux x86_64) AppleWebKit/537.36 (KHTML, like Gecko) Chrome/105.0.0.0 Safari/537.36','directus_collections','Produits',NULL,'http://0.0.0.0:8055'),(275,'update','f971a3ff-ee87-4508-b5fd-ee6ebcb8b17f','2023-01-24 16:27:09','127.0.0.1','Mozilla/5.0 (X11; Linux x86_64) AppleWebKit/537.36 (KHTML, like Gecko) Chrome/105.0.0.0 Safari/537.36','directus_collections','Categorie',NULL,'http://0.0.0.0:8055'),(276,'update','f971a3ff-ee87-4508-b5fd-ee6ebcb8b17f','2023-01-24 16:27:09','127.0.0.1','Mozilla/5.0 (X11; Linux x86_64) AppleWebKit/537.36 (KHTML, like Gecko) Chrome/105.0.0.0 Safari/537.36','directus_collections','Commande',NULL,'http://0.0.0.0:8055'),(277,'update','f971a3ff-ee87-4508-b5fd-ee6ebcb8b17f','2023-01-24 16:27:09','127.0.0.1','Mozilla/5.0 (X11; Linux x86_64) AppleWebKit/537.36 (KHTML, like Gecko) Chrome/105.0.0.0 Safari/537.36','directus_collections','Commande_Produits',NULL,'http://0.0.0.0:8055'),(278,'update','f971a3ff-ee87-4508-b5fd-ee6ebcb8b17f','2023-01-24 16:27:15','127.0.0.1','Mozilla/5.0 (X11; Linux x86_64) AppleWebKit/537.36 (KHTML, like Gecko) Chrome/105.0.0.0 Safari/537.36','directus_collections','Categorie',NULL,'http://0.0.0.0:8055'),(279,'update','f971a3ff-ee87-4508-b5fd-ee6ebcb8b17f','2023-01-24 16:27:15','127.0.0.1','Mozilla/5.0 (X11; Linux x86_64) AppleWebKit/537.36 (KHTML, like Gecko) Chrome/105.0.0.0 Safari/537.36','directus_collections','Commande',NULL,'http://0.0.0.0:8055'),(280,'update','f971a3ff-ee87-4508-b5fd-ee6ebcb8b17f','2023-01-24 16:27:15','127.0.0.1','Mozilla/5.0 (X11; Linux x86_64) AppleWebKit/537.36 (KHTML, like Gecko) Chrome/105.0.0.0 Safari/537.36','directus_collections','Produits',NULL,'http://0.0.0.0:8055'),(281,'update','f971a3ff-ee87-4508-b5fd-ee6ebcb8b17f','2023-01-24 16:27:15','127.0.0.1','Mozilla/5.0 (X11; Linux x86_64) AppleWebKit/537.36 (KHTML, like Gecko) Chrome/105.0.0.0 Safari/537.36','directus_collections','Commande_Produits',NULL,'http://0.0.0.0:8055'),(282,'create','f971a3ff-ee87-4508-b5fd-ee6ebcb8b17f','2023-01-24 16:31:44','127.0.0.1','Mozilla/5.0 (X11; Linux x86_64) AppleWebKit/537.36 (KHTML, like Gecko) Chrome/105.0.0.0 Safari/537.36','directus_fields','68',NULL,'http://0.0.0.0:8055'),(283,'create','f971a3ff-ee87-4508-b5fd-ee6ebcb8b17f','2023-01-24 16:31:44','127.0.0.1','Mozilla/5.0 (X11; Linux x86_64) AppleWebKit/537.36 (KHTML, like Gecko) Chrome/105.0.0.0 Safari/537.36','directus_fields','69',NULL,'http://0.0.0.0:8055'),(284,'create','f971a3ff-ee87-4508-b5fd-ee6ebcb8b17f','2023-01-24 16:31:44','127.0.0.1','Mozilla/5.0 (X11; Linux x86_64) AppleWebKit/537.36 (KHTML, like Gecko) Chrome/105.0.0.0 Safari/537.36','directus_collections','Test',NULL,'http://0.0.0.0:8055'),(285,'create','f971a3ff-ee87-4508-b5fd-ee6ebcb8b17f','2023-01-24 16:31:44','127.0.0.1','Mozilla/5.0 (X11; Linux x86_64) AppleWebKit/537.36 (KHTML, like Gecko) Chrome/105.0.0.0 Safari/537.36','directus_fields','70',NULL,'http://0.0.0.0:8055'),(286,'update','f971a3ff-ee87-4508-b5fd-ee6ebcb8b17f','2023-01-24 16:32:06','127.0.0.1','Mozilla/5.0 (X11; Linux x86_64) AppleWebKit/537.36 (KHTML, like Gecko) Chrome/105.0.0.0 Safari/537.36','directus_collections','Categorie',NULL,'http://0.0.0.0:8055'),(287,'update','f971a3ff-ee87-4508-b5fd-ee6ebcb8b17f','2023-01-24 16:32:06','127.0.0.1','Mozilla/5.0 (X11; Linux x86_64) AppleWebKit/537.36 (KHTML, like Gecko) Chrome/105.0.0.0 Safari/537.36','directus_collections','Produits',NULL,'http://0.0.0.0:8055'),(288,'update','f971a3ff-ee87-4508-b5fd-ee6ebcb8b17f','2023-01-24 16:32:06','127.0.0.1','Mozilla/5.0 (X11; Linux x86_64) AppleWebKit/537.36 (KHTML, like Gecko) Chrome/105.0.0.0 Safari/537.36','directus_collections','Commande',NULL,'http://0.0.0.0:8055'),(289,'update','f971a3ff-ee87-4508-b5fd-ee6ebcb8b17f','2023-01-24 16:32:06','127.0.0.1','Mozilla/5.0 (X11; Linux x86_64) AppleWebKit/537.36 (KHTML, like Gecko) Chrome/105.0.0.0 Safari/537.36','directus_collections','Commande_Produits',NULL,'http://0.0.0.0:8055'),(290,'update','f971a3ff-ee87-4508-b5fd-ee6ebcb8b17f','2023-01-24 16:32:06','127.0.0.1','Mozilla/5.0 (X11; Linux x86_64) AppleWebKit/537.36 (KHTML, like Gecko) Chrome/105.0.0.0 Safari/537.36','directus_collections','Test',NULL,'http://0.0.0.0:8055'),(291,'update','f971a3ff-ee87-4508-b5fd-ee6ebcb8b17f','2023-01-24 16:32:07','127.0.0.1','Mozilla/5.0 (X11; Linux x86_64) AppleWebKit/537.36 (KHTML, like Gecko) Chrome/105.0.0.0 Safari/537.36','directus_collections','Categorie',NULL,'http://0.0.0.0:8055'),(292,'update','f971a3ff-ee87-4508-b5fd-ee6ebcb8b17f','2023-01-24 16:32:07','127.0.0.1','Mozilla/5.0 (X11; Linux x86_64) AppleWebKit/537.36 (KHTML, like Gecko) Chrome/105.0.0.0 Safari/537.36','directus_collections','Commande',NULL,'http://0.0.0.0:8055'),(293,'update','f971a3ff-ee87-4508-b5fd-ee6ebcb8b17f','2023-01-24 16:32:07','127.0.0.1','Mozilla/5.0 (X11; Linux x86_64) AppleWebKit/537.36 (KHTML, like Gecko) Chrome/105.0.0.0 Safari/537.36','directus_collections','Produits',NULL,'http://0.0.0.0:8055'),(294,'update','f971a3ff-ee87-4508-b5fd-ee6ebcb8b17f','2023-01-24 16:32:07','127.0.0.1','Mozilla/5.0 (X11; Linux x86_64) AppleWebKit/537.36 (KHTML, like Gecko) Chrome/105.0.0.0 Safari/537.36','directus_collections','Commande_Produits',NULL,'http://0.0.0.0:8055'),(295,'update','f971a3ff-ee87-4508-b5fd-ee6ebcb8b17f','2023-01-24 16:32:07','127.0.0.1','Mozilla/5.0 (X11; Linux x86_64) AppleWebKit/537.36 (KHTML, like Gecko) Chrome/105.0.0.0 Safari/537.36','directus_collections','Test',NULL,'http://0.0.0.0:8055'),(296,'delete','f971a3ff-ee87-4508-b5fd-ee6ebcb8b17f','2023-01-24 16:34:20','127.0.0.1','Mozilla/5.0 (X11; Linux x86_64) AppleWebKit/537.36 (KHTML, like Gecko) Chrome/105.0.0.0 Safari/537.36','directus_collections','Test',NULL,'http://0.0.0.0:8055'),(297,'create','f971a3ff-ee87-4508-b5fd-ee6ebcb8b17f','2023-01-24 16:36:54','127.0.0.1','Mozilla/5.0 (X11; Linux x86_64) AppleWebKit/537.36 (KHTML, like Gecko) Chrome/105.0.0.0 Safari/537.36','directus_fields','71',NULL,'http://0.0.0.0:8055'),(298,'create','f971a3ff-ee87-4508-b5fd-ee6ebcb8b17f','2023-01-24 16:37:37','127.0.0.1','Mozilla/5.0 (X11; Linux x86_64) AppleWebKit/537.36 (KHTML, like Gecko) Chrome/105.0.0.0 Safari/537.36','directus_fields','72',NULL,'http://0.0.0.0:8055'),(299,'create','f971a3ff-ee87-4508-b5fd-ee6ebcb8b17f','2023-01-24 16:37:37','127.0.0.1','Mozilla/5.0 (X11; Linux x86_64) AppleWebKit/537.36 (KHTML, like Gecko) Chrome/105.0.0.0 Safari/537.36','directus_fields','73',NULL,'http://0.0.0.0:8055'),(300,'update','f971a3ff-ee87-4508-b5fd-ee6ebcb8b17f','2023-01-24 16:37:59','127.0.0.1','Mozilla/5.0 (X11; Linux x86_64) AppleWebKit/537.36 (KHTML, like Gecko) Chrome/105.0.0.0 Safari/537.36','directus_fields','73',NULL,'http://0.0.0.0:8055'),(301,'delete','f971a3ff-ee87-4508-b5fd-ee6ebcb8b17f','2023-01-24 16:39:29','127.0.0.1','Mozilla/5.0 (X11; Linux x86_64) AppleWebKit/537.36 (KHTML, like Gecko) Chrome/105.0.0.0 Safari/537.36','directus_collections','Commande_Produits',NULL,'http://0.0.0.0:8055'),(302,'create','f971a3ff-ee87-4508-b5fd-ee6ebcb8b17f','2023-01-24 16:40:44','127.0.0.1','Mozilla/5.0 (X11; Linux x86_64) AppleWebKit/537.36 (KHTML, like Gecko) Chrome/105.0.0.0 Safari/537.36','directus_fields','74',NULL,'http://0.0.0.0:8055'),(303,'create','f971a3ff-ee87-4508-b5fd-ee6ebcb8b17f','2023-01-24 16:41:03','127.0.0.1','Mozilla/5.0 (X11; Linux x86_64) AppleWebKit/537.36 (KHTML, like Gecko) Chrome/105.0.0.0 Safari/537.36','Commande','11',NULL,'http://0.0.0.0:8055'),(304,'update','f971a3ff-ee87-4508-b5fd-ee6ebcb8b17f','2023-01-24 16:43:18','127.0.0.1','Mozilla/5.0 (X11; Linux x86_64) AppleWebKit/537.36 (KHTML, like Gecko) Chrome/105.0.0.0 Safari/537.36','directus_fields','1',NULL,'http://0.0.0.0:8055'),(305,'update','f971a3ff-ee87-4508-b5fd-ee6ebcb8b17f','2023-01-24 16:43:18','127.0.0.1','Mozilla/5.0 (X11; Linux x86_64) AppleWebKit/537.36 (KHTML, like Gecko) Chrome/105.0.0.0 Safari/537.36','directus_fields','47',NULL,'http://0.0.0.0:8055'),(306,'update','f971a3ff-ee87-4508-b5fd-ee6ebcb8b17f','2023-01-24 16:43:18','127.0.0.1','Mozilla/5.0 (X11; Linux x86_64) AppleWebKit/537.36 (KHTML, like Gecko) Chrome/105.0.0.0 Safari/537.36','directus_fields','3',NULL,'http://0.0.0.0:8055'),(307,'update','f971a3ff-ee87-4508-b5fd-ee6ebcb8b17f','2023-01-24 16:43:18','127.0.0.1','Mozilla/5.0 (X11; Linux x86_64) AppleWebKit/537.36 (KHTML, like Gecko) Chrome/105.0.0.0 Safari/537.36','directus_fields','4',NULL,'http://0.0.0.0:8055'),(308,'update','f971a3ff-ee87-4508-b5fd-ee6ebcb8b17f','2023-01-24 16:43:18','127.0.0.1','Mozilla/5.0 (X11; Linux x86_64) AppleWebKit/537.36 (KHTML, like Gecko) Chrome/105.0.0.0 Safari/537.36','directus_fields','7',NULL,'http://0.0.0.0:8055'),(309,'create','f971a3ff-ee87-4508-b5fd-ee6ebcb8b17f','2023-01-24 16:45:02','127.0.0.1','Mozilla/5.0 (X11; Linux x86_64) AppleWebKit/537.36 (KHTML, like Gecko) Chrome/105.0.0.0 Safari/537.36','directus_fields','75',NULL,'http://0.0.0.0:8055'),(310,'create','f971a3ff-ee87-4508-b5fd-ee6ebcb8b17f','2023-01-24 16:45:02','127.0.0.1','Mozilla/5.0 (X11; Linux x86_64) AppleWebKit/537.36 (KHTML, like Gecko) Chrome/105.0.0.0 Safari/537.36','directus_collections','Test_relationel',NULL,'http://0.0.0.0:8055'),(311,'delete','f971a3ff-ee87-4508-b5fd-ee6ebcb8b17f','2023-01-24 16:46:50','127.0.0.1','Mozilla/5.0 (X11; Linux x86_64) AppleWebKit/537.36 (KHTML, like Gecko) Chrome/105.0.0.0 Safari/537.36','directus_collections','Test_relationel',NULL,'http://0.0.0.0:8055'),(312,'create','f971a3ff-ee87-4508-b5fd-ee6ebcb8b17f','2023-01-24 16:47:03','127.0.0.1','Mozilla/5.0 (X11; Linux x86_64) AppleWebKit/537.36 (KHTML, like Gecko) Chrome/105.0.0.0 Safari/537.36','directus_fields','76',NULL,'http://0.0.0.0:8055'),(313,'create','f971a3ff-ee87-4508-b5fd-ee6ebcb8b17f','2023-01-24 16:47:03','127.0.0.1','Mozilla/5.0 (X11; Linux x86_64) AppleWebKit/537.36 (KHTML, like Gecko) Chrome/105.0.0.0 Safari/537.36','directus_collections','Commander',NULL,'http://0.0.0.0:8055'),(314,'update','f971a3ff-ee87-4508-b5fd-ee6ebcb8b17f','2023-01-24 16:47:28','127.0.0.1','Mozilla/5.0 (X11; Linux x86_64) AppleWebKit/537.36 (KHTML, like Gecko) Chrome/105.0.0.0 Safari/537.36','directus_collections','Commander',NULL,'http://0.0.0.0:8055'),(315,'update','f971a3ff-ee87-4508-b5fd-ee6ebcb8b17f','2023-01-24 16:47:28','127.0.0.1','Mozilla/5.0 (X11; Linux x86_64) AppleWebKit/537.36 (KHTML, like Gecko) Chrome/105.0.0.0 Safari/537.36','directus_collections','Categorie',NULL,'http://0.0.0.0:8055'),(316,'update','f971a3ff-ee87-4508-b5fd-ee6ebcb8b17f','2023-01-24 16:47:28','127.0.0.1','Mozilla/5.0 (X11; Linux x86_64) AppleWebKit/537.36 (KHTML, like Gecko) Chrome/105.0.0.0 Safari/537.36','directus_collections','Commande',NULL,'http://0.0.0.0:8055'),(317,'update','f971a3ff-ee87-4508-b5fd-ee6ebcb8b17f','2023-01-24 16:47:28','127.0.0.1','Mozilla/5.0 (X11; Linux x86_64) AppleWebKit/537.36 (KHTML, like Gecko) Chrome/105.0.0.0 Safari/537.36','directus_collections','Produits',NULL,'http://0.0.0.0:8055'),(318,'create','f971a3ff-ee87-4508-b5fd-ee6ebcb8b17f','2023-01-24 16:50:43','127.0.0.1','Mozilla/5.0 (X11; Linux x86_64) AppleWebKit/537.36 (KHTML, like Gecko) Chrome/105.0.0.0 Safari/537.36','directus_fields','77',NULL,'http://0.0.0.0:8055'),(319,'create','f971a3ff-ee87-4508-b5fd-ee6ebcb8b17f','2023-01-24 16:50:43','127.0.0.1','Mozilla/5.0 (X11; Linux x86_64) AppleWebKit/537.36 (KHTML, like Gecko) Chrome/105.0.0.0 Safari/537.36','directus_fields','78',NULL,'http://0.0.0.0:8055'),(320,'update','f971a3ff-ee87-4508-b5fd-ee6ebcb8b17f','2023-01-24 16:50:48','127.0.0.1','Mozilla/5.0 (X11; Linux x86_64) AppleWebKit/537.36 (KHTML, like Gecko) Chrome/105.0.0.0 Safari/537.36','directus_fields','1',NULL,'http://0.0.0.0:8055'),(321,'update','f971a3ff-ee87-4508-b5fd-ee6ebcb8b17f','2023-01-24 16:50:48','127.0.0.1','Mozilla/5.0 (X11; Linux x86_64) AppleWebKit/537.36 (KHTML, like Gecko) Chrome/105.0.0.0 Safari/537.36','directus_fields','77',NULL,'http://0.0.0.0:8055'),(322,'update','f971a3ff-ee87-4508-b5fd-ee6ebcb8b17f','2023-01-24 16:50:48','127.0.0.1','Mozilla/5.0 (X11; Linux x86_64) AppleWebKit/537.36 (KHTML, like Gecko) Chrome/105.0.0.0 Safari/537.36','directus_fields','3',NULL,'http://0.0.0.0:8055'),(323,'update','f971a3ff-ee87-4508-b5fd-ee6ebcb8b17f','2023-01-24 16:50:48','127.0.0.1','Mozilla/5.0 (X11; Linux x86_64) AppleWebKit/537.36 (KHTML, like Gecko) Chrome/105.0.0.0 Safari/537.36','directus_fields','4',NULL,'http://0.0.0.0:8055'),(324,'update','f971a3ff-ee87-4508-b5fd-ee6ebcb8b17f','2023-01-24 16:50:48','127.0.0.1','Mozilla/5.0 (X11; Linux x86_64) AppleWebKit/537.36 (KHTML, like Gecko) Chrome/105.0.0.0 Safari/537.36','directus_fields','7',NULL,'http://0.0.0.0:8055'),(325,'update','f971a3ff-ee87-4508-b5fd-ee6ebcb8b17f','2023-01-24 16:52:35','127.0.0.1','Mozilla/5.0 (X11; Linux x86_64) AppleWebKit/537.36 (KHTML, like Gecko) Chrome/105.0.0.0 Safari/537.36','directus_collections','Categorie',NULL,'http://0.0.0.0:8055'),(326,'update','f971a3ff-ee87-4508-b5fd-ee6ebcb8b17f','2023-01-24 16:52:35','127.0.0.1','Mozilla/5.0 (X11; Linux x86_64) AppleWebKit/537.36 (KHTML, like Gecko) Chrome/105.0.0.0 Safari/537.36','directus_collections','Commande',NULL,'http://0.0.0.0:8055'),(327,'update','f971a3ff-ee87-4508-b5fd-ee6ebcb8b17f','2023-01-24 16:52:35','127.0.0.1','Mozilla/5.0 (X11; Linux x86_64) AppleWebKit/537.36 (KHTML, like Gecko) Chrome/105.0.0.0 Safari/537.36','directus_collections','Commander',NULL,'http://0.0.0.0:8055'),(328,'update','f971a3ff-ee87-4508-b5fd-ee6ebcb8b17f','2023-01-24 16:52:35','127.0.0.1','Mozilla/5.0 (X11; Linux x86_64) AppleWebKit/537.36 (KHTML, like Gecko) Chrome/105.0.0.0 Safari/537.36','directus_collections','Produits',NULL,'http://0.0.0.0:8055'),(329,'update','f971a3ff-ee87-4508-b5fd-ee6ebcb8b17f','2023-01-24 16:53:41','127.0.0.1','Mozilla/5.0 (X11; Linux x86_64) AppleWebKit/537.36 (KHTML, like Gecko) Chrome/105.0.0.0 Safari/537.36','directus_collections','Commander',NULL,'http://0.0.0.0:8055'),(330,'update','f971a3ff-ee87-4508-b5fd-ee6ebcb8b17f','2023-01-24 16:53:48','127.0.0.1','Mozilla/5.0 (X11; Linux x86_64) AppleWebKit/537.36 (KHTML, like Gecko) Chrome/105.0.0.0 Safari/537.36','directus_collections','Commander',NULL,'http://0.0.0.0:8055'),(331,'create','f971a3ff-ee87-4508-b5fd-ee6ebcb8b17f','2023-01-24 16:58:02','127.0.0.1','Mozilla/5.0 (X11; Linux x86_64) AppleWebKit/537.36 (KHTML, like Gecko) Chrome/105.0.0.0 Safari/537.36','directus_fields','79',NULL,'http://0.0.0.0:8055'),(332,'update','f971a3ff-ee87-4508-b5fd-ee6ebcb8b17f','2023-01-24 16:58:17','127.0.0.1','Mozilla/5.0 (X11; Linux x86_64) AppleWebKit/537.36 (KHTML, like Gecko) Chrome/105.0.0.0 Safari/537.36','Produits','5',NULL,'http://0.0.0.0:8055'),(333,'update','f971a3ff-ee87-4508-b5fd-ee6ebcb8b17f','2023-01-24 16:58:21','127.0.0.1','Mozilla/5.0 (X11; Linux x86_64) AppleWebKit/537.36 (KHTML, like Gecko) Chrome/105.0.0.0 Safari/537.36','Produits','6',NULL,'http://0.0.0.0:8055'),(334,'update','f971a3ff-ee87-4508-b5fd-ee6ebcb8b17f','2023-01-24 16:58:30','127.0.0.1','Mozilla/5.0 (X11; Linux x86_64) AppleWebKit/537.36 (KHTML, like Gecko) Chrome/105.0.0.0 Safari/537.36','Produits','6',NULL,'http://0.0.0.0:8055'),(335,'update','f971a3ff-ee87-4508-b5fd-ee6ebcb8b17f','2023-01-24 16:58:35','127.0.0.1','Mozilla/5.0 (X11; Linux x86_64) AppleWebKit/537.36 (KHTML, like Gecko) Chrome/105.0.0.0 Safari/537.36','Produits','5',NULL,'http://0.0.0.0:8055'),(336,'update','f971a3ff-ee87-4508-b5fd-ee6ebcb8b17f','2023-01-24 16:58:40','127.0.0.1','Mozilla/5.0 (X11; Linux x86_64) AppleWebKit/537.36 (KHTML, like Gecko) Chrome/105.0.0.0 Safari/537.36','Produits','6',NULL,'http://0.0.0.0:8055'),(337,'update','f971a3ff-ee87-4508-b5fd-ee6ebcb8b17f','2023-01-24 16:58:50','127.0.0.1','Mozilla/5.0 (X11; Linux x86_64) AppleWebKit/537.36 (KHTML, like Gecko) Chrome/105.0.0.0 Safari/537.36','Produits','5',NULL,'http://0.0.0.0:8055'),(338,'update','f971a3ff-ee87-4508-b5fd-ee6ebcb8b17f','2023-01-24 16:58:56','127.0.0.1','Mozilla/5.0 (X11; Linux x86_64) AppleWebKit/537.36 (KHTML, like Gecko) Chrome/105.0.0.0 Safari/537.36','Produits','5',NULL,'http://0.0.0.0:8055'),(339,'create','f971a3ff-ee87-4508-b5fd-ee6ebcb8b17f','2023-01-24 17:02:21','127.0.0.1','Mozilla/5.0 (X11; Linux x86_64) AppleWebKit/537.36 (KHTML, like Gecko) Chrome/105.0.0.0 Safari/537.36','directus_fields','80',NULL,'http://0.0.0.0:8055'),(340,'create','f971a3ff-ee87-4508-b5fd-ee6ebcb8b17f','2023-01-24 17:02:21','127.0.0.1','Mozilla/5.0 (X11; Linux x86_64) AppleWebKit/537.36 (KHTML, like Gecko) Chrome/105.0.0.0 Safari/537.36','directus_fields','81',NULL,'http://0.0.0.0:8055'),(341,'create','f971a3ff-ee87-4508-b5fd-ee6ebcb8b17f','2023-01-24 17:02:41','127.0.0.1','Mozilla/5.0 (X11; Linux x86_64) AppleWebKit/537.36 (KHTML, like Gecko) Chrome/105.0.0.0 Safari/537.36','directus_fields','82',NULL,'http://0.0.0.0:8055'),(342,'update','f971a3ff-ee87-4508-b5fd-ee6ebcb8b17f','2023-01-24 17:03:31','127.0.0.1','Mozilla/5.0 (X11; Linux x86_64) AppleWebKit/537.36 (KHTML, like Gecko) Chrome/105.0.0.0 Safari/537.36','directus_fields','81',NULL,'http://0.0.0.0:8055'),(343,'update','f971a3ff-ee87-4508-b5fd-ee6ebcb8b17f','2023-01-24 17:03:33','127.0.0.1','Mozilla/5.0 (X11; Linux x86_64) AppleWebKit/537.36 (KHTML, like Gecko) Chrome/105.0.0.0 Safari/537.36','directus_fields','76',NULL,'http://0.0.0.0:8055'),(345,'create','f971a3ff-ee87-4508-b5fd-ee6ebcb8b17f','2023-01-24 17:04:24','127.0.0.1','Mozilla/5.0 (X11; Linux x86_64) AppleWebKit/537.36 (KHTML, like Gecko) Chrome/105.0.0.0 Safari/537.36','directus_fields','83',NULL,'http://0.0.0.0:8055'),(346,'update','f971a3ff-ee87-4508-b5fd-ee6ebcb8b17f','2023-01-24 17:04:40','127.0.0.1','Mozilla/5.0 (X11; Linux x86_64) AppleWebKit/537.36 (KHTML, like Gecko) Chrome/105.0.0.0 Safari/537.36','directus_fields','80',NULL,'http://0.0.0.0:8055'),(347,'create','f971a3ff-ee87-4508-b5fd-ee6ebcb8b17f','2023-01-24 17:05:09','127.0.0.1','Mozilla/5.0 (X11; Linux x86_64) AppleWebKit/537.36 (KHTML, like Gecko) Chrome/105.0.0.0 Safari/537.36','Produits','7',NULL,'http://0.0.0.0:8055'),(349,'update','f971a3ff-ee87-4508-b5fd-ee6ebcb8b17f','2023-01-24 17:06:16','127.0.0.1','Mozilla/5.0 (X11; Linux x86_64) AppleWebKit/537.36 (KHTML, like Gecko) Chrome/105.0.0.0 Safari/537.36','directus_fields','81',NULL,'http://0.0.0.0:8055'),(350,'update','f971a3ff-ee87-4508-b5fd-ee6ebcb8b17f','2023-01-24 17:06:35','127.0.0.1','Mozilla/5.0 (X11; Linux x86_64) AppleWebKit/537.36 (KHTML, like Gecko) Chrome/105.0.0.0 Safari/537.36','directus_fields','81',NULL,'http://0.0.0.0:8055'),(352,'create','f971a3ff-ee87-4508-b5fd-ee6ebcb8b17f','2023-01-24 17:10:10','127.0.0.1','Mozilla/5.0 (X11; Linux x86_64) AppleWebKit/537.36 (KHTML, like Gecko) Chrome/105.0.0.0 Safari/537.36','directus_fields','84',NULL,'http://0.0.0.0:8055'),(353,'create','f971a3ff-ee87-4508-b5fd-ee6ebcb8b17f','2023-01-24 17:10:11','127.0.0.1','Mozilla/5.0 (X11; Linux x86_64) AppleWebKit/537.36 (KHTML, like Gecko) Chrome/105.0.0.0 Safari/537.36','directus_fields','85',NULL,'http://0.0.0.0:8055'),(354,'update','f971a3ff-ee87-4508-b5fd-ee6ebcb8b17f','2023-01-24 17:10:36','127.0.0.1','Mozilla/5.0 (X11; Linux x86_64) AppleWebKit/537.36 (KHTML, like Gecko) Chrome/105.0.0.0 Safari/537.36','directus_fields','85',NULL,'http://0.0.0.0:8055'),(355,'delete','f971a3ff-ee87-4508-b5fd-ee6ebcb8b17f','2023-01-24 17:11:22','127.0.0.1','Mozilla/5.0 (X11; Linux x86_64) AppleWebKit/537.36 (KHTML, like Gecko) Chrome/105.0.0.0 Safari/537.36','directus_collections','Commander',NULL,'http://0.0.0.0:8055'),(356,'update','f971a3ff-ee87-4508-b5fd-ee6ebcb8b17f','2023-01-24 17:11:41','127.0.0.1','Mozilla/5.0 (X11; Linux x86_64) AppleWebKit/537.36 (KHTML, like Gecko) Chrome/105.0.0.0 Safari/537.36','directus_fields','85',NULL,'http://0.0.0.0:8055'),(357,'create','f971a3ff-ee87-4508-b5fd-ee6ebcb8b17f','2023-01-24 17:11:59','127.0.0.1','Mozilla/5.0 (X11; Linux x86_64) AppleWebKit/537.36 (KHTML, like Gecko) Chrome/105.0.0.0 Safari/537.36','Commande','12',NULL,'http://0.0.0.0:8055'),(358,'create','f971a3ff-ee87-4508-b5fd-ee6ebcb8b17f','2023-01-24 17:15:12','127.0.0.1','Mozilla/5.0 (X11; Linux x86_64) AppleWebKit/537.36 (KHTML, like Gecko) Chrome/105.0.0.0 Safari/537.36','directus_fields','86',NULL,'http://0.0.0.0:8055'),(359,'create','f971a3ff-ee87-4508-b5fd-ee6ebcb8b17f','2023-01-24 17:15:12','127.0.0.1','Mozilla/5.0 (X11; Linux x86_64) AppleWebKit/537.36 (KHTML, like Gecko) Chrome/105.0.0.0 Safari/537.36','directus_fields','87',NULL,'http://0.0.0.0:8055'),(360,'update','f971a3ff-ee87-4508-b5fd-ee6ebcb8b17f','2023-01-24 17:15:38','127.0.0.1','Mozilla/5.0 (X11; Linux x86_64) AppleWebKit/537.36 (KHTML, like Gecko) Chrome/105.0.0.0 Safari/537.36','directus_fields','87',NULL,'http://0.0.0.0:8055'),(361,'update','f971a3ff-ee87-4508-b5fd-ee6ebcb8b17f','2023-01-24 17:16:21','127.0.0.1','Mozilla/5.0 (X11; Linux x86_64) AppleWebKit/537.36 (KHTML, like Gecko) Chrome/105.0.0.0 Safari/537.36','directus_fields','87',NULL,'http://0.0.0.0:8055'),(362,'update','f971a3ff-ee87-4508-b5fd-ee6ebcb8b17f','2023-01-24 17:16:40','127.0.0.1','Mozilla/5.0 (X11; Linux x86_64) AppleWebKit/537.36 (KHTML, like Gecko) Chrome/105.0.0.0 Safari/537.36','Produits','7',NULL,'http://0.0.0.0:8055'),(363,'update','f971a3ff-ee87-4508-b5fd-ee6ebcb8b17f','2023-01-24 17:16:40','127.0.0.1','Mozilla/5.0 (X11; Linux x86_64) AppleWebKit/537.36 (KHTML, like Gecko) Chrome/105.0.0.0 Safari/537.36','Produits','6',NULL,'http://0.0.0.0:8055'),(364,'update','f971a3ff-ee87-4508-b5fd-ee6ebcb8b17f','2023-01-24 17:16:40','127.0.0.1','Mozilla/5.0 (X11; Linux x86_64) AppleWebKit/537.36 (KHTML, like Gecko) Chrome/105.0.0.0 Safari/537.36','Commande','12',NULL,'http://0.0.0.0:8055'),(365,'update','f971a3ff-ee87-4508-b5fd-ee6ebcb8b17f','2023-01-24 17:16:58','127.0.0.1','Mozilla/5.0 (X11; Linux x86_64) AppleWebKit/537.36 (KHTML, like Gecko) Chrome/105.0.0.0 Safari/537.36','directus_fields','86',NULL,'http://0.0.0.0:8055'),(366,'update','f971a3ff-ee87-4508-b5fd-ee6ebcb8b17f','2023-01-24 17:17:14','127.0.0.1','Mozilla/5.0 (X11; Linux x86_64) AppleWebKit/537.36 (KHTML, like Gecko) Chrome/105.0.0.0 Safari/537.36','directus_fields','86',NULL,'http://0.0.0.0:8055'),(367,'update','f971a3ff-ee87-4508-b5fd-ee6ebcb8b17f','2023-01-24 17:17:30','127.0.0.1','Mozilla/5.0 (X11; Linux x86_64) AppleWebKit/537.36 (KHTML, like Gecko) Chrome/105.0.0.0 Safari/537.36','Produits','7',NULL,'http://0.0.0.0:8055'),(368,'update','f971a3ff-ee87-4508-b5fd-ee6ebcb8b17f','2023-01-24 17:17:30','127.0.0.1','Mozilla/5.0 (X11; Linux x86_64) AppleWebKit/537.36 (KHTML, like Gecko) Chrome/105.0.0.0 Safari/537.36','Commande','10',NULL,'http://0.0.0.0:8055'),(369,'update','f971a3ff-ee87-4508-b5fd-ee6ebcb8b17f','2023-01-24 17:17:43','127.0.0.1','Mozilla/5.0 (X11; Linux x86_64) AppleWebKit/537.36 (KHTML, like Gecko) Chrome/105.0.0.0 Safari/537.36','Produits','7',NULL,'http://0.0.0.0:8055'),(370,'update','f971a3ff-ee87-4508-b5fd-ee6ebcb8b17f','2023-01-24 17:17:43','127.0.0.1','Mozilla/5.0 (X11; Linux x86_64) AppleWebKit/537.36 (KHTML, like Gecko) Chrome/105.0.0.0 Safari/537.36','Produits','5',NULL,'http://0.0.0.0:8055'),(371,'update','f971a3ff-ee87-4508-b5fd-ee6ebcb8b17f','2023-01-24 17:17:43','127.0.0.1','Mozilla/5.0 (X11; Linux x86_64) AppleWebKit/537.36 (KHTML, like Gecko) Chrome/105.0.0.0 Safari/537.36','Commande','12',NULL,'http://0.0.0.0:8055'),(372,'create','f971a3ff-ee87-4508-b5fd-ee6ebcb8b17f','2023-01-24 17:18:51','127.0.0.1','Mozilla/5.0 (X11; Linux x86_64) AppleWebKit/537.36 (KHTML, like Gecko) Chrome/105.0.0.0 Safari/537.36','directus_fields','88',NULL,'http://0.0.0.0:8055'),(373,'create','f971a3ff-ee87-4508-b5fd-ee6ebcb8b17f','2023-01-24 17:18:51','127.0.0.1','Mozilla/5.0 (X11; Linux x86_64) AppleWebKit/537.36 (KHTML, like Gecko) Chrome/105.0.0.0 Safari/537.36','directus_collections','Commander',NULL,'http://0.0.0.0:8055'),(374,'create','f971a3ff-ee87-4508-b5fd-ee6ebcb8b17f','2023-01-24 17:19:18','127.0.0.1','Mozilla/5.0 (X11; Linux x86_64) AppleWebKit/537.36 (KHTML, like Gecko) Chrome/105.0.0.0 Safari/537.36','directus_fields','89',NULL,'http://0.0.0.0:8055'),(375,'delete','f971a3ff-ee87-4508-b5fd-ee6ebcb8b17f','2023-01-24 17:19:43','127.0.0.1','Mozilla/5.0 (X11; Linux x86_64) AppleWebKit/537.36 (KHTML, like Gecko) Chrome/105.0.0.0 Safari/537.36','directus_collections','Commander',NULL,'http://0.0.0.0:8055'),(376,'create','f971a3ff-ee87-4508-b5fd-ee6ebcb8b17f','2023-01-24 17:19:56','127.0.0.1','Mozilla/5.0 (X11; Linux x86_64) AppleWebKit/537.36 (KHTML, like Gecko) Chrome/105.0.0.0 Safari/537.36','directus_fields','90',NULL,'http://0.0.0.0:8055'),(377,'create','f971a3ff-ee87-4508-b5fd-ee6ebcb8b17f','2023-01-24 17:19:56','127.0.0.1','Mozilla/5.0 (X11; Linux x86_64) AppleWebKit/537.36 (KHTML, like Gecko) Chrome/105.0.0.0 Safari/537.36','directus_collections','Commander',NULL,'http://0.0.0.0:8055'),(378,'create','f971a3ff-ee87-4508-b5fd-ee6ebcb8b17f','2023-01-24 17:20:05','127.0.0.1','Mozilla/5.0 (X11; Linux x86_64) AppleWebKit/537.36 (KHTML, like Gecko) Chrome/105.0.0.0 Safari/537.36','directus_fields','91',NULL,'http://0.0.0.0:8055'),(379,'create','f971a3ff-ee87-4508-b5fd-ee6ebcb8b17f','2023-01-24 17:20:17','127.0.0.1','Mozilla/5.0 (X11; Linux x86_64) AppleWebKit/537.36 (KHTML, like Gecko) Chrome/105.0.0.0 Safari/537.36','directus_fields','92',NULL,'http://0.0.0.0:8055'),(380,'create','f971a3ff-ee87-4508-b5fd-ee6ebcb8b17f','2023-01-24 17:21:42','127.0.0.1','Mozilla/5.0 (X11; Linux x86_64) AppleWebKit/537.36 (KHTML, like Gecko) Chrome/105.0.0.0 Safari/537.36','directus_fields','93',NULL,'http://0.0.0.0:8055'),(381,'create','f971a3ff-ee87-4508-b5fd-ee6ebcb8b17f','2023-01-24 17:24:30','127.0.0.1','Mozilla/5.0 (X11; Linux x86_64) AppleWebKit/537.36 (KHTML, like Gecko) Chrome/105.0.0.0 Safari/537.36','Produits','8',NULL,'http://0.0.0.0:8055'),(382,'update','f971a3ff-ee87-4508-b5fd-ee6ebcb8b17f','2023-01-24 17:24:40','127.0.0.1','Mozilla/5.0 (X11; Linux x86_64) AppleWebKit/537.36 (KHTML, like Gecko) Chrome/105.0.0.0 Safari/537.36','Produits','8',NULL,'http://0.0.0.0:8055'),(383,'create','f971a3ff-ee87-4508-b5fd-ee6ebcb8b17f','2023-01-24 17:25:07','127.0.0.1','Mozilla/5.0 (X11; Linux x86_64) AppleWebKit/537.36 (KHTML, like Gecko) Chrome/105.0.0.0 Safari/537.36','Produits','9',NULL,'http://0.0.0.0:8055'),(384,'update','f971a3ff-ee87-4508-b5fd-ee6ebcb8b17f','2023-01-24 17:25:13','127.0.0.1','Mozilla/5.0 (X11; Linux x86_64) AppleWebKit/537.36 (KHTML, like Gecko) Chrome/105.0.0.0 Safari/537.36','Produits','9',NULL,'http://0.0.0.0:8055'),(385,'update','f971a3ff-ee87-4508-b5fd-ee6ebcb8b17f','2023-01-24 17:25:26','127.0.0.1','Mozilla/5.0 (X11; Linux x86_64) AppleWebKit/537.36 (KHTML, like Gecko) Chrome/105.0.0.0 Safari/537.36','directus_fields','79',NULL,'http://0.0.0.0:8055'),(386,'update','f971a3ff-ee87-4508-b5fd-ee6ebcb8b17f','2023-01-24 17:25:26','127.0.0.1','Mozilla/5.0 (X11; Linux x86_64) AppleWebKit/537.36 (KHTML, like Gecko) Chrome/105.0.0.0 Safari/537.36','directus_fields','1',NULL,'http://0.0.0.0:8055'),(387,'update','f971a3ff-ee87-4508-b5fd-ee6ebcb8b17f','2023-01-24 17:25:26','127.0.0.1','Mozilla/5.0 (X11; Linux x86_64) AppleWebKit/537.36 (KHTML, like Gecko) Chrome/105.0.0.0 Safari/537.36','directus_fields','3',NULL,'http://0.0.0.0:8055'),(388,'update','f971a3ff-ee87-4508-b5fd-ee6ebcb8b17f','2023-01-24 17:25:26','127.0.0.1','Mozilla/5.0 (X11; Linux x86_64) AppleWebKit/537.36 (KHTML, like Gecko) Chrome/105.0.0.0 Safari/537.36','directus_fields','4',NULL,'http://0.0.0.0:8055'),(389,'update','f971a3ff-ee87-4508-b5fd-ee6ebcb8b17f','2023-01-24 17:25:26','127.0.0.1','Mozilla/5.0 (X11; Linux x86_64) AppleWebKit/537.36 (KHTML, like Gecko) Chrome/105.0.0.0 Safari/537.36','directus_fields','7',NULL,'http://0.0.0.0:8055'),(390,'update','f971a3ff-ee87-4508-b5fd-ee6ebcb8b17f','2023-01-24 17:25:26','127.0.0.1','Mozilla/5.0 (X11; Linux x86_64) AppleWebKit/537.36 (KHTML, like Gecko) Chrome/105.0.0.0 Safari/537.36','directus_fields','87',NULL,'http://0.0.0.0:8055'),(391,'update','f971a3ff-ee87-4508-b5fd-ee6ebcb8b17f','2023-01-24 17:25:28','127.0.0.1','Mozilla/5.0 (X11; Linux x86_64) AppleWebKit/537.36 (KHTML, like Gecko) Chrome/105.0.0.0 Safari/537.36','directus_fields','79',NULL,'http://0.0.0.0:8055'),(392,'update','f971a3ff-ee87-4508-b5fd-ee6ebcb8b17f','2023-01-24 17:25:28','127.0.0.1','Mozilla/5.0 (X11; Linux x86_64) AppleWebKit/537.36 (KHTML, like Gecko) Chrome/105.0.0.0 Safari/537.36','directus_fields','7',NULL,'http://0.0.0.0:8055'),(393,'update','f971a3ff-ee87-4508-b5fd-ee6ebcb8b17f','2023-01-24 17:25:28','127.0.0.1','Mozilla/5.0 (X11; Linux x86_64) AppleWebKit/537.36 (KHTML, like Gecko) Chrome/105.0.0.0 Safari/537.36','directus_fields','1',NULL,'http://0.0.0.0:8055'),(394,'update','f971a3ff-ee87-4508-b5fd-ee6ebcb8b17f','2023-01-24 17:25:28','127.0.0.1','Mozilla/5.0 (X11; Linux x86_64) AppleWebKit/537.36 (KHTML, like Gecko) Chrome/105.0.0.0 Safari/537.36','directus_fields','3',NULL,'http://0.0.0.0:8055'),(395,'update','f971a3ff-ee87-4508-b5fd-ee6ebcb8b17f','2023-01-24 17:25:29','127.0.0.1','Mozilla/5.0 (X11; Linux x86_64) AppleWebKit/537.36 (KHTML, like Gecko) Chrome/105.0.0.0 Safari/537.36','directus_fields','4',NULL,'http://0.0.0.0:8055'),(396,'update','f971a3ff-ee87-4508-b5fd-ee6ebcb8b17f','2023-01-24 17:25:29','127.0.0.1','Mozilla/5.0 (X11; Linux x86_64) AppleWebKit/537.36 (KHTML, like Gecko) Chrome/105.0.0.0 Safari/537.36','directus_fields','87',NULL,'http://0.0.0.0:8055'),(397,'update','f971a3ff-ee87-4508-b5fd-ee6ebcb8b17f','2023-01-24 17:25:30','127.0.0.1','Mozilla/5.0 (X11; Linux x86_64) AppleWebKit/537.36 (KHTML, like Gecko) Chrome/105.0.0.0 Safari/537.36','directus_fields','79',NULL,'http://0.0.0.0:8055'),(398,'update','f971a3ff-ee87-4508-b5fd-ee6ebcb8b17f','2023-01-24 17:25:30','127.0.0.1','Mozilla/5.0 (X11; Linux x86_64) AppleWebKit/537.36 (KHTML, like Gecko) Chrome/105.0.0.0 Safari/537.36','directus_fields','7',NULL,'http://0.0.0.0:8055'),(399,'update','f971a3ff-ee87-4508-b5fd-ee6ebcb8b17f','2023-01-24 17:25:30','127.0.0.1','Mozilla/5.0 (X11; Linux x86_64) AppleWebKit/537.36 (KHTML, like Gecko) Chrome/105.0.0.0 Safari/537.36','directus_fields','4',NULL,'http://0.0.0.0:8055'),(400,'update','f971a3ff-ee87-4508-b5fd-ee6ebcb8b17f','2023-01-24 17:25:30','127.0.0.1','Mozilla/5.0 (X11; Linux x86_64) AppleWebKit/537.36 (KHTML, like Gecko) Chrome/105.0.0.0 Safari/537.36','directus_fields','1',NULL,'http://0.0.0.0:8055'),(401,'update','f971a3ff-ee87-4508-b5fd-ee6ebcb8b17f','2023-01-24 17:25:30','127.0.0.1','Mozilla/5.0 (X11; Linux x86_64) AppleWebKit/537.36 (KHTML, like Gecko) Chrome/105.0.0.0 Safari/537.36','directus_fields','3',NULL,'http://0.0.0.0:8055'),(402,'update','f971a3ff-ee87-4508-b5fd-ee6ebcb8b17f','2023-01-24 17:25:30','127.0.0.1','Mozilla/5.0 (X11; Linux x86_64) AppleWebKit/537.36 (KHTML, like Gecko) Chrome/105.0.0.0 Safari/537.36','directus_fields','87',NULL,'http://0.0.0.0:8055'),(403,'update','f971a3ff-ee87-4508-b5fd-ee6ebcb8b17f','2023-01-24 17:25:31','127.0.0.1','Mozilla/5.0 (X11; Linux x86_64) AppleWebKit/537.36 (KHTML, like Gecko) Chrome/105.0.0.0 Safari/537.36','directus_fields','79',NULL,'http://0.0.0.0:8055'),(404,'update','f971a3ff-ee87-4508-b5fd-ee6ebcb8b17f','2023-01-24 17:25:31','127.0.0.1','Mozilla/5.0 (X11; Linux x86_64) AppleWebKit/537.36 (KHTML, like Gecko) Chrome/105.0.0.0 Safari/537.36','directus_fields','7',NULL,'http://0.0.0.0:8055'),(405,'update','f971a3ff-ee87-4508-b5fd-ee6ebcb8b17f','2023-01-24 17:25:31','127.0.0.1','Mozilla/5.0 (X11; Linux x86_64) AppleWebKit/537.36 (KHTML, like Gecko) Chrome/105.0.0.0 Safari/537.36','directus_fields','4',NULL,'http://0.0.0.0:8055'),(406,'update','f971a3ff-ee87-4508-b5fd-ee6ebcb8b17f','2023-01-24 17:25:31','127.0.0.1','Mozilla/5.0 (X11; Linux x86_64) AppleWebKit/537.36 (KHTML, like Gecko) Chrome/105.0.0.0 Safari/537.36','directus_fields','3',NULL,'http://0.0.0.0:8055'),(407,'update','f971a3ff-ee87-4508-b5fd-ee6ebcb8b17f','2023-01-24 17:25:31','127.0.0.1','Mozilla/5.0 (X11; Linux x86_64) AppleWebKit/537.36 (KHTML, like Gecko) Chrome/105.0.0.0 Safari/537.36','directus_fields','1',NULL,'http://0.0.0.0:8055'),(408,'update','f971a3ff-ee87-4508-b5fd-ee6ebcb8b17f','2023-01-24 17:25:31','127.0.0.1','Mozilla/5.0 (X11; Linux x86_64) AppleWebKit/537.36 (KHTML, like Gecko) Chrome/105.0.0.0 Safari/537.36','directus_fields','87',NULL,'http://0.0.0.0:8055'),(409,'create','f971a3ff-ee87-4508-b5fd-ee6ebcb8b17f','2023-01-24 17:25:53','127.0.0.1','Mozilla/5.0 (X11; Linux x86_64) AppleWebKit/537.36 (KHTML, like Gecko) Chrome/105.0.0.0 Safari/537.36','Produits','10',NULL,'http://0.0.0.0:8055'),(410,'update','f971a3ff-ee87-4508-b5fd-ee6ebcb8b17f','2023-01-24 17:26:42','127.0.0.1','Mozilla/5.0 (X11; Linux x86_64) AppleWebKit/537.36 (KHTML, like Gecko) Chrome/105.0.0.0 Safari/537.36','Produits','10',NULL,'http://0.0.0.0:8055'),(411,'update','f971a3ff-ee87-4508-b5fd-ee6ebcb8b17f','2023-01-24 17:26:42','127.0.0.1','Mozilla/5.0 (X11; Linux x86_64) AppleWebKit/537.36 (KHTML, like Gecko) Chrome/105.0.0.0 Safari/537.36','Produits','8',NULL,'http://0.0.0.0:8055'),(412,'update','f971a3ff-ee87-4508-b5fd-ee6ebcb8b17f','2023-01-24 17:26:42','127.0.0.1','Mozilla/5.0 (X11; Linux x86_64) AppleWebKit/537.36 (KHTML, like Gecko) Chrome/105.0.0.0 Safari/537.36','Produits','9',NULL,'http://0.0.0.0:8055'),(413,'create','f971a3ff-ee87-4508-b5fd-ee6ebcb8b17f','2023-01-24 17:26:42','127.0.0.1','Mozilla/5.0 (X11; Linux x86_64) AppleWebKit/537.36 (KHTML, like Gecko) Chrome/105.0.0.0 Safari/537.36','Commande','13',NULL,'http://0.0.0.0:8055'),(414,'delete','f971a3ff-ee87-4508-b5fd-ee6ebcb8b17f','2023-01-24 17:26:53','127.0.0.1','Mozilla/5.0 (X11; Linux x86_64) AppleWebKit/537.36 (KHTML, like Gecko) Chrome/105.0.0.0 Safari/537.36','Commande','11',NULL,'http://0.0.0.0:8055'),(415,'delete','f971a3ff-ee87-4508-b5fd-ee6ebcb8b17f','2023-01-24 17:26:53','127.0.0.1','Mozilla/5.0 (X11; Linux x86_64) AppleWebKit/537.36 (KHTML, like Gecko) Chrome/105.0.0.0 Safari/537.36','Commande','10',NULL,'http://0.0.0.0:8055'),(416,'delete','f971a3ff-ee87-4508-b5fd-ee6ebcb8b17f','2023-01-24 17:26:53','127.0.0.1','Mozilla/5.0 (X11; Linux x86_64) AppleWebKit/537.36 (KHTML, like Gecko) Chrome/105.0.0.0 Safari/537.36','Commande','9',NULL,'http://0.0.0.0:8055'),(417,'update','f971a3ff-ee87-4508-b5fd-ee6ebcb8b17f','2023-01-24 17:27:18','127.0.0.1','Mozilla/5.0 (X11; Linux x86_64) AppleWebKit/537.36 (KHTML, like Gecko) Chrome/105.0.0.0 Safari/537.36','directus_collections','Categorie',NULL,'http://0.0.0.0:8055'),(418,'update','f971a3ff-ee87-4508-b5fd-ee6ebcb8b17f','2023-01-24 17:27:18','127.0.0.1','Mozilla/5.0 (X11; Linux x86_64) AppleWebKit/537.36 (KHTML, like Gecko) Chrome/105.0.0.0 Safari/537.36','directus_collections','Commande',NULL,'http://0.0.0.0:8055'),(419,'update','f971a3ff-ee87-4508-b5fd-ee6ebcb8b17f','2023-01-24 17:27:18','127.0.0.1','Mozilla/5.0 (X11; Linux x86_64) AppleWebKit/537.36 (KHTML, like Gecko) Chrome/105.0.0.0 Safari/537.36','directus_collections','Commander',NULL,'http://0.0.0.0:8055'),(420,'update','f971a3ff-ee87-4508-b5fd-ee6ebcb8b17f','2023-01-24 17:27:18','127.0.0.1','Mozilla/5.0 (X11; Linux x86_64) AppleWebKit/537.36 (KHTML, like Gecko) Chrome/105.0.0.0 Safari/537.36','directus_collections','Produits',NULL,'http://0.0.0.0:8055'),(421,'create','f971a3ff-ee87-4508-b5fd-ee6ebcb8b17f','2023-01-24 17:28:52','127.0.0.1','Mozilla/5.0 (X11; Linux x86_64) AppleWebKit/537.36 (KHTML, like Gecko) Chrome/105.0.0.0 Safari/537.36','directus_fields','94',NULL,'http://0.0.0.0:8055'),(422,'create','f971a3ff-ee87-4508-b5fd-ee6ebcb8b17f','2023-01-24 17:29:28','127.0.0.1','Mozilla/5.0 (X11; Linux x86_64) AppleWebKit/537.36 (KHTML, like Gecko) Chrome/105.0.0.0 Safari/537.36','directus_fields','95',NULL,'http://0.0.0.0:8055'),(423,'create','f971a3ff-ee87-4508-b5fd-ee6ebcb8b17f','2023-01-24 17:29:28','127.0.0.1','Mozilla/5.0 (X11; Linux x86_64) AppleWebKit/537.36 (KHTML, like Gecko) Chrome/105.0.0.0 Safari/537.36','directus_fields','96',NULL,'http://0.0.0.0:8055'),(424,'create','f971a3ff-ee87-4508-b5fd-ee6ebcb8b17f','2023-01-24 17:29:28','127.0.0.1','Mozilla/5.0 (X11; Linux x86_64) AppleWebKit/537.36 (KHTML, like Gecko) Chrome/105.0.0.0 Safari/537.36','directus_collections','Commander_Commande',NULL,'http://0.0.0.0:8055'),(425,'create','f971a3ff-ee87-4508-b5fd-ee6ebcb8b17f','2023-01-24 17:29:28','127.0.0.1','Mozilla/5.0 (X11; Linux x86_64) AppleWebKit/537.36 (KHTML, like Gecko) Chrome/105.0.0.0 Safari/537.36','directus_fields','97',NULL,'http://0.0.0.0:8055'),(426,'create','f971a3ff-ee87-4508-b5fd-ee6ebcb8b17f','2023-01-24 17:29:28','127.0.0.1','Mozilla/5.0 (X11; Linux x86_64) AppleWebKit/537.36 (KHTML, like Gecko) Chrome/105.0.0.0 Safari/537.36','directus_fields','98',NULL,'http://0.0.0.0:8055'),(427,'create','f971a3ff-ee87-4508-b5fd-ee6ebcb8b17f','2023-01-24 17:30:20','127.0.0.1','Mozilla/5.0 (X11; Linux x86_64) AppleWebKit/537.36 (KHTML, like Gecko) Chrome/105.0.0.0 Safari/537.36','directus_fields','99',NULL,'http://0.0.0.0:8055'),(428,'create','f971a3ff-ee87-4508-b5fd-ee6ebcb8b17f','2023-01-24 17:30:20','127.0.0.1','Mozilla/5.0 (X11; Linux x86_64) AppleWebKit/537.36 (KHTML, like Gecko) Chrome/105.0.0.0 Safari/537.36','directus_fields','100',NULL,'http://0.0.0.0:8055'),(429,'create','f971a3ff-ee87-4508-b5fd-ee6ebcb8b17f','2023-01-24 17:30:20','127.0.0.1','Mozilla/5.0 (X11; Linux x86_64) AppleWebKit/537.36 (KHTML, like Gecko) Chrome/105.0.0.0 Safari/537.36','directus_collections','Commander_Produits',NULL,'http://0.0.0.0:8055'),(430,'create','f971a3ff-ee87-4508-b5fd-ee6ebcb8b17f','2023-01-24 17:30:20','127.0.0.1','Mozilla/5.0 (X11; Linux x86_64) AppleWebKit/537.36 (KHTML, like Gecko) Chrome/105.0.0.0 Safari/537.36','directus_fields','101',NULL,'http://0.0.0.0:8055'),(431,'create','f971a3ff-ee87-4508-b5fd-ee6ebcb8b17f','2023-01-24 17:30:20','127.0.0.1','Mozilla/5.0 (X11; Linux x86_64) AppleWebKit/537.36 (KHTML, like Gecko) Chrome/105.0.0.0 Safari/537.36','directus_fields','102',NULL,'http://0.0.0.0:8055'),(432,'update','f971a3ff-ee87-4508-b5fd-ee6ebcb8b17f','2023-01-24 17:30:42','127.0.0.1','Mozilla/5.0 (X11; Linux x86_64) AppleWebKit/537.36 (KHTML, like Gecko) Chrome/105.0.0.0 Safari/537.36','directus_fields','99',NULL,'http://0.0.0.0:8055'),(433,'update','f971a3ff-ee87-4508-b5fd-ee6ebcb8b17f','2023-01-24 17:31:12','127.0.0.1','Mozilla/5.0 (X11; Linux x86_64) AppleWebKit/537.36 (KHTML, like Gecko) Chrome/105.0.0.0 Safari/537.36','Produits','10',NULL,'http://0.0.0.0:8055'),(434,'update','f971a3ff-ee87-4508-b5fd-ee6ebcb8b17f','2023-01-24 17:31:12','127.0.0.1','Mozilla/5.0 (X11; Linux x86_64) AppleWebKit/537.36 (KHTML, like Gecko) Chrome/105.0.0.0 Safari/537.36','Produits','9',NULL,'http://0.0.0.0:8055'),(435,'update','f971a3ff-ee87-4508-b5fd-ee6ebcb8b17f','2023-01-24 17:31:12','127.0.0.1','Mozilla/5.0 (X11; Linux x86_64) AppleWebKit/537.36 (KHTML, like Gecko) Chrome/105.0.0.0 Safari/537.36','Produits','8',NULL,'http://0.0.0.0:8055'),(436,'create','f971a3ff-ee87-4508-b5fd-ee6ebcb8b17f','2023-01-24 17:31:12','127.0.0.1','Mozilla/5.0 (X11; Linux x86_64) AppleWebKit/537.36 (KHTML, like Gecko) Chrome/105.0.0.0 Safari/537.36','Commande','14',NULL,'http://0.0.0.0:8055'),(437,'delete','f971a3ff-ee87-4508-b5fd-ee6ebcb8b17f','2023-01-24 17:32:15','127.0.0.1','Mozilla/5.0 (X11; Linux x86_64) AppleWebKit/537.36 (KHTML, like Gecko) Chrome/105.0.0.0 Safari/537.36','directus_collections','Commander_Produits',NULL,'http://0.0.0.0:8055'),(438,'delete','f971a3ff-ee87-4508-b5fd-ee6ebcb8b17f','2023-01-24 17:32:18','127.0.0.1','Mozilla/5.0 (X11; Linux x86_64) AppleWebKit/537.36 (KHTML, like Gecko) Chrome/105.0.0.0 Safari/537.36','directus_collections','Commander_Commande',NULL,'http://0.0.0.0:8055'),(439,'create','f971a3ff-ee87-4508-b5fd-ee6ebcb8b17f','2023-01-24 17:33:13','127.0.0.1','Mozilla/5.0 (X11; Linux x86_64) AppleWebKit/537.36 (KHTML, like Gecko) Chrome/105.0.0.0 Safari/537.36','directus_fields','103',NULL,'http://0.0.0.0:8055'),(440,'create','f971a3ff-ee87-4508-b5fd-ee6ebcb8b17f','2023-01-24 17:35:52','127.0.0.1','Mozilla/5.0 (X11; Linux x86_64) AppleWebKit/537.36 (KHTML, like Gecko) Chrome/105.0.0.0 Safari/537.36','directus_fields','104',NULL,'http://0.0.0.0:8055'),(441,'create','f971a3ff-ee87-4508-b5fd-ee6ebcb8b17f','2023-01-24 17:35:52','127.0.0.1','Mozilla/5.0 (X11; Linux x86_64) AppleWebKit/537.36 (KHTML, like Gecko) Chrome/105.0.0.0 Safari/537.36','directus_fields','105',NULL,'http://0.0.0.0:8055'),(442,'create','f971a3ff-ee87-4508-b5fd-ee6ebcb8b17f','2023-01-24 17:36:23','127.0.0.1','Mozilla/5.0 (X11; Linux x86_64) AppleWebKit/537.36 (KHTML, like Gecko) Chrome/105.0.0.0 Safari/537.36','directus_fields','106',NULL,'http://0.0.0.0:8055'),(443,'create','f971a3ff-ee87-4508-b5fd-ee6ebcb8b17f','2023-01-24 17:36:23','127.0.0.1','Mozilla/5.0 (X11; Linux x86_64) AppleWebKit/537.36 (KHTML, like Gecko) Chrome/105.0.0.0 Safari/537.36','directus_fields','107',NULL,'http://0.0.0.0:8055'),(444,'create','f971a3ff-ee87-4508-b5fd-ee6ebcb8b17f','2023-01-24 17:36:50','127.0.0.1','Mozilla/5.0 (X11; Linux x86_64) AppleWebKit/537.36 (KHTML, like Gecko) Chrome/105.0.0.0 Safari/537.36','Commander','1',NULL,'http://0.0.0.0:8055'),(445,'update','f971a3ff-ee87-4508-b5fd-ee6ebcb8b17f','2023-01-24 17:37:00','127.0.0.1','Mozilla/5.0 (X11; Linux x86_64) AppleWebKit/537.36 (KHTML, like Gecko) Chrome/105.0.0.0 Safari/537.36','directus_fields','105',NULL,'http://0.0.0.0:8055'),(446,'update','f971a3ff-ee87-4508-b5fd-ee6ebcb8b17f','2023-01-24 17:37:02','127.0.0.1','Mozilla/5.0 (X11; Linux x86_64) AppleWebKit/537.36 (KHTML, like Gecko) Chrome/105.0.0.0 Safari/537.36','directus_fields','107',NULL,'http://0.0.0.0:8055'),(447,'create','f971a3ff-ee87-4508-b5fd-ee6ebcb8b17f','2023-01-24 17:37:22','127.0.0.1','Mozilla/5.0 (X11; Linux x86_64) AppleWebKit/537.36 (KHTML, like Gecko) Chrome/105.0.0.0 Safari/537.36','Commander','2',NULL,'http://0.0.0.0:8055'),(448,'delete','f971a3ff-ee87-4508-b5fd-ee6ebcb8b17f','2023-01-24 17:37:27','127.0.0.1','Mozilla/5.0 (X11; Linux x86_64) AppleWebKit/537.36 (KHTML, like Gecko) Chrome/105.0.0.0 Safari/537.36','Commander','1',NULL,'http://0.0.0.0:8055'),(449,'delete','f971a3ff-ee87-4508-b5fd-ee6ebcb8b17f','2023-01-24 17:37:50','127.0.0.1','Mozilla/5.0 (X11; Linux x86_64) AppleWebKit/537.36 (KHTML, like Gecko) Chrome/105.0.0.0 Safari/537.36','Commande','13',NULL,'http://0.0.0.0:8055'),(450,'delete','f971a3ff-ee87-4508-b5fd-ee6ebcb8b17f','2023-01-24 17:37:50','127.0.0.1','Mozilla/5.0 (X11; Linux x86_64) AppleWebKit/537.36 (KHTML, like Gecko) Chrome/105.0.0.0 Safari/537.36','Commande','12',NULL,'http://0.0.0.0:8055'),(451,'update','f971a3ff-ee87-4508-b5fd-ee6ebcb8b17f','2023-01-24 17:38:12','127.0.0.1','Mozilla/5.0 (X11; Linux x86_64) AppleWebKit/537.36 (KHTML, like Gecko) Chrome/105.0.0.0 Safari/537.36','directus_fields','104',NULL,'http://0.0.0.0:8055'),(452,'update','f971a3ff-ee87-4508-b5fd-ee6ebcb8b17f','2023-01-24 17:38:19','127.0.0.1','Mozilla/5.0 (X11; Linux x86_64) AppleWebKit/537.36 (KHTML, like Gecko) Chrome/105.0.0.0 Safari/537.36','directus_fields','106',NULL,'http://0.0.0.0:8055'),(453,'update','f971a3ff-ee87-4508-b5fd-ee6ebcb8b17f','2023-01-24 17:39:03','127.0.0.1','Mozilla/5.0 (X11; Linux x86_64) AppleWebKit/537.36 (KHTML, like Gecko) Chrome/105.0.0.0 Safari/537.36','directus_fields','107',NULL,'http://0.0.0.0:8055'),(454,'update','f971a3ff-ee87-4508-b5fd-ee6ebcb8b17f','2023-01-24 17:39:19','127.0.0.1','Mozilla/5.0 (X11; Linux x86_64) AppleWebKit/537.36 (KHTML, like Gecko) Chrome/105.0.0.0 Safari/537.36','directus_fields','105',NULL,'http://0.0.0.0:8055'),(455,'create','f971a3ff-ee87-4508-b5fd-ee6ebcb8b17f','2023-01-24 17:40:11','127.0.0.1','Mozilla/5.0 (X11; Linux x86_64) AppleWebKit/537.36 (KHTML, like Gecko) Chrome/105.0.0.0 Safari/537.36','directus_dashboards','31f47bb1-6357-4c70-ae2d-9ee2ffd32605',NULL,'http://0.0.0.0:8055'),(456,'create','f971a3ff-ee87-4508-b5fd-ee6ebcb8b17f','2023-01-24 17:41:59','127.0.0.1','Mozilla/5.0 (X11; Linux x86_64) AppleWebKit/537.36 (KHTML, like Gecko) Chrome/105.0.0.0 Safari/537.36','directus_panels','36bba518-bbc4-41f7-9b16-76ca1fd13b20',NULL,'http://0.0.0.0:8055'),(457,'update','f971a3ff-ee87-4508-b5fd-ee6ebcb8b17f','2023-01-25 07:11:17','127.0.0.1','Mozilla/5.0 (X11; Linux x86_64) AppleWebKit/537.36 (KHTML, like Gecko) Chrome/105.0.0.0 Safari/537.36','directus_fields','104',NULL,'http://0.0.0.0:8055'),(458,'create','f971a3ff-ee87-4508-b5fd-ee6ebcb8b17f','2023-01-25 07:12:21','127.0.0.1','Mozilla/5.0 (X11; Linux x86_64) AppleWebKit/537.36 (KHTML, like Gecko) Chrome/105.0.0.0 Safari/537.36','directus_fields','108',NULL,'http://0.0.0.0:8055'),(459,'create','f971a3ff-ee87-4508-b5fd-ee6ebcb8b17f','2023-01-25 07:12:21','127.0.0.1','Mozilla/5.0 (X11; Linux x86_64) AppleWebKit/537.36 (KHTML, like Gecko) Chrome/105.0.0.0 Safari/537.36','directus_fields','109',NULL,'http://0.0.0.0:8055'),(460,'update','f971a3ff-ee87-4508-b5fd-ee6ebcb8b17f','2023-01-25 07:12:29','127.0.0.1','Mozilla/5.0 (X11; Linux x86_64) AppleWebKit/537.36 (KHTML, like Gecko) Chrome/105.0.0.0 Safari/537.36','directus_fields','108',NULL,'http://0.0.0.0:8055'),(461,'update','f971a3ff-ee87-4508-b5fd-ee6ebcb8b17f','2023-01-25 07:14:00','127.0.0.1','Mozilla/5.0 (X11; Linux x86_64) AppleWebKit/537.36 (KHTML, like Gecko) Chrome/105.0.0.0 Safari/537.36','directus_fields','108',NULL,'http://0.0.0.0:8055'),(462,'update','f971a3ff-ee87-4508-b5fd-ee6ebcb8b17f','2023-01-25 07:14:32','127.0.0.1','Mozilla/5.0 (X11; Linux x86_64) AppleWebKit/537.36 (KHTML, like Gecko) Chrome/105.0.0.0 Safari/537.36','Commander','2',NULL,'http://0.0.0.0:8055'),(463,'create','f971a3ff-ee87-4508-b5fd-ee6ebcb8b17f','2023-01-25 07:14:32','127.0.0.1','Mozilla/5.0 (X11; Linux x86_64) AppleWebKit/537.36 (KHTML, like Gecko) Chrome/105.0.0.0 Safari/537.36','Commande','15',NULL,'http://0.0.0.0:8055'),(464,'create','f971a3ff-ee87-4508-b5fd-ee6ebcb8b17f','2023-01-25 07:15:49','127.0.0.1','Mozilla/5.0 (X11; Linux x86_64) AppleWebKit/537.36 (KHTML, like Gecko) Chrome/105.0.0.0 Safari/537.36','Commander','3',NULL,'http://0.0.0.0:8055'),(465,'create','f971a3ff-ee87-4508-b5fd-ee6ebcb8b17f','2023-01-25 07:16:12','127.0.0.1','Mozilla/5.0 (X11; Linux x86_64) AppleWebKit/537.36 (KHTML, like Gecko) Chrome/105.0.0.0 Safari/537.36','Commander','4',NULL,'http://0.0.0.0:8055'),(466,'create','f971a3ff-ee87-4508-b5fd-ee6ebcb8b17f','2023-01-25 07:16:51','127.0.0.1','Mozilla/5.0 (X11; Linux x86_64) AppleWebKit/537.36 (KHTML, like Gecko) Chrome/105.0.0.0 Safari/537.36','directus_fields','110',NULL,'http://0.0.0.0:8055'),(467,'update','f971a3ff-ee87-4508-b5fd-ee6ebcb8b17f','2023-01-25 07:21:01','127.0.0.1','Mozilla/5.0 (X11; Linux x86_64) AppleWebKit/537.36 (KHTML, like Gecko) Chrome/105.0.0.0 Safari/537.36','directus_fields','91',NULL,'http://0.0.0.0:8055'),(468,'create','f971a3ff-ee87-4508-b5fd-ee6ebcb8b17f','2023-01-25 07:22:25','127.0.0.1','Mozilla/5.0 (X11; Linux x86_64) AppleWebKit/537.36 (KHTML, like Gecko) Chrome/105.0.0.0 Safari/537.36','Commande','16',NULL,'http://0.0.0.0:8055'),(469,'update','f971a3ff-ee87-4508-b5fd-ee6ebcb8b17f','2023-01-25 07:23:13','127.0.0.1','Mozilla/5.0 (X11; Linux x86_64) AppleWebKit/537.36 (KHTML, like Gecko) Chrome/105.0.0.0 Safari/537.36','directus_fields','91',NULL,'http://0.0.0.0:8055'),(470,'create','f971a3ff-ee87-4508-b5fd-ee6ebcb8b17f','2023-01-25 07:25:54','127.0.0.1','Mozilla/5.0 (X11; Linux x86_64) AppleWebKit/537.36 (KHTML, like Gecko) Chrome/105.0.0.0 Safari/537.36','directus_fields','111',NULL,'http://0.0.0.0:8055'),(471,'create','f971a3ff-ee87-4508-b5fd-ee6ebcb8b17f','2023-01-25 07:25:55','127.0.0.1','Mozilla/5.0 (X11; Linux x86_64) AppleWebKit/537.36 (KHTML, like Gecko) Chrome/105.0.0.0 Safari/537.36','directus_fields','112',NULL,'http://0.0.0.0:8055'),(472,'update','f971a3ff-ee87-4508-b5fd-ee6ebcb8b17f','2023-01-25 07:26:07','127.0.0.1','Mozilla/5.0 (X11; Linux x86_64) AppleWebKit/537.36 (KHTML, like Gecko) Chrome/105.0.0.0 Safari/537.36','directus_fields','111',NULL,'http://0.0.0.0:8055'),(473,'create','f971a3ff-ee87-4508-b5fd-ee6ebcb8b17f','2023-01-25 07:27:49','127.0.0.1','Mozilla/5.0 (X11; Linux x86_64) AppleWebKit/537.36 (KHTML, like Gecko) Chrome/105.0.0.0 Safari/537.36','directus_fields','113',NULL,'http://0.0.0.0:8055'),(474,'create','f971a3ff-ee87-4508-b5fd-ee6ebcb8b17f','2023-01-25 07:28:08','127.0.0.1','Mozilla/5.0 (X11; Linux x86_64) AppleWebKit/537.36 (KHTML, like Gecko) Chrome/105.0.0.0 Safari/537.36','Commander','5',NULL,'http://0.0.0.0:8055'),(475,'delete','f971a3ff-ee87-4508-b5fd-ee6ebcb8b17f','2023-01-25 07:28:14','127.0.0.1','Mozilla/5.0 (X11; Linux x86_64) AppleWebKit/537.36 (KHTML, like Gecko) Chrome/105.0.0.0 Safari/537.36','Commander','4',NULL,'http://0.0.0.0:8055'),(476,'delete','f971a3ff-ee87-4508-b5fd-ee6ebcb8b17f','2023-01-25 07:28:14','127.0.0.1','Mozilla/5.0 (X11; Linux x86_64) AppleWebKit/537.36 (KHTML, like Gecko) Chrome/105.0.0.0 Safari/537.36','Commander','3',NULL,'http://0.0.0.0:8055'),(477,'delete','f971a3ff-ee87-4508-b5fd-ee6ebcb8b17f','2023-01-25 07:28:14','127.0.0.1','Mozilla/5.0 (X11; Linux x86_64) AppleWebKit/537.36 (KHTML, like Gecko) Chrome/105.0.0.0 Safari/537.36','Commander','2',NULL,'http://0.0.0.0:8055'),(478,'create','f971a3ff-ee87-4508-b5fd-ee6ebcb8b17f','2023-01-25 07:28:45','127.0.0.1','Mozilla/5.0 (X11; Linux x86_64) AppleWebKit/537.36 (KHTML, like Gecko) Chrome/105.0.0.0 Safari/537.36','directus_fields','114',NULL,'http://0.0.0.0:8055'),(479,'create','f971a3ff-ee87-4508-b5fd-ee6ebcb8b17f','2023-01-25 07:29:36','127.0.0.1','Mozilla/5.0 (X11; Linux x86_64) AppleWebKit/537.36 (KHTML, like Gecko) Chrome/105.0.0.0 Safari/537.36','directus_fields','115',NULL,'http://0.0.0.0:8055'),(480,'create','f971a3ff-ee87-4508-b5fd-ee6ebcb8b17f','2023-01-25 07:29:36','127.0.0.1','Mozilla/5.0 (X11; Linux x86_64) AppleWebKit/537.36 (KHTML, like Gecko) Chrome/105.0.0.0 Safari/537.36','directus_fields','116',NULL,'http://0.0.0.0:8055'),(481,'update','f971a3ff-ee87-4508-b5fd-ee6ebcb8b17f','2023-01-25 07:29:57','127.0.0.1','Mozilla/5.0 (X11; Linux x86_64) AppleWebKit/537.36 (KHTML, like Gecko) Chrome/105.0.0.0 Safari/537.36','directus_fields','115',NULL,'http://0.0.0.0:8055'),(482,'create','f971a3ff-ee87-4508-b5fd-ee6ebcb8b17f','2023-01-25 07:30:16','127.0.0.1','Mozilla/5.0 (X11; Linux x86_64) AppleWebKit/537.36 (KHTML, like Gecko) Chrome/105.0.0.0 Safari/537.36','Commander','6',NULL,'http://0.0.0.0:8055'),(483,'update','f971a3ff-ee87-4508-b5fd-ee6ebcb8b17f','2023-01-25 07:30:40','127.0.0.1','Mozilla/5.0 (X11; Linux x86_64) AppleWebKit/537.36 (KHTML, like Gecko) Chrome/105.0.0.0 Safari/537.36','Commande','14',NULL,'http://0.0.0.0:8055'),(484,'update','f971a3ff-ee87-4508-b5fd-ee6ebcb8b17f','2023-01-25 07:30:47','127.0.0.1','Mozilla/5.0 (X11; Linux x86_64) AppleWebKit/537.36 (KHTML, like Gecko) Chrome/105.0.0.0 Safari/537.36','Commande','15',NULL,'http://0.0.0.0:8055'),(485,'update','f971a3ff-ee87-4508-b5fd-ee6ebcb8b17f','2023-01-25 07:31:17','127.0.0.1','Mozilla/5.0 (X11; Linux x86_64) AppleWebKit/537.36 (KHTML, like Gecko) Chrome/105.0.0.0 Safari/537.36','directus_fields','115',NULL,'http://0.0.0.0:8055'),(486,'update','f971a3ff-ee87-4508-b5fd-ee6ebcb8b17f','2023-01-25 07:33:13','127.0.0.1','Mozilla/5.0 (X11; Linux x86_64) AppleWebKit/537.36 (KHTML, like Gecko) Chrome/105.0.0.0 Safari/537.36','Commander','6',NULL,'http://0.0.0.0:8055'),(487,'update','f971a3ff-ee87-4508-b5fd-ee6ebcb8b17f','2023-01-25 07:33:16','127.0.0.1','Mozilla/5.0 (X11; Linux x86_64) AppleWebKit/537.36 (KHTML, like Gecko) Chrome/105.0.0.0 Safari/537.36','Commander','5',NULL,'http://0.0.0.0:8055'),(488,'update','f971a3ff-ee87-4508-b5fd-ee6ebcb8b17f','2023-01-25 07:37:14','127.0.0.1','Mozilla/5.0 (X11; Linux x86_64) AppleWebKit/537.36 (KHTML, like Gecko) Chrome/105.0.0.0 Safari/537.36','directus_fields','115',NULL,'http://0.0.0.0:8055'),(489,'update','f971a3ff-ee87-4508-b5fd-ee6ebcb8b17f','2023-01-25 07:37:40','127.0.0.1','Mozilla/5.0 (X11; Linux x86_64) AppleWebKit/537.36 (KHTML, like Gecko) Chrome/105.0.0.0 Safari/537.36','Commander','6',NULL,'http://0.0.0.0:8055'),(490,'create','f971a3ff-ee87-4508-b5fd-ee6ebcb8b17f','2023-01-25 07:37:40','127.0.0.1','Mozilla/5.0 (X11; Linux x86_64) AppleWebKit/537.36 (KHTML, like Gecko) Chrome/105.0.0.0 Safari/537.36','Commande','17',NULL,'http://0.0.0.0:8055'),(491,'create','f971a3ff-ee87-4508-b5fd-ee6ebcb8b17f','2023-01-25 07:40:21','127.0.0.1','Mozilla/5.0 (X11; Linux x86_64) AppleWebKit/537.36 (KHTML, like Gecko) Chrome/105.0.0.0 Safari/537.36','Commander','7',NULL,'http://0.0.0.0:8055'),(492,'create','f971a3ff-ee87-4508-b5fd-ee6ebcb8b17f','2023-01-25 07:41:04','127.0.0.1','Mozilla/5.0 (X11; Linux x86_64) AppleWebKit/537.36 (KHTML, like Gecko) Chrome/105.0.0.0 Safari/537.36','Commander','8',NULL,'http://0.0.0.0:8055'),(493,'create','f971a3ff-ee87-4508-b5fd-ee6ebcb8b17f','2023-01-25 07:42:47','127.0.0.1','Mozilla/5.0 (X11; Linux x86_64) AppleWebKit/537.36 (KHTML, like Gecko) Chrome/105.0.0.0 Safari/537.36','Produits','11',NULL,'http://0.0.0.0:8055'),(494,'create','f971a3ff-ee87-4508-b5fd-ee6ebcb8b17f','2023-01-25 07:44:09','127.0.0.1','Mozilla/5.0 (X11; Linux x86_64) AppleWebKit/537.36 (KHTML, like Gecko) Chrome/105.0.0.0 Safari/537.36','directus_fields','117',NULL,'http://0.0.0.0:8055'),(495,'create','f971a3ff-ee87-4508-b5fd-ee6ebcb8b17f','2023-01-25 07:44:09','127.0.0.1','Mozilla/5.0 (X11; Linux x86_64) AppleWebKit/537.36 (KHTML, like Gecko) Chrome/105.0.0.0 Safari/537.36','directus_fields','118',NULL,'http://0.0.0.0:8055'),(496,'update','f971a3ff-ee87-4508-b5fd-ee6ebcb8b17f','2023-01-25 07:45:26','127.0.0.1','Mozilla/5.0 (X11; Linux x86_64) AppleWebKit/537.36 (KHTML, like Gecko) Chrome/105.0.0.0 Safari/537.36','Commander','6',NULL,'http://0.0.0.0:8055'),(497,'update','f971a3ff-ee87-4508-b5fd-ee6ebcb8b17f','2023-01-25 07:45:26','127.0.0.1','Mozilla/5.0 (X11; Linux x86_64) AppleWebKit/537.36 (KHTML, like Gecko) Chrome/105.0.0.0 Safari/537.36','Commander','7',NULL,'http://0.0.0.0:8055'),(498,'update','f971a3ff-ee87-4508-b5fd-ee6ebcb8b17f','2023-01-25 07:45:26','127.0.0.1','Mozilla/5.0 (X11; Linux x86_64) AppleWebKit/537.36 (KHTML, like Gecko) Chrome/105.0.0.0 Safari/537.36','Commander','8',NULL,'http://0.0.0.0:8055'),(499,'update','f971a3ff-ee87-4508-b5fd-ee6ebcb8b17f','2023-01-25 07:45:26','127.0.0.1','Mozilla/5.0 (X11; Linux x86_64) AppleWebKit/537.36 (KHTML, like Gecko) Chrome/105.0.0.0 Safari/537.36','Commande','16',NULL,'http://0.0.0.0:8055'),(500,'update','f971a3ff-ee87-4508-b5fd-ee6ebcb8b17f','2023-01-25 07:45:41','127.0.0.1','Mozilla/5.0 (X11; Linux x86_64) AppleWebKit/537.36 (KHTML, like Gecko) Chrome/105.0.0.0 Safari/537.36','Commander','6',NULL,'http://0.0.0.0:8055'),(501,'update','f971a3ff-ee87-4508-b5fd-ee6ebcb8b17f','2023-01-25 07:45:41','127.0.0.1','Mozilla/5.0 (X11; Linux x86_64) AppleWebKit/537.36 (KHTML, like Gecko) Chrome/105.0.0.0 Safari/537.36','Commander','7',NULL,'http://0.0.0.0:8055'),(502,'update','f971a3ff-ee87-4508-b5fd-ee6ebcb8b17f','2023-01-25 07:45:41','127.0.0.1','Mozilla/5.0 (X11; Linux x86_64) AppleWebKit/537.36 (KHTML, like Gecko) Chrome/105.0.0.0 Safari/537.36','Commander','8',NULL,'http://0.0.0.0:8055'),(503,'update','f971a3ff-ee87-4508-b5fd-ee6ebcb8b17f','2023-01-25 07:45:42','127.0.0.1','Mozilla/5.0 (X11; Linux x86_64) AppleWebKit/537.36 (KHTML, like Gecko) Chrome/105.0.0.0 Safari/537.36','Commande','16',NULL,'http://0.0.0.0:8055'),(504,'update','f971a3ff-ee87-4508-b5fd-ee6ebcb8b17f','2023-01-25 07:46:19','127.0.0.1','Mozilla/5.0 (X11; Linux x86_64) AppleWebKit/537.36 (KHTML, like Gecko) Chrome/105.0.0.0 Safari/537.36','directus_fields','117',NULL,'http://0.0.0.0:8055'),(505,'create','f971a3ff-ee87-4508-b5fd-ee6ebcb8b17f','2023-01-25 07:46:54','127.0.0.1','Mozilla/5.0 (X11; Linux x86_64) AppleWebKit/537.36 (KHTML, like Gecko) Chrome/105.0.0.0 Safari/537.36','directus_fields','119',NULL,'http://0.0.0.0:8055'),(506,'update','f971a3ff-ee87-4508-b5fd-ee6ebcb8b17f','2023-01-25 07:48:07','127.0.0.1','Mozilla/5.0 (X11; Linux x86_64) AppleWebKit/537.36 (KHTML, like Gecko) Chrome/105.0.0.0 Safari/537.36','Commande','16',NULL,'http://0.0.0.0:8055'),(507,'create','f971a3ff-ee87-4508-b5fd-ee6ebcb8b17f','2023-01-25 08:09:58','127.0.0.1','Mozilla/5.0 (X11; Linux x86_64) AppleWebKit/537.36 (KHTML, like Gecko) Chrome/105.0.0.0 Safari/537.36','Commander','9',NULL,'http://0.0.0.0:8055'),(508,'update','f971a3ff-ee87-4508-b5fd-ee6ebcb8b17f','2023-01-25 08:10:44','127.0.0.1','Mozilla/5.0 (X11; Linux x86_64) AppleWebKit/537.36 (KHTML, like Gecko) Chrome/105.0.0.0 Safari/537.36','directus_fields','119',NULL,'http://0.0.0.0:8055'),(509,'create','f971a3ff-ee87-4508-b5fd-ee6ebcb8b17f','2023-01-25 08:15:27','127.0.0.1','Mozilla/5.0 (X11; Linux x86_64) AppleWebKit/537.36 (KHTML, like Gecko) Chrome/105.0.0.0 Safari/537.36','directus_fields','120',NULL,'http://0.0.0.0:8055'),(510,'create','f971a3ff-ee87-4508-b5fd-ee6ebcb8b17f','2023-01-25 08:15:27','127.0.0.1','Mozilla/5.0 (X11; Linux x86_64) AppleWebKit/537.36 (KHTML, like Gecko) Chrome/105.0.0.0 Safari/537.36','directus_fields','121',NULL,'http://0.0.0.0:8055'),(511,'create','f971a3ff-ee87-4508-b5fd-ee6ebcb8b17f','2023-01-25 08:15:27','127.0.0.1','Mozilla/5.0 (X11; Linux x86_64) AppleWebKit/537.36 (KHTML, like Gecko) Chrome/105.0.0.0 Safari/537.36','directus_collections','Commande_Commander',NULL,'http://0.0.0.0:8055'),(512,'create','f971a3ff-ee87-4508-b5fd-ee6ebcb8b17f','2023-01-25 08:15:27','127.0.0.1','Mozilla/5.0 (X11; Linux x86_64) AppleWebKit/537.36 (KHTML, like Gecko) Chrome/105.0.0.0 Safari/537.36','directus_fields','122',NULL,'http://0.0.0.0:8055'),(513,'create','f971a3ff-ee87-4508-b5fd-ee6ebcb8b17f','2023-01-25 08:15:27','127.0.0.1','Mozilla/5.0 (X11; Linux x86_64) AppleWebKit/537.36 (KHTML, like Gecko) Chrome/105.0.0.0 Safari/537.36','directus_fields','123',NULL,'http://0.0.0.0:8055'),(514,'delete','f971a3ff-ee87-4508-b5fd-ee6ebcb8b17f','2023-01-25 08:15:36','127.0.0.1','Mozilla/5.0 (X11; Linux x86_64) AppleWebKit/537.36 (KHTML, like Gecko) Chrome/105.0.0.0 Safari/537.36','directus_collections','Commande_Commander',NULL,'http://0.0.0.0:8055'),(515,'create','f971a3ff-ee87-4508-b5fd-ee6ebcb8b17f','2023-01-25 08:30:37','127.0.0.1','Mozilla/5.0 (X11; Linux x86_64) AppleWebKit/537.36 (KHTML, like Gecko) Chrome/105.0.0.0 Safari/537.36','directus_fields','124',NULL,'http://0.0.0.0:8055'),(516,'update','f971a3ff-ee87-4508-b5fd-ee6ebcb8b17f','2023-01-25 08:36:25','127.0.0.1','Mozilla/5.0 (X11; Linux x86_64) AppleWebKit/537.36 (KHTML, like Gecko) Chrome/105.0.0.0 Safari/537.36','directus_fields','124',NULL,'http://0.0.0.0:8055'),(517,'update','f971a3ff-ee87-4508-b5fd-ee6ebcb8b17f','2023-01-25 08:36:34','127.0.0.1','Mozilla/5.0 (X11; Linux x86_64) AppleWebKit/537.36 (KHTML, like Gecko) Chrome/105.0.0.0 Safari/537.36','directus_fields','124',NULL,'http://0.0.0.0:8055'),(518,'create','f971a3ff-ee87-4508-b5fd-ee6ebcb8b17f','2023-01-25 08:37:03','127.0.0.1','Mozilla/5.0 (X11; Linux x86_64) AppleWebKit/537.36 (KHTML, like Gecko) Chrome/105.0.0.0 Safari/537.36','Commander','10',NULL,'http://0.0.0.0:8055'),(519,'update','f971a3ff-ee87-4508-b5fd-ee6ebcb8b17f','2023-01-25 08:46:36','127.0.0.1','Mozilla/5.0 (X11; Linux x86_64) AppleWebKit/537.36 (KHTML, like Gecko) Chrome/105.0.0.0 Safari/537.36','directus_fields','124',NULL,'http://0.0.0.0:8055'),(520,'update','f971a3ff-ee87-4508-b5fd-ee6ebcb8b17f','2023-01-25 08:47:08','127.0.0.1','Mozilla/5.0 (X11; Linux x86_64) AppleWebKit/537.36 (KHTML, like Gecko) Chrome/105.0.0.0 Safari/537.36','directus_fields','124',NULL,'http://0.0.0.0:8055'),(521,'create','f971a3ff-ee87-4508-b5fd-ee6ebcb8b17f','2023-01-25 08:57:04','127.0.0.1','Mozilla/5.0 (X11; Linux x86_64) AppleWebKit/537.36 (KHTML, like Gecko) Chrome/105.0.0.0 Safari/537.36','directus_fields','125',NULL,'http://0.0.0.0:8055'),(522,'create','f971a3ff-ee87-4508-b5fd-ee6ebcb8b17f','2023-01-25 08:57:05','127.0.0.1','Mozilla/5.0 (X11; Linux x86_64) AppleWebKit/537.36 (KHTML, like Gecko) Chrome/105.0.0.0 Safari/537.36','directus_fields','126',NULL,'http://0.0.0.0:8055'),(523,'delete','f971a3ff-ee87-4508-b5fd-ee6ebcb8b17f','2023-01-25 08:57:23','127.0.0.1','Mozilla/5.0 (X11; Linux x86_64) AppleWebKit/537.36 (KHTML, like Gecko) Chrome/105.0.0.0 Safari/537.36','Commander','5',NULL,'http://0.0.0.0:8055'),(524,'delete','f971a3ff-ee87-4508-b5fd-ee6ebcb8b17f','2023-01-25 08:57:23','127.0.0.1','Mozilla/5.0 (X11; Linux x86_64) AppleWebKit/537.36 (KHTML, like Gecko) Chrome/105.0.0.0 Safari/537.36','Commander','6',NULL,'http://0.0.0.0:8055'),(525,'delete','f971a3ff-ee87-4508-b5fd-ee6ebcb8b17f','2023-01-25 08:57:23','127.0.0.1','Mozilla/5.0 (X11; Linux x86_64) AppleWebKit/537.36 (KHTML, like Gecko) Chrome/105.0.0.0 Safari/537.36','Commander','7',NULL,'http://0.0.0.0:8055'),(526,'delete','f971a3ff-ee87-4508-b5fd-ee6ebcb8b17f','2023-01-25 08:57:23','127.0.0.1','Mozilla/5.0 (X11; Linux x86_64) AppleWebKit/537.36 (KHTML, like Gecko) Chrome/105.0.0.0 Safari/537.36','Commander','8',NULL,'http://0.0.0.0:8055'),(527,'delete','f971a3ff-ee87-4508-b5fd-ee6ebcb8b17f','2023-01-25 08:57:23','127.0.0.1','Mozilla/5.0 (X11; Linux x86_64) AppleWebKit/537.36 (KHTML, like Gecko) Chrome/105.0.0.0 Safari/537.36','Commander','9',NULL,'http://0.0.0.0:8055'),(528,'delete','f971a3ff-ee87-4508-b5fd-ee6ebcb8b17f','2023-01-25 08:57:23','127.0.0.1','Mozilla/5.0 (X11; Linux x86_64) AppleWebKit/537.36 (KHTML, like Gecko) Chrome/105.0.0.0 Safari/537.36','Commander','10',NULL,'http://0.0.0.0:8055'),(529,'create','f971a3ff-ee87-4508-b5fd-ee6ebcb8b17f','2023-01-25 08:57:31','127.0.0.1','Mozilla/5.0 (X11; Linux x86_64) AppleWebKit/537.36 (KHTML, like Gecko) Chrome/105.0.0.0 Safari/537.36','Commander','11',NULL,'http://0.0.0.0:8055'),(530,'update','f971a3ff-ee87-4508-b5fd-ee6ebcb8b17f','2023-01-25 08:57:37','127.0.0.1','Mozilla/5.0 (X11; Linux x86_64) AppleWebKit/537.36 (KHTML, like Gecko) Chrome/105.0.0.0 Safari/537.36','directus_fields','126',NULL,'http://0.0.0.0:8055'),(531,'update','f971a3ff-ee87-4508-b5fd-ee6ebcb8b17f','2023-01-25 08:57:45','127.0.0.1','Mozilla/5.0 (X11; Linux x86_64) AppleWebKit/537.36 (KHTML, like Gecko) Chrome/105.0.0.0 Safari/537.36','Commander','11',NULL,'http://0.0.0.0:8055'),(532,'create','f971a3ff-ee87-4508-b5fd-ee6ebcb8b17f','2023-01-25 08:58:24','127.0.0.1','Mozilla/5.0 (X11; Linux x86_64) AppleWebKit/537.36 (KHTML, like Gecko) Chrome/105.0.0.0 Safari/537.36','Commander','12',NULL,'http://0.0.0.0:8055'),(533,'delete','f971a3ff-ee87-4508-b5fd-ee6ebcb8b17f','2023-01-25 08:58:44','127.0.0.1','Mozilla/5.0 (X11; Linux x86_64) AppleWebKit/537.36 (KHTML, like Gecko) Chrome/105.0.0.0 Safari/537.36','Commande','15',NULL,'http://0.0.0.0:8055'),(534,'delete','f971a3ff-ee87-4508-b5fd-ee6ebcb8b17f','2023-01-25 08:58:44','127.0.0.1','Mozilla/5.0 (X11; Linux x86_64) AppleWebKit/537.36 (KHTML, like Gecko) Chrome/105.0.0.0 Safari/537.36','Commande','14',NULL,'http://0.0.0.0:8055'),(535,'delete','f971a3ff-ee87-4508-b5fd-ee6ebcb8b17f','2023-01-25 08:58:44','127.0.0.1','Mozilla/5.0 (X11; Linux x86_64) AppleWebKit/537.36 (KHTML, like Gecko) Chrome/105.0.0.0 Safari/537.36','Commande','16',NULL,'http://0.0.0.0:8055'),(536,'update','f971a3ff-ee87-4508-b5fd-ee6ebcb8b17f','2023-01-25 08:59:00','127.0.0.1','Mozilla/5.0 (X11; Linux x86_64) AppleWebKit/537.36 (KHTML, like Gecko) Chrome/105.0.0.0 Safari/537.36','directus_fields','125',NULL,'http://0.0.0.0:8055'),(537,'create','f971a3ff-ee87-4508-b5fd-ee6ebcb8b17f','2023-01-25 09:04:12','127.0.0.1','Mozilla/5.0 (X11; Linux x86_64) AppleWebKit/537.36 (KHTML, like Gecko) Chrome/105.0.0.0 Safari/537.36','Commander','13',NULL,'http://0.0.0.0:8055'),(538,'create','f971a3ff-ee87-4508-b5fd-ee6ebcb8b17f','2023-01-25 09:05:29','127.0.0.1','Mozilla/5.0 (X11; Linux x86_64) AppleWebKit/537.36 (KHTML, like Gecko) Chrome/105.0.0.0 Safari/537.36','directus_panels','61adb7c2-d6a5-44ce-8229-70a8f591bb45',NULL,'http://0.0.0.0:8055'),(539,'update','f971a3ff-ee87-4508-b5fd-ee6ebcb8b17f','2023-01-25 09:05:29','127.0.0.1','Mozilla/5.0 (X11; Linux x86_64) AppleWebKit/537.36 (KHTML, like Gecko) Chrome/105.0.0.0 Safari/537.36','directus_panels','36bba518-bbc4-41f7-9b16-76ca1fd13b20',NULL,'http://0.0.0.0:8055');
/*!40000 ALTER TABLE `directus_activity` ENABLE KEYS */;
UNLOCK TABLES;

--
-- Table structure for table `directus_collections`
--

DROP TABLE IF EXISTS `directus_collections`;
/*!40101 SET @saved_cs_client     = @@character_set_client */;
/*!40101 SET character_set_client = utf8 */;
CREATE TABLE `directus_collections` (
  `collection` varchar(64) NOT NULL,
  `icon` varchar(30) DEFAULT NULL,
  `note` text DEFAULT NULL,
  `display_template` varchar(255) DEFAULT NULL,
  `hidden` tinyint(1) NOT NULL DEFAULT 0,
  `singleton` tinyint(1) NOT NULL DEFAULT 0,
  `translations` longtext CHARACTER SET utf8mb4 COLLATE utf8mb4_bin DEFAULT NULL,
  `archive_field` varchar(64) DEFAULT NULL,
  `archive_app_filter` tinyint(1) NOT NULL DEFAULT 1,
  `archive_value` varchar(255) DEFAULT NULL,
  `unarchive_value` varchar(255) DEFAULT NULL,
  `sort_field` varchar(64) DEFAULT NULL,
  `accountability` varchar(255) DEFAULT 'all',
  `color` varchar(255) DEFAULT NULL,
  `item_duplication_fields` longtext CHARACTER SET utf8mb4 COLLATE utf8mb4_bin DEFAULT NULL,
  `sort` int(11) DEFAULT NULL,
  `group` varchar(64) DEFAULT NULL,
  `collapse` varchar(255) NOT NULL DEFAULT 'open',
  PRIMARY KEY (`collection`),
  KEY `directus_collections_group_foreign` (`group`),
  CONSTRAINT `directus_collections_group_foreign` FOREIGN KEY (`group`) REFERENCES `directus_collections` (`collection`)
) ENGINE=InnoDB DEFAULT CHARSET=utf8mb4 COLLATE=utf8mb4_general_ci;
/*!40101 SET character_set_client = @saved_cs_client */;

--
-- Dumping data for table `directus_collections`
--

LOCK TABLES `directus_collections` WRITE;
/*!40000 ALTER TABLE `directus_collections` DISABLE KEYS */;
INSERT INTO `directus_collections` VALUES ('Categorie',NULL,NULL,NULL,0,0,NULL,NULL,1,NULL,NULL,NULL,'all',NULL,NULL,1,NULL,'open'),('Commande',NULL,NULL,NULL,0,0,NULL,NULL,1,NULL,NULL,NULL,'all',NULL,NULL,2,NULL,'open'),('Commander',NULL,NULL,NULL,0,0,NULL,NULL,1,NULL,NULL,NULL,'all',NULL,NULL,3,NULL,'open'),('Produits',NULL,NULL,NULL,0,0,NULL,NULL,1,NULL,NULL,NULL,'all',NULL,NULL,4,NULL,'open');
/*!40000 ALTER TABLE `directus_collections` ENABLE KEYS */;
UNLOCK TABLES;

--
-- Table structure for table `directus_dashboards`
--

DROP TABLE IF EXISTS `directus_dashboards`;
/*!40101 SET @saved_cs_client     = @@character_set_client */;
/*!40101 SET character_set_client = utf8 */;
CREATE TABLE `directus_dashboards` (
  `id` char(36) NOT NULL,
  `name` varchar(255) NOT NULL,
  `icon` varchar(30) NOT NULL DEFAULT 'dashboard',
  `note` text DEFAULT NULL,
  `date_created` timestamp NOT NULL DEFAULT current_timestamp(),
  `user_created` char(36) DEFAULT NULL,
  `color` varchar(255) DEFAULT NULL,
  PRIMARY KEY (`id`),
  KEY `directus_dashboards_user_created_foreign` (`user_created`),
  CONSTRAINT `directus_dashboards_user_created_foreign` FOREIGN KEY (`user_created`) REFERENCES `directus_users` (`id`) ON DELETE SET NULL
) ENGINE=InnoDB DEFAULT CHARSET=utf8mb4 COLLATE=utf8mb4_general_ci;
/*!40101 SET character_set_client = @saved_cs_client */;

--
-- Dumping data for table `directus_dashboards`
--

LOCK TABLES `directus_dashboards` WRITE;
/*!40000 ALTER TABLE `directus_dashboards` DISABLE KEYS */;
INSERT INTO `directus_dashboards` VALUES ('31f47bb1-6357-4c70-ae2d-9ee2ffd32605','Test','dashboard','Commande','2023-01-24 17:40:11','f971a3ff-ee87-4508-b5fd-ee6ebcb8b17f',NULL);
/*!40000 ALTER TABLE `directus_dashboards` ENABLE KEYS */;
UNLOCK TABLES;

--
-- Table structure for table `directus_fields`
--

DROP TABLE IF EXISTS `directus_fields`;
/*!40101 SET @saved_cs_client     = @@character_set_client */;
/*!40101 SET character_set_client = utf8 */;
CREATE TABLE `directus_fields` (
  `id` int(10) unsigned NOT NULL AUTO_INCREMENT,
  `collection` varchar(64) NOT NULL,
  `field` varchar(64) NOT NULL,
  `special` varchar(64) DEFAULT NULL,
  `interface` varchar(64) DEFAULT NULL,
  `options` longtext CHARACTER SET utf8mb4 COLLATE utf8mb4_bin DEFAULT NULL,
  `display` varchar(64) DEFAULT NULL,
  `display_options` longtext CHARACTER SET utf8mb4 COLLATE utf8mb4_bin DEFAULT NULL,
  `readonly` tinyint(1) NOT NULL DEFAULT 0,
  `hidden` tinyint(1) NOT NULL DEFAULT 0,
  `sort` int(10) unsigned DEFAULT NULL,
  `width` varchar(30) DEFAULT 'full',
  `translations` longtext CHARACTER SET utf8mb4 COLLATE utf8mb4_bin DEFAULT NULL,
  `note` text DEFAULT NULL,
  `conditions` longtext CHARACTER SET utf8mb4 COLLATE utf8mb4_bin DEFAULT NULL,
  `required` tinyint(1) DEFAULT 0,
  `group` varchar(64) DEFAULT NULL,
  `validation` longtext CHARACTER SET utf8mb4 COLLATE utf8mb4_bin DEFAULT NULL,
  `validation_message` text DEFAULT NULL,
  PRIMARY KEY (`id`),
  KEY `directus_fields_collection_foreign` (`collection`)
) ENGINE=InnoDB AUTO_INCREMENT=127 DEFAULT CHARSET=utf8mb4 COLLATE=utf8mb4_general_ci;
/*!40101 SET character_set_client = @saved_cs_client */;

--
-- Dumping data for table `directus_fields`
--

LOCK TABLES `directus_fields` WRITE;
/*!40000 ALTER TABLE `directus_fields` DISABLE KEYS */;
INSERT INTO `directus_fields` VALUES (1,'Produits','id',NULL,'input',NULL,NULL,NULL,1,1,5,'full',NULL,NULL,NULL,0,NULL,NULL,NULL),(3,'Produits','Nombre_De_Stock',NULL,'input','{\"min\":0}',NULL,NULL,0,0,4,'full',NULL,NULL,NULL,0,NULL,NULL,NULL),(4,'Produits','Prix',NULL,'input','{\"min\":0}',NULL,NULL,0,0,3,'full',NULL,NULL,NULL,0,NULL,NULL,NULL),(5,'Categorie','id',NULL,'input',NULL,NULL,NULL,1,1,NULL,'full',NULL,NULL,NULL,0,NULL,NULL,NULL),(6,'Categorie','Categorie',NULL,'input',NULL,NULL,NULL,0,0,NULL,'full',NULL,NULL,NULL,0,NULL,NULL,NULL),(7,'Produits','Catgorie','m2o','select-dropdown-m2o','{\"choices\":null,\"template\":\"{{Categorie}}\"}','related-values','{\"template\":\"{{Categorie}}\"}',0,0,2,'full',NULL,NULL,NULL,0,NULL,NULL,NULL),(19,'Commande','id',NULL,'input',NULL,NULL,NULL,1,1,1,'full',NULL,NULL,NULL,0,NULL,NULL,NULL),(20,'Commande','date_created','date-created','datetime',NULL,'datetime','{\"relative\":true}',1,1,3,'fill',NULL,NULL,NULL,0,NULL,NULL,NULL),(28,'Commande','Date_De_Retrait',NULL,'datetime',NULL,NULL,NULL,0,0,2,'full',NULL,NULL,NULL,1,NULL,NULL,NULL),(54,'Commande','Nom_Bon_Commande',NULL,'input',NULL,NULL,NULL,0,0,4,'full',NULL,NULL,NULL,1,NULL,NULL,NULL),(79,'Produits','Nom_Produits',NULL,'input',NULL,NULL,NULL,0,0,1,'full',NULL,NULL,NULL,0,NULL,NULL,NULL),(90,'Commander','id',NULL,'input',NULL,NULL,NULL,1,1,NULL,'full',NULL,NULL,NULL,0,NULL,NULL,NULL),(91,'Commander','Quantites',NULL,'input',NULL,NULL,NULL,0,0,NULL,'full',NULL,NULL,NULL,1,NULL,NULL,NULL),(106,'Produits','Test_Produis','o2m','list-o2m',NULL,NULL,NULL,0,1,NULL,'full',NULL,NULL,NULL,0,NULL,NULL,NULL),(107,'Commander','Nom_Produits',NULL,'select-dropdown-m2o',NULL,'related-values','{\"template\":\"{{Nom_Produits}}\"}',0,0,NULL,'full',NULL,NULL,NULL,0,NULL,NULL,NULL),(118,'Commander','Test',NULL,'select-dropdown-m2o',NULL,NULL,NULL,0,1,NULL,'full',NULL,NULL,NULL,0,NULL,NULL,NULL),(125,'Commande','Test_Commande','o2m','list-o2m','{\"template\":\"{{Nom_Produits}}\"}',NULL,NULL,0,1,NULL,'full',NULL,NULL,NULL,0,NULL,NULL,NULL),(126,'Commander','Commande',NULL,'select-dropdown-m2o',NULL,NULL,NULL,0,0,NULL,'full',NULL,NULL,NULL,0,NULL,NULL,NULL);
/*!40000 ALTER TABLE `directus_fields` ENABLE KEYS */;
UNLOCK TABLES;

--
-- Table structure for table `directus_files`
--

DROP TABLE IF EXISTS `directus_files`;
/*!40101 SET @saved_cs_client     = @@character_set_client */;
/*!40101 SET character_set_client = utf8 */;
CREATE TABLE `directus_files` (
  `id` char(36) NOT NULL,
  `storage` varchar(255) NOT NULL,
  `filename_disk` varchar(255) DEFAULT NULL,
  `filename_download` varchar(255) NOT NULL,
  `title` varchar(255) DEFAULT NULL,
  `type` varchar(255) DEFAULT NULL,
  `folder` char(36) DEFAULT NULL,
  `uploaded_by` char(36) DEFAULT NULL,
  `uploaded_on` timestamp NOT NULL DEFAULT current_timestamp(),
  `modified_by` char(36) DEFAULT NULL,
  `modified_on` timestamp NOT NULL DEFAULT current_timestamp(),
  `charset` varchar(50) DEFAULT NULL,
  `filesize` bigint(20) DEFAULT NULL,
  `width` int(10) unsigned DEFAULT NULL,
  `height` int(10) unsigned DEFAULT NULL,
  `duration` int(10) unsigned DEFAULT NULL,
  `embed` varchar(200) DEFAULT NULL,
  `description` text DEFAULT NULL,
  `location` text DEFAULT NULL,
  `tags` text DEFAULT NULL,
  `metadata` longtext CHARACTER SET utf8mb4 COLLATE utf8mb4_bin DEFAULT NULL,
  PRIMARY KEY (`id`),
  KEY `directus_files_uploaded_by_foreign` (`uploaded_by`),
  KEY `directus_files_modified_by_foreign` (`modified_by`),
  KEY `directus_files_folder_foreign` (`folder`),
  CONSTRAINT `directus_files_folder_foreign` FOREIGN KEY (`folder`) REFERENCES `directus_folders` (`id`) ON DELETE SET NULL,
  CONSTRAINT `directus_files_modified_by_foreign` FOREIGN KEY (`modified_by`) REFERENCES `directus_users` (`id`),
  CONSTRAINT `directus_files_uploaded_by_foreign` FOREIGN KEY (`uploaded_by`) REFERENCES `directus_users` (`id`)
) ENGINE=InnoDB DEFAULT CHARSET=utf8mb4 COLLATE=utf8mb4_general_ci;
/*!40101 SET character_set_client = @saved_cs_client */;

--
-- Dumping data for table `directus_files`
--

LOCK TABLES `directus_files` WRITE;
/*!40000 ALTER TABLE `directus_files` DISABLE KEYS */;
INSERT INTO `directus_files` VALUES ('124e75b6-4db6-4e25-ac35-f6e7bd789d08','local','124e75b6-4db6-4e25-ac35-f6e7bd789d08.jpeg','test_campagne.jpeg','Test Campagne','image/jpeg',NULL,'f971a3ff-ee87-4508-b5fd-ee6ebcb8b17f','2023-01-24 11:06:03',NULL,'2023-01-24 10:06:03',NULL,11275,225,225,NULL,NULL,NULL,NULL,NULL,'{}'),('f01574ea-f84f-4fd8-9c20-d490be87cceb','local','f01574ea-f84f-4fd8-9c20-d490be87cceb.png','Logo CMC-PNG.png','Logo Cmc Png','image/png',NULL,'f971a3ff-ee87-4508-b5fd-ee6ebcb8b17f','2023-01-24 10:40:16',NULL,'2023-01-24 09:40:16',NULL,208359,506,493,NULL,NULL,NULL,NULL,NULL,'{}');
/*!40000 ALTER TABLE `directus_files` ENABLE KEYS */;
UNLOCK TABLES;

--
-- Table structure for table `directus_flows`
--

DROP TABLE IF EXISTS `directus_flows`;
/*!40101 SET @saved_cs_client     = @@character_set_client */;
/*!40101 SET character_set_client = utf8 */;
CREATE TABLE `directus_flows` (
  `id` char(36) NOT NULL,
  `name` varchar(255) NOT NULL,
  `icon` varchar(30) DEFAULT NULL,
  `color` varchar(255) DEFAULT NULL,
  `description` text DEFAULT NULL,
  `status` varchar(255) NOT NULL DEFAULT 'active',
  `trigger` varchar(255) DEFAULT NULL,
  `accountability` varchar(255) DEFAULT 'all',
  `options` longtext CHARACTER SET utf8mb4 COLLATE utf8mb4_bin DEFAULT NULL,
  `operation` char(36) DEFAULT NULL,
  `date_created` timestamp NOT NULL DEFAULT current_timestamp(),
  `user_created` char(36) DEFAULT NULL,
  PRIMARY KEY (`id`),
  UNIQUE KEY `directus_flows_operation_unique` (`operation`),
  KEY `directus_flows_user_created_foreign` (`user_created`),
  CONSTRAINT `directus_flows_user_created_foreign` FOREIGN KEY (`user_created`) REFERENCES `directus_users` (`id`) ON DELETE SET NULL
) ENGINE=InnoDB DEFAULT CHARSET=utf8mb4 COLLATE=utf8mb4_general_ci;
/*!40101 SET character_set_client = @saved_cs_client */;

--
-- Dumping data for table `directus_flows`
--

LOCK TABLES `directus_flows` WRITE;
/*!40000 ALTER TABLE `directus_flows` DISABLE KEYS */;
/*!40000 ALTER TABLE `directus_flows` ENABLE KEYS */;
UNLOCK TABLES;

--
-- Table structure for table `directus_folders`
--

DROP TABLE IF EXISTS `directus_folders`;
/*!40101 SET @saved_cs_client     = @@character_set_client */;
/*!40101 SET character_set_client = utf8 */;
CREATE TABLE `directus_folders` (
  `id` char(36) NOT NULL,
  `name` varchar(255) NOT NULL,
  `parent` char(36) DEFAULT NULL,
  PRIMARY KEY (`id`),
  KEY `directus_folders_parent_foreign` (`parent`),
  CONSTRAINT `directus_folders_parent_foreign` FOREIGN KEY (`parent`) REFERENCES `directus_folders` (`id`)
) ENGINE=InnoDB DEFAULT CHARSET=utf8mb4 COLLATE=utf8mb4_general_ci;
/*!40101 SET character_set_client = @saved_cs_client */;

--
-- Dumping data for table `directus_folders`
--

LOCK TABLES `directus_folders` WRITE;
/*!40000 ALTER TABLE `directus_folders` DISABLE KEYS */;
/*!40000 ALTER TABLE `directus_folders` ENABLE KEYS */;
UNLOCK TABLES;

--
-- Table structure for table `directus_migrations`
--

DROP TABLE IF EXISTS `directus_migrations`;
/*!40101 SET @saved_cs_client     = @@character_set_client */;
/*!40101 SET character_set_client = utf8 */;
CREATE TABLE `directus_migrations` (
  `version` varchar(255) NOT NULL,
  `name` varchar(255) NOT NULL,
  `timestamp` timestamp NOT NULL DEFAULT current_timestamp(),
  PRIMARY KEY (`version`)
) ENGINE=InnoDB DEFAULT CHARSET=utf8mb4 COLLATE=utf8mb4_general_ci;
/*!40101 SET character_set_client = @saved_cs_client */;

--
-- Dumping data for table `directus_migrations`
--

LOCK TABLES `directus_migrations` WRITE;
/*!40000 ALTER TABLE `directus_migrations` DISABLE KEYS */;
INSERT INTO `directus_migrations` VALUES ('20201028A','Remove Collection Foreign Keys','2023-01-24 10:35:28'),('20201029A','Remove System Relations','2023-01-24 10:35:28'),('20201029B','Remove System Collections','2023-01-24 10:35:28'),('20201029C','Remove System Fields','2023-01-24 10:35:28'),('20201105A','Add Cascade System Relations','2023-01-24 10:35:29'),('20201105B','Change Webhook URL Type','2023-01-24 10:35:30'),('20210225A','Add Relations Sort Field','2023-01-24 10:35:30'),('20210304A','Remove Locked Fields','2023-01-24 10:35:30'),('20210312A','Webhooks Collections Text','2023-01-24 10:35:30'),('20210331A','Add Refresh Interval','2023-01-24 10:35:30'),('20210415A','Make Filesize Nullable','2023-01-24 10:35:30'),('20210416A','Add Collections Accountability','2023-01-24 10:35:30'),('20210422A','Remove Files Interface','2023-01-24 10:35:30'),('20210506A','Rename Interfaces','2023-01-24 10:35:30'),('20210510A','Restructure Relations','2023-01-24 10:35:30'),('20210518A','Add Foreign Key Constraints','2023-01-24 10:35:30'),('20210519A','Add System Fk Triggers','2023-01-24 10:35:31'),('20210521A','Add Collections Icon Color','2023-01-24 10:35:31'),('20210525A','Add Insights','2023-01-24 10:35:31'),('20210608A','Add Deep Clone Config','2023-01-24 10:35:31'),('20210626A','Change Filesize Bigint','2023-01-24 10:35:31'),('20210716A','Add Conditions to Fields','2023-01-24 10:35:31'),('20210721A','Add Default Folder','2023-01-24 10:35:31'),('20210802A','Replace Groups','2023-01-24 10:35:31'),('20210803A','Add Required to Fields','2023-01-24 10:35:31'),('20210805A','Update Groups','2023-01-24 10:35:31'),('20210805B','Change Image Metadata Structure','2023-01-24 10:35:31'),('20210811A','Add Geometry Config','2023-01-24 10:35:31'),('20210831A','Remove Limit Column','2023-01-24 10:35:31'),('20210903A','Add Auth Provider','2023-01-24 10:35:31'),('20210907A','Webhooks Collections Not Null','2023-01-24 10:35:31'),('20210910A','Move Module Setup','2023-01-24 10:35:32'),('20210920A','Webhooks URL Not Null','2023-01-24 10:35:32'),('20210924A','Add Collection Organization','2023-01-24 10:35:32'),('20210927A','Replace Fields Group','2023-01-24 10:35:32'),('20210927B','Replace M2M Interface','2023-01-24 10:35:32'),('20210929A','Rename Login Action','2023-01-24 10:35:32'),('20211007A','Update Presets','2023-01-24 10:35:32'),('20211009A','Add Auth Data','2023-01-24 10:35:32'),('20211016A','Add Webhook Headers','2023-01-24 10:35:32'),('20211103A','Set Unique to User Token','2023-01-24 10:35:32'),('20211103B','Update Special Geometry','2023-01-24 10:35:32'),('20211104A','Remove Collections Listing','2023-01-24 10:35:32'),('20211118A','Add Notifications','2023-01-24 10:35:32'),('20211211A','Add Shares','2023-01-24 10:35:33'),('20211230A','Add Project Descriptor','2023-01-24 10:35:33'),('20220303A','Remove Default Project Color','2023-01-24 10:35:33'),('20220308A','Add Bookmark Icon and Color','2023-01-24 10:35:33'),('20220314A','Add Translation Strings','2023-01-24 10:35:33'),('20220322A','Rename Field Typecast Flags','2023-01-24 10:35:33'),('20220323A','Add Field Validation','2023-01-24 10:35:33'),('20220325A','Fix Typecast Flags','2023-01-24 10:35:33'),('20220325B','Add Default Language','2023-01-24 10:35:33'),('20220402A','Remove Default Value Panel Icon','2023-01-24 10:35:33'),('20220429A','Add Flows','2023-01-24 10:35:33'),('20220429B','Add Color to Insights Icon','2023-01-24 10:35:33'),('20220429C','Drop Non Null From IP of Activity','2023-01-24 10:35:33'),('20220429D','Drop Non Null From Sender of Notifications','2023-01-24 10:35:33'),('20220614A','Rename Hook Trigger to Event','2023-01-24 10:35:33'),('20220801A','Update Notifications Timestamp Column','2023-01-24 10:35:33'),('20220802A','Add Custom Aspect Ratios','2023-01-24 10:35:33'),('20220826A','Add Origin to Accountability','2023-01-24 10:35:33');
/*!40000 ALTER TABLE `directus_migrations` ENABLE KEYS */;
UNLOCK TABLES;

--
-- Table structure for table `directus_notifications`
--

DROP TABLE IF EXISTS `directus_notifications`;
/*!40101 SET @saved_cs_client     = @@character_set_client */;
/*!40101 SET character_set_client = utf8 */;
CREATE TABLE `directus_notifications` (
  `id` int(10) unsigned NOT NULL AUTO_INCREMENT,
  `timestamp` timestamp NULL DEFAULT current_timestamp(),
  `status` varchar(255) DEFAULT 'inbox',
  `recipient` char(36) NOT NULL,
  `sender` char(36) DEFAULT NULL,
  `subject` varchar(255) NOT NULL,
  `message` text DEFAULT NULL,
  `collection` varchar(64) DEFAULT NULL,
  `item` varchar(255) DEFAULT NULL,
  PRIMARY KEY (`id`),
  KEY `directus_notifications_recipient_foreign` (`recipient`),
  KEY `directus_notifications_sender_foreign` (`sender`),
  CONSTRAINT `directus_notifications_recipient_foreign` FOREIGN KEY (`recipient`) REFERENCES `directus_users` (`id`) ON DELETE CASCADE,
  CONSTRAINT `directus_notifications_sender_foreign` FOREIGN KEY (`sender`) REFERENCES `directus_users` (`id`)
) ENGINE=InnoDB DEFAULT CHARSET=utf8mb4 COLLATE=utf8mb4_general_ci;
/*!40101 SET character_set_client = @saved_cs_client */;

--
-- Dumping data for table `directus_notifications`
--

LOCK TABLES `directus_notifications` WRITE;
/*!40000 ALTER TABLE `directus_notifications` DISABLE KEYS */;
/*!40000 ALTER TABLE `directus_notifications` ENABLE KEYS */;
UNLOCK TABLES;

--
-- Table structure for table `directus_operations`
--

DROP TABLE IF EXISTS `directus_operations`;
/*!40101 SET @saved_cs_client     = @@character_set_client */;
/*!40101 SET character_set_client = utf8 */;
CREATE TABLE `directus_operations` (
  `id` char(36) NOT NULL,
  `name` varchar(255) DEFAULT NULL,
  `key` varchar(255) NOT NULL,
  `type` varchar(255) NOT NULL,
  `position_x` int(11) NOT NULL,
  `position_y` int(11) NOT NULL,
  `options` longtext CHARACTER SET utf8mb4 COLLATE utf8mb4_bin DEFAULT NULL,
  `resolve` char(36) DEFAULT NULL,
  `reject` char(36) DEFAULT NULL,
  `flow` char(36) NOT NULL,
  `date_created` timestamp NOT NULL DEFAULT current_timestamp(),
  `user_created` char(36) DEFAULT NULL,
  PRIMARY KEY (`id`),
  UNIQUE KEY `directus_operations_resolve_unique` (`resolve`),
  UNIQUE KEY `directus_operations_reject_unique` (`reject`),
  KEY `directus_operations_flow_foreign` (`flow`),
  KEY `directus_operations_user_created_foreign` (`user_created`),
  CONSTRAINT `directus_operations_flow_foreign` FOREIGN KEY (`flow`) REFERENCES `directus_flows` (`id`) ON DELETE CASCADE,
  CONSTRAINT `directus_operations_reject_foreign` FOREIGN KEY (`reject`) REFERENCES `directus_operations` (`id`),
  CONSTRAINT `directus_operations_resolve_foreign` FOREIGN KEY (`resolve`) REFERENCES `directus_operations` (`id`),
  CONSTRAINT `directus_operations_user_created_foreign` FOREIGN KEY (`user_created`) REFERENCES `directus_users` (`id`) ON DELETE SET NULL
) ENGINE=InnoDB DEFAULT CHARSET=utf8mb4 COLLATE=utf8mb4_general_ci;
/*!40101 SET character_set_client = @saved_cs_client */;

--
-- Dumping data for table `directus_operations`
--

LOCK TABLES `directus_operations` WRITE;
/*!40000 ALTER TABLE `directus_operations` DISABLE KEYS */;
/*!40000 ALTER TABLE `directus_operations` ENABLE KEYS */;
UNLOCK TABLES;

--
-- Table structure for table `directus_panels`
--

DROP TABLE IF EXISTS `directus_panels`;
/*!40101 SET @saved_cs_client     = @@character_set_client */;
/*!40101 SET character_set_client = utf8 */;
CREATE TABLE `directus_panels` (
  `id` char(36) NOT NULL,
  `dashboard` char(36) NOT NULL,
  `name` varchar(255) DEFAULT NULL,
  `icon` varchar(30) DEFAULT NULL,
  `color` varchar(10) DEFAULT NULL,
  `show_header` tinyint(1) NOT NULL DEFAULT 0,
  `note` text DEFAULT NULL,
  `type` varchar(255) NOT NULL,
  `position_x` int(11) NOT NULL,
  `position_y` int(11) NOT NULL,
  `width` int(11) NOT NULL,
  `height` int(11) NOT NULL,
  `options` longtext CHARACTER SET utf8mb4 COLLATE utf8mb4_bin DEFAULT NULL,
  `date_created` timestamp NOT NULL DEFAULT current_timestamp(),
  `user_created` char(36) DEFAULT NULL,
  PRIMARY KEY (`id`),
  KEY `directus_panels_dashboard_foreign` (`dashboard`),
  KEY `directus_panels_user_created_foreign` (`user_created`),
  CONSTRAINT `directus_panels_dashboard_foreign` FOREIGN KEY (`dashboard`) REFERENCES `directus_dashboards` (`id`) ON DELETE CASCADE,
  CONSTRAINT `directus_panels_user_created_foreign` FOREIGN KEY (`user_created`) REFERENCES `directus_users` (`id`) ON DELETE SET NULL
) ENGINE=InnoDB DEFAULT CHARSET=utf8mb4 COLLATE=utf8mb4_general_ci;
/*!40101 SET character_set_client = @saved_cs_client */;

--
-- Dumping data for table `directus_panels`
--

LOCK TABLES `directus_panels` WRITE;
/*!40000 ALTER TABLE `directus_panels` DISABLE KEYS */;
INSERT INTO `directus_panels` VALUES ('36bba518-bbc4-41f7-9b16-76ca1fd13b20','31f47bb1-6357-4c70-ae2d-9ee2ffd32605',NULL,NULL,NULL,0,NULL,'relational-variable',1,1,30,6,'{\"collection\":\"Commande\",\"displayTemplate\":\"{{Nom_Bon_Commande}}\"}','2023-01-24 17:41:59','f971a3ff-ee87-4508-b5fd-ee6ebcb8b17f'),('61adb7c2-d6a5-44ce-8229-70a8f591bb45','31f47bb1-6357-4c70-ae2d-9ee2ffd32605',NULL,NULL,NULL,0,NULL,'list',1,10,34,6,'{\"collection\":\"Commande\",\"displayTemplate\":\"{{Nom_Bon_Commande}}{{id}}{{Test_Commande.Quantites}}{{Test_Commande.Nom_Produits}}\"}','2023-01-25 09:05:29','f971a3ff-ee87-4508-b5fd-ee6ebcb8b17f');
/*!40000 ALTER TABLE `directus_panels` ENABLE KEYS */;
UNLOCK TABLES;

--
-- Table structure for table `directus_permissions`
--

DROP TABLE IF EXISTS `directus_permissions`;
/*!40101 SET @saved_cs_client     = @@character_set_client */;
/*!40101 SET character_set_client = utf8 */;
CREATE TABLE `directus_permissions` (
  `id` int(10) unsigned NOT NULL AUTO_INCREMENT,
  `role` char(36) DEFAULT NULL,
  `collection` varchar(64) NOT NULL,
  `action` varchar(10) NOT NULL,
  `permissions` longtext CHARACTER SET utf8mb4 COLLATE utf8mb4_bin DEFAULT NULL,
  `validation` longtext CHARACTER SET utf8mb4 COLLATE utf8mb4_bin DEFAULT NULL,
  `presets` longtext CHARACTER SET utf8mb4 COLLATE utf8mb4_bin DEFAULT NULL,
  `fields` text DEFAULT NULL,
  PRIMARY KEY (`id`),
  KEY `directus_permissions_collection_foreign` (`collection`),
  KEY `directus_permissions_role_foreign` (`role`),
  CONSTRAINT `directus_permissions_role_foreign` FOREIGN KEY (`role`) REFERENCES `directus_roles` (`id`) ON DELETE CASCADE
) ENGINE=InnoDB DEFAULT CHARSET=utf8mb4 COLLATE=utf8mb4_general_ci;
/*!40101 SET character_set_client = @saved_cs_client */;

--
-- Dumping data for table `directus_permissions`
--

LOCK TABLES `directus_permissions` WRITE;
/*!40000 ALTER TABLE `directus_permissions` DISABLE KEYS */;
/*!40000 ALTER TABLE `directus_permissions` ENABLE KEYS */;
UNLOCK TABLES;

--
-- Table structure for table `directus_presets`
--

DROP TABLE IF EXISTS `directus_presets`;
/*!40101 SET @saved_cs_client     = @@character_set_client */;
/*!40101 SET character_set_client = utf8 */;
CREATE TABLE `directus_presets` (
  `id` int(10) unsigned NOT NULL AUTO_INCREMENT,
  `bookmark` varchar(255) DEFAULT NULL,
  `user` char(36) DEFAULT NULL,
  `role` char(36) DEFAULT NULL,
  `collection` varchar(64) DEFAULT NULL,
  `search` varchar(100) DEFAULT NULL,
  `layout` varchar(100) DEFAULT 'tabular',
  `layout_query` longtext CHARACTER SET utf8mb4 COLLATE utf8mb4_bin DEFAULT NULL,
  `layout_options` longtext CHARACTER SET utf8mb4 COLLATE utf8mb4_bin DEFAULT NULL,
  `refresh_interval` int(11) DEFAULT NULL,
  `filter` longtext CHARACTER SET utf8mb4 COLLATE utf8mb4_bin DEFAULT NULL,
  `icon` varchar(30) NOT NULL DEFAULT 'bookmark_outline',
  `color` varchar(255) DEFAULT NULL,
  PRIMARY KEY (`id`),
  KEY `directus_presets_collection_foreign` (`collection`),
  KEY `directus_presets_user_foreign` (`user`),
  KEY `directus_presets_role_foreign` (`role`),
  CONSTRAINT `directus_presets_role_foreign` FOREIGN KEY (`role`) REFERENCES `directus_roles` (`id`) ON DELETE CASCADE,
  CONSTRAINT `directus_presets_user_foreign` FOREIGN KEY (`user`) REFERENCES `directus_users` (`id`) ON DELETE CASCADE
) ENGINE=InnoDB AUTO_INCREMENT=11 DEFAULT CHARSET=utf8mb4 COLLATE=utf8mb4_general_ci;
/*!40101 SET character_set_client = @saved_cs_client */;

--
-- Dumping data for table `directus_presets`
--

LOCK TABLES `directus_presets` WRITE;
/*!40000 ALTER TABLE `directus_presets` DISABLE KEYS */;
INSERT INTO `directus_presets` VALUES (1,NULL,'f971a3ff-ee87-4508-b5fd-ee6ebcb8b17f',NULL,'directus_files',NULL,'cards','{\"cards\":{\"sort\":[\"-uploaded_on\"],\"page\":1}}','{\"cards\":{\"icon\":\"insert_drive_file\",\"title\":\"{{ title }}\",\"subtitle\":\"{{ type }} • {{ filesize }}\",\"size\":4,\"imageFit\":\"crop\"}}',NULL,NULL,'bookmark_outline',NULL),(2,NULL,'f971a3ff-ee87-4508-b5fd-ee6ebcb8b17f',NULL,'Commander',NULL,NULL,'{\"tabular\":{\"page\":1,\"sort\":[\"Commande\"],\"fields\":[\"Commande\",\"Commande.Nom_Bon_Commande\",\"Nom_Produits\",\"Quantites\"]}}','{\"tabular\":{\"widths\":{\"Commande.Nom_Bon_Commande\":220}}}',NULL,NULL,'bookmark_outline',NULL),(5,NULL,'f971a3ff-ee87-4508-b5fd-ee6ebcb8b17f',NULL,'Commande',NULL,'tabular','{\"tabular\":{\"fields\":[\"date_created\",\"id\",\"Nom_Bon_Commande\",\"Date_De_Retrait\",\"Test_Commande.Nom_Produits.Nom_Produits\",\"Test_Commande.Quantites\"],\"sort\":[\"-Date_De_Retrait\"],\"page\":1}}','{\"cards\":{\"size\":3,\"title\":\"{{id}}\"},\"tabular\":{\"spacing\":\"comfortable\",\"widths\":{\"date_created\":182,\"id\":97,\"Date_De_Retrait\":259,\"Test_Commande.Nom_Produits.Nom_Produits\":243},\"align\":{\"Quantite\":\"right\",\"Test_Commande.Quantites\":\"left\"}},\"calendar\":{\"viewInfo\":{\"type\":\"dayGridMonth\",\"startDateStr\":\"2023-01-01T00:00:00+01:00\"}}}',NULL,NULL,'bookmark_outline',NULL),(7,NULL,'f971a3ff-ee87-4508-b5fd-ee6ebcb8b17f',NULL,'Categorie',NULL,NULL,'{\"tabular\":{\"page\":1}}',NULL,NULL,NULL,'bookmark_outline',NULL),(9,NULL,'f971a3ff-ee87-4508-b5fd-ee6ebcb8b17f',NULL,'Commander',NULL,NULL,'{\"tabular\":{\"page\":1,\"sort\":[\"Commande\"],\"fields\":[\"Commande\",\"Nom_Produits\",\"Quantites\"]}}','{\"tabular\":{\"widths\":{\"Commande.Nom_Bon_Commande\":220}}}',NULL,NULL,'bookmark_outline',NULL),(10,NULL,'f971a3ff-ee87-4508-b5fd-ee6ebcb8b17f',NULL,'Produits',NULL,NULL,'{\"tabular\":{\"page\":1}}',NULL,NULL,NULL,'bookmark_outline',NULL);
/*!40000 ALTER TABLE `directus_presets` ENABLE KEYS */;
UNLOCK TABLES;

--
-- Table structure for table `directus_relations`
--

DROP TABLE IF EXISTS `directus_relations`;
/*!40101 SET @saved_cs_client     = @@character_set_client */;
/*!40101 SET character_set_client = utf8 */;
CREATE TABLE `directus_relations` (
  `id` int(10) unsigned NOT NULL AUTO_INCREMENT,
  `many_collection` varchar(64) NOT NULL,
  `many_field` varchar(64) NOT NULL,
  `one_collection` varchar(64) DEFAULT NULL,
  `one_field` varchar(64) DEFAULT NULL,
  `one_collection_field` varchar(64) DEFAULT NULL,
  `one_allowed_collections` text DEFAULT NULL,
  `junction_field` varchar(64) DEFAULT NULL,
  `sort_field` varchar(64) DEFAULT NULL,
  `one_deselect_action` varchar(255) NOT NULL DEFAULT 'nullify',
  PRIMARY KEY (`id`),
  KEY `directus_relations_many_collection_foreign` (`many_collection`),
  KEY `directus_relations_one_collection_foreign` (`one_collection`)
) ENGINE=InnoDB AUTO_INCREMENT=48 DEFAULT CHARSET=utf8mb4 COLLATE=utf8mb4_general_ci;
/*!40101 SET character_set_client = @saved_cs_client */;

--
-- Dumping data for table `directus_relations`
--

LOCK TABLES `directus_relations` WRITE;
/*!40000 ALTER TABLE `directus_relations` DISABLE KEYS */;
INSERT INTO `directus_relations` VALUES (1,'Produits','Catgorie','Categorie',NULL,NULL,NULL,NULL,NULL,'nullify'),(37,'Commander','Nom_Produits','Produits','Test_Produis',NULL,NULL,NULL,NULL,'nullify'),(43,'Commander','Test','Commande',NULL,NULL,NULL,NULL,NULL,'nullify'),(47,'Commander','Commande','Commande','Test_Commande',NULL,NULL,NULL,NULL,'nullify');
/*!40000 ALTER TABLE `directus_relations` ENABLE KEYS */;
UNLOCK TABLES;

--
-- Table structure for table `directus_revisions`
--

DROP TABLE IF EXISTS `directus_revisions`;
/*!40101 SET @saved_cs_client     = @@character_set_client */;
/*!40101 SET character_set_client = utf8 */;
CREATE TABLE `directus_revisions` (
  `id` int(10) unsigned NOT NULL AUTO_INCREMENT,
  `activity` int(10) unsigned NOT NULL,
  `collection` varchar(64) NOT NULL,
  `item` varchar(255) NOT NULL,
  `data` longtext CHARACTER SET utf8mb4 COLLATE utf8mb4_bin DEFAULT NULL,
  `delta` longtext CHARACTER SET utf8mb4 COLLATE utf8mb4_bin DEFAULT NULL,
  `parent` int(10) unsigned DEFAULT NULL,
  PRIMARY KEY (`id`),
  KEY `directus_revisions_collection_foreign` (`collection`),
  KEY `directus_revisions_parent_foreign` (`parent`),
  KEY `directus_revisions_activity_foreign` (`activity`),
  CONSTRAINT `directus_revisions_activity_foreign` FOREIGN KEY (`activity`) REFERENCES `directus_activity` (`id`) ON DELETE CASCADE,
  CONSTRAINT `directus_revisions_parent_foreign` FOREIGN KEY (`parent`) REFERENCES `directus_revisions` (`id`)
) ENGINE=InnoDB AUTO_INCREMENT=472 DEFAULT CHARSET=utf8mb4 COLLATE=utf8mb4_general_ci;
/*!40101 SET character_set_client = @saved_cs_client */;

--
-- Dumping data for table `directus_revisions`
--

LOCK TABLES `directus_revisions` WRITE;
/*!40000 ALTER TABLE `directus_revisions` DISABLE KEYS */;
INSERT INTO `directus_revisions` VALUES (1,2,'directus_settings','1','{\"project_color\":\"#E00000\"}','{\"project_color\":\"#E00000\"}',NULL),(2,3,'directus_files','f01574ea-f84f-4fd8-9c20-d490be87cceb','{\"title\":\"Logo Cmc Png\",\"filename_download\":\"Logo CMC-PNG.png\",\"type\":\"image/png\",\"storage\":\"local\"}','{\"title\":\"Logo Cmc Png\",\"filename_download\":\"Logo CMC-PNG.png\",\"type\":\"image/png\",\"storage\":\"local\"}',NULL),(3,4,'directus_settings','1','{\"id\":1,\"project_name\":\"CMC-Aliments\",\"project_url\":null,\"project_color\":\"#F2DD54\",\"project_logo\":\"f01574ea-f84f-4fd8-9c20-d490be87cceb\",\"public_foreground\":null,\"public_background\":null,\"public_note\":null,\"auth_login_attempts\":25,\"auth_password_policy\":null,\"storage_asset_transform\":\"all\",\"storage_asset_presets\":null,\"custom_css\":null,\"storage_default_folder\":null,\"basemaps\":null,\"mapbox_key\":null,\"module_bar\":null,\"project_descriptor\":null,\"translation_strings\":null,\"default_language\":\"fr-FR\",\"custom_aspect_ratios\":null}','{\"project_name\":\"CMC-Aliments\",\"project_color\":\"#F2DD54\",\"project_logo\":\"f01574ea-f84f-4fd8-9c20-d490be87cceb\",\"default_language\":\"fr-FR\"}',NULL),(4,5,'directus_settings','1','{\"id\":1,\"project_name\":\"CMC-Aliments\",\"project_url\":null,\"project_color\":\"#CBBD9B\",\"project_logo\":\"f01574ea-f84f-4fd8-9c20-d490be87cceb\",\"public_foreground\":null,\"public_background\":null,\"public_note\":null,\"auth_login_attempts\":25,\"auth_password_policy\":null,\"storage_asset_transform\":\"all\",\"storage_asset_presets\":null,\"custom_css\":null,\"storage_default_folder\":null,\"basemaps\":null,\"mapbox_key\":null,\"module_bar\":null,\"project_descriptor\":null,\"translation_strings\":null,\"default_language\":\"fr-FR\",\"custom_aspect_ratios\":null}','{\"project_color\":\"#CBBD9B\"}',NULL),(5,6,'directus_settings','1','{\"id\":1,\"project_name\":\"CMC-Aliments\",\"project_url\":null,\"project_color\":\"#CBBD9B\",\"project_logo\":\"f01574ea-f84f-4fd8-9c20-d490be87cceb\",\"public_foreground\":null,\"public_background\":null,\"public_note\":null,\"auth_login_attempts\":25,\"auth_password_policy\":\"/(?=^.{8,}$)(?=.*\\\\d)(?=.*[a-z])(?=.*[A-Z])(?=.*[!@#$%^&*()_+}{\';\'?>.<,])(?!.*\\\\s).*$/\",\"storage_asset_transform\":\"all\",\"storage_asset_presets\":null,\"custom_css\":null,\"storage_default_folder\":null,\"basemaps\":null,\"mapbox_key\":null,\"module_bar\":null,\"project_descriptor\":null,\"translation_strings\":null,\"default_language\":\"fr-FR\",\"custom_aspect_ratios\":null}','{\"auth_password_policy\":\"/(?=^.{8,}$)(?=.*\\\\d)(?=.*[a-z])(?=.*[A-Z])(?=.*[!@#$%^&*()_+}{\';\'?>.<,])(?!.*\\\\s).*$/\"}',NULL),(6,7,'directus_fields','1','{\"hidden\":true,\"interface\":\"input\",\"readonly\":true,\"field\":\"id\",\"collection\":\"Produits\"}','{\"hidden\":true,\"interface\":\"input\",\"readonly\":true,\"field\":\"id\",\"collection\":\"Produits\"}',NULL),(7,8,'directus_collections','Produits','{\"singleton\":true,\"collection\":\"Produits\"}','{\"singleton\":true,\"collection\":\"Produits\"}',NULL),(8,9,'directus_fields','2','{\"interface\":\"input\",\"special\":null,\"required\":true,\"collection\":\"Produits\",\"field\":\"Nom_Du_Produits\"}','{\"interface\":\"input\",\"special\":null,\"required\":true,\"collection\":\"Produits\",\"field\":\"Nom_Du_Produits\"}',NULL),(9,10,'directus_fields','3','{\"interface\":\"input\",\"special\":null,\"options\":{\"min\":0},\"collection\":\"Produits\",\"field\":\"Nombre_De_Stock\"}','{\"interface\":\"input\",\"special\":null,\"options\":{\"min\":0},\"collection\":\"Produits\",\"field\":\"Nombre_De_Stock\"}',NULL),(10,11,'directus_fields','4','{\"interface\":\"input\",\"special\":null,\"options\":{\"min\":0},\"collection\":\"Produits\",\"field\":\"Prix\"}','{\"interface\":\"input\",\"special\":null,\"options\":{\"min\":0},\"collection\":\"Produits\",\"field\":\"Prix\"}',NULL),(11,12,'directus_fields','5','{\"hidden\":true,\"interface\":\"input\",\"readonly\":true,\"field\":\"id\",\"collection\":\"Categorie\"}','{\"hidden\":true,\"interface\":\"input\",\"readonly\":true,\"field\":\"id\",\"collection\":\"Categorie\"}',NULL),(12,13,'directus_collections','Categorie','{\"singleton\":false,\"collection\":\"Categorie\"}','{\"singleton\":false,\"collection\":\"Categorie\"}',NULL),(13,14,'directus_fields','6','{\"interface\":\"input\",\"special\":null,\"collection\":\"Categorie\",\"field\":\"Categorie\"}','{\"interface\":\"input\",\"special\":null,\"collection\":\"Categorie\",\"field\":\"Categorie\"}',NULL),(14,15,'Categorie','1','{\"Categorie\":\"Céréales\"}','{\"Categorie\":\"Céréales\"}',NULL),(15,16,'Categorie','2','{\"Categorie\":\"Aliments\"}','{\"Categorie\":\"Aliments\"}',NULL),(16,17,'Categorie','3','{\"Categorie\":\"Semences légumes\"}','{\"Categorie\":\"Semences légumes\"}',NULL),(17,18,'Categorie','4','{\"Categorie\":\"Semences Fleurs\"}','{\"Categorie\":\"Semences Fleurs\"}',NULL),(18,19,'Categorie','5','{\"Categorie\":\"Engrais\"}','{\"Categorie\":\"Engrais\"}',NULL),(19,20,'Categorie','6','{\"Categorie\":\"Pellets\"}','{\"Categorie\":\"Pellets\"}',NULL),(20,21,'Categorie','7','{\"Categorie\":\"Paillages\"}','{\"Categorie\":\"Paillages\"}',NULL),(21,22,'Categorie','8','{\"Categorie\":\"Pêche\"}','{\"Categorie\":\"Pêche\"}',NULL),(22,23,'Categorie','9','{\"Categorie\":\"Divers\"}','{\"Categorie\":\"Divers\"}',NULL),(23,24,'Categorie','10','{\"Categorie\":\"Oiseaux\"}','{\"Categorie\":\"Oiseaux\"}',NULL),(24,25,'Categorie','11','{\"Categorie\":\"Produits Du Terroir\"}','{\"Categorie\":\"Produits Du Terroir\"}',NULL),(25,26,'directus_fields','7','{\"interface\":\"select-dropdown-m2o\",\"special\":[\"m2o\"],\"options\":{\"choices\":null,\"template\":\"{{Categorie}}\"},\"collection\":\"Produits\",\"field\":\"Catgorie\"}','{\"interface\":\"select-dropdown-m2o\",\"special\":[\"m2o\"],\"options\":{\"choices\":null,\"template\":\"{{Categorie}}\"},\"collection\":\"Produits\",\"field\":\"Catgorie\"}',NULL),(26,27,'Produits','1','{\"Catgorie\":11,\"Prix\":99,\"Nombre_De_Stock\":123,\"Nom_Du_Produits\":\"Blé\"}','{\"Catgorie\":11,\"Prix\":99,\"Nombre_De_Stock\":123,\"Nom_Du_Produits\":\"Blé\"}',NULL),(27,28,'directus_collections','Produits','{\"collection\":\"Produits\",\"icon\":null,\"note\":null,\"display_template\":null,\"hidden\":false,\"singleton\":false,\"translations\":null,\"archive_field\":null,\"archive_app_filter\":true,\"archive_value\":null,\"unarchive_value\":null,\"sort_field\":null,\"accountability\":\"all\",\"color\":null,\"item_duplication_fields\":null,\"sort\":null,\"group\":null,\"collapse\":\"open\"}','{\"singleton\":false}',NULL),(28,29,'directus_fields','8','{\"interface\":\"file-image\",\"special\":[\"file\"],\"collection\":\"Produits\",\"field\":\"Images_Produits\"}','{\"interface\":\"file-image\",\"special\":[\"file\"],\"collection\":\"Produits\",\"field\":\"Images_Produits\"}',NULL),(29,30,'directus_fields','9','{\"hidden\":true,\"interface\":\"input\",\"readonly\":true,\"field\":\"Numero_De_Commande\",\"collection\":\"Commande\"}','{\"hidden\":true,\"interface\":\"input\",\"readonly\":true,\"field\":\"Numero_De_Commande\",\"collection\":\"Commande\"}',NULL),(30,31,'directus_fields','10','{\"width\":\"full\",\"options\":{\"choices\":[{\"text\":\"$t:published\",\"value\":\"published\"},{\"text\":\"$t:draft\",\"value\":\"draft\"},{\"text\":\"$t:archived\",\"value\":\"archived\"}]},\"interface\":\"select-dropdown\",\"display\":\"labels\",\"display_options\":{\"showAsDot\":true,\"choices\":[{\"text\":\"$t:published\",\"value\":\"published\",\"foreground\":\"#FFFFFF\",\"background\":\"var(--primary)\"},{\"text\":\"$t:draft\",\"value\":\"draft\",\"foreground\":\"#18222F\",\"background\":\"#D3DAE4\"},{\"text\":\"$t:archived\",\"value\":\"archived\",\"foreground\":\"#FFFFFF\",\"background\":\"var(--warning)\"}]},\"field\":\"status\",\"collection\":\"Commande\"}','{\"width\":\"full\",\"options\":{\"choices\":[{\"text\":\"$t:published\",\"value\":\"published\"},{\"text\":\"$t:draft\",\"value\":\"draft\"},{\"text\":\"$t:archived\",\"value\":\"archived\"}]},\"interface\":\"select-dropdown\",\"display\":\"labels\",\"display_options\":{\"showAsDot\":true,\"choices\":[{\"text\":\"$t:published\",\"value\":\"published\",\"foreground\":\"#FFFFFF\",\"background\":\"var(--primary)\"},{\"text\":\"$t:draft\",\"value\":\"draft\",\"foreground\":\"#18222F\",\"background\":\"#D3DAE4\"},{\"text\":\"$t:archived\",\"value\":\"archived\",\"foreground\":\"#FFFFFF\",\"background\":\"var(--warning)\"}]},\"field\":\"status\",\"collection\":\"Commande\"}',NULL),(31,32,'directus_fields','11','{\"interface\":\"input\",\"hidden\":true,\"field\":\"sort\",\"collection\":\"Commande\"}','{\"interface\":\"input\",\"hidden\":true,\"field\":\"sort\",\"collection\":\"Commande\"}',NULL),(32,33,'directus_fields','12','{\"special\":[\"date-created\"],\"interface\":\"datetime\",\"readonly\":true,\"hidden\":true,\"width\":\"half\",\"display\":\"datetime\",\"display_options\":{\"relative\":true},\"field\":\"date_created\",\"collection\":\"Commande\"}','{\"special\":[\"date-created\"],\"interface\":\"datetime\",\"readonly\":true,\"hidden\":true,\"width\":\"half\",\"display\":\"datetime\",\"display_options\":{\"relative\":true},\"field\":\"date_created\",\"collection\":\"Commande\"}',NULL),(33,34,'directus_collections','Commande','{\"sort_field\":\"sort\",\"archive_field\":\"status\",\"archive_value\":\"archived\",\"unarchive_value\":\"draft\",\"singleton\":false,\"collection\":\"Commande\"}','{\"sort_field\":\"sort\",\"archive_field\":\"status\",\"archive_value\":\"archived\",\"unarchive_value\":\"draft\",\"singleton\":false,\"collection\":\"Commande\"}',NULL),(35,37,'directus_fields','13','{\"interface\":\"list-m2m\",\"special\":[\"m2m\"],\"options\":{\"enableCreate\":false,\"enableSelect\":false},\"collection\":\"Commande\",\"field\":\"Produits\"}','{\"interface\":\"list-m2m\",\"special\":[\"m2m\"],\"options\":{\"enableCreate\":false,\"enableSelect\":false},\"collection\":\"Commande\",\"field\":\"Produits\"}',NULL),(36,38,'directus_fields','14','{\"hidden\":true,\"field\":\"id\",\"collection\":\"Commande_Produits\"}','{\"hidden\":true,\"field\":\"id\",\"collection\":\"Commande_Produits\"}',NULL),(37,39,'directus_collections','Commande_Produits','{\"hidden\":true,\"icon\":\"import_export\",\"collection\":\"Commande_Produits\"}','{\"hidden\":true,\"icon\":\"import_export\",\"collection\":\"Commande_Produits\"}',NULL),(38,40,'directus_fields','15','{\"hidden\":true,\"collection\":\"Commande_Produits\",\"field\":\"Commande_Numero_De_Commande\"}','{\"hidden\":true,\"collection\":\"Commande_Produits\",\"field\":\"Commande_Numero_De_Commande\"}',NULL),(39,41,'directus_fields','16','{\"hidden\":true,\"collection\":\"Commande_Produits\",\"field\":\"Produits_id\"}','{\"hidden\":true,\"collection\":\"Commande_Produits\",\"field\":\"Produits_id\"}',NULL),(40,42,'directus_fields','17','{\"interface\":\"datetime\",\"special\":null,\"required\":true,\"collection\":\"Commande\",\"field\":\"Date_De_Retrait\"}','{\"interface\":\"datetime\",\"special\":null,\"required\":true,\"collection\":\"Commande\",\"field\":\"Date_De_Retrait\"}',NULL),(41,43,'directus_files','124e75b6-4db6-4e25-ac35-f6e7bd789d08','{\"title\":\"Test Campagne\",\"filename_download\":\"test_campagne.jpeg\",\"type\":\"image/jpeg\",\"storage\":\"local\"}','{\"title\":\"Test Campagne\",\"filename_download\":\"test_campagne.jpeg\",\"type\":\"image/jpeg\",\"storage\":\"local\"}',NULL),(42,44,'Produits','2','{\"Nom_Du_Produits\":\"Terrine de Campagne\",\"Nombre_De_Stock\":23,\"Prix\":9.99,\"Images_Produits\":\"124e75b6-4db6-4e25-ac35-f6e7bd789d08\",\"Catgorie\":11}','{\"Nom_Du_Produits\":\"Terrine de Campagne\",\"Nombre_De_Stock\":23,\"Prix\":9.99,\"Images_Produits\":\"124e75b6-4db6-4e25-ac35-f6e7bd789d08\",\"Catgorie\":11}',NULL),(43,45,'directus_fields','18','{\"interface\":\"select-dropdown-m2o\",\"special\":[\"m2o\"],\"options\":{\"template\":\"{{Nom_Du_Produits}}\",\"enableCreate\":false,\"enableSelect\":false},\"collection\":\"Commande\",\"field\":\"Produits\"}','{\"interface\":\"select-dropdown-m2o\",\"special\":[\"m2o\"],\"options\":{\"template\":\"{{Nom_Du_Produits}}\",\"enableCreate\":false,\"enableSelect\":false},\"collection\":\"Commande\",\"field\":\"Produits\"}',NULL),(44,48,'directus_fields','19','{\"hidden\":true,\"interface\":\"input\",\"readonly\":true,\"field\":\"id\",\"collection\":\"Commande\"}','{\"hidden\":true,\"interface\":\"input\",\"readonly\":true,\"field\":\"id\",\"collection\":\"Commande\"}',NULL),(45,49,'directus_fields','20','{\"special\":[\"date-created\"],\"interface\":\"datetime\",\"readonly\":true,\"hidden\":true,\"width\":\"half\",\"display\":\"datetime\",\"display_options\":{\"relative\":true},\"field\":\"date_created\",\"collection\":\"Commande\"}','{\"special\":[\"date-created\"],\"interface\":\"datetime\",\"readonly\":true,\"hidden\":true,\"width\":\"half\",\"display\":\"datetime\",\"display_options\":{\"relative\":true},\"field\":\"date_created\",\"collection\":\"Commande\"}',NULL),(46,50,'directus_collections','Commande','{\"singleton\":false,\"collection\":\"Commande\"}','{\"singleton\":false,\"collection\":\"Commande\"}',NULL),(47,51,'directus_fields','21','{\"interface\":\"list-m2m\",\"special\":[\"m2m\"],\"options\":{},\"collection\":\"Commande\",\"field\":\"Produits_Commandes\"}','{\"interface\":\"list-m2m\",\"special\":[\"m2m\"],\"options\":{},\"collection\":\"Commande\",\"field\":\"Produits_Commandes\"}',NULL),(48,52,'directus_fields','22','{\"hidden\":true,\"field\":\"id\",\"collection\":\"Commande_Produits\"}','{\"hidden\":true,\"field\":\"id\",\"collection\":\"Commande_Produits\"}',NULL),(49,53,'directus_collections','Commande_Produits','{\"hidden\":true,\"icon\":\"import_export\",\"collection\":\"Commande_Produits\"}','{\"hidden\":true,\"icon\":\"import_export\",\"collection\":\"Commande_Produits\"}',NULL),(50,54,'directus_fields','23','{\"hidden\":true,\"collection\":\"Commande_Produits\",\"field\":\"Commande_id\"}','{\"hidden\":true,\"collection\":\"Commande_Produits\",\"field\":\"Commande_id\"}',NULL),(51,55,'directus_fields','24','{\"hidden\":true,\"collection\":\"Commande_Produits\",\"field\":\"Produits_id\"}','{\"hidden\":true,\"collection\":\"Commande_Produits\",\"field\":\"Produits_id\"}',NULL),(52,56,'directus_fields','25','{\"special\":[\"alias\",\"no-data\",\"group\"],\"readonly\":true,\"required\":true,\"interface\":\"group-accordion\",\"options\":{\"accordionMode\":false,\"start\":\"first\"},\"collection\":\"Commande\",\"field\":\"Nombre_de_Produits\"}','{\"special\":[\"alias\",\"no-data\",\"group\"],\"readonly\":true,\"required\":true,\"interface\":\"group-accordion\",\"options\":{\"accordionMode\":false,\"start\":\"first\"},\"collection\":\"Commande\",\"field\":\"Nombre_de_Produits\"}',NULL),(55,59,'Commande','1','{\"Produits_Commandes\":{\"create\":[{\"Commande_id\":\"+\",\"Produits_id\":{\"id\":2}},{\"Commande_id\":\"+\",\"Produits_id\":{\"id\":1}}],\"update\":[],\"delete\":[]}}','{\"Produits_Commandes\":{\"create\":[{\"Commande_id\":\"+\",\"Produits_id\":{\"id\":2}},{\"Commande_id\":\"+\",\"Produits_id\":{\"id\":1}}],\"update\":[],\"delete\":[]}}',NULL),(56,60,'directus_collections','Commande_Produits','{\"collection\":\"Commande_Produits\",\"icon\":\"import_export\",\"note\":null,\"display_template\":null,\"hidden\":false,\"singleton\":false,\"translations\":null,\"archive_field\":null,\"archive_app_filter\":true,\"archive_value\":null,\"unarchive_value\":null,\"sort_field\":null,\"accountability\":\"all\",\"color\":null,\"item_duplication_fields\":null,\"sort\":null,\"group\":null,\"collapse\":\"open\"}','{\"hidden\":false}',NULL),(57,61,'directus_fields','26','{\"hidden\":true,\"interface\":\"input\",\"readonly\":true,\"field\":\"id\",\"collection\":\"Produits_commander\"}','{\"hidden\":true,\"interface\":\"input\",\"readonly\":true,\"field\":\"id\",\"collection\":\"Produits_commander\"}',NULL),(58,62,'directus_collections','Produits_commander','{\"singleton\":false,\"collection\":\"Produits_commander\"}','{\"singleton\":false,\"collection\":\"Produits_commander\"}',NULL),(59,64,'directus_fields','27','{\"interface\":\"input\",\"special\":null,\"required\":true,\"options\":{\"min\":1},\"collection\":\"Commande_Produits\",\"field\":\"Nombre_De_Produits\"}','{\"interface\":\"input\",\"special\":null,\"required\":true,\"options\":{\"min\":1},\"collection\":\"Commande_Produits\",\"field\":\"Nombre_De_Produits\"}',NULL),(60,65,'directus_fields','28','{\"interface\":\"datetime\",\"special\":null,\"required\":true,\"collection\":\"Commande\",\"field\":\"Date_De_Retrait\"}','{\"interface\":\"datetime\",\"special\":null,\"required\":true,\"collection\":\"Commande\",\"field\":\"Date_De_Retrait\"}',NULL),(61,69,'directus_fields','23','{\"id\":23,\"collection\":\"Commande_Produits\",\"field\":\"Commande_id\",\"special\":null,\"interface\":null,\"options\":null,\"display\":null,\"display_options\":null,\"readonly\":false,\"hidden\":false,\"sort\":null,\"width\":\"full\",\"translations\":null,\"note\":null,\"conditions\":null,\"required\":false,\"group\":null,\"validation\":null,\"validation_message\":null}','{\"collection\":\"Commande_Produits\",\"field\":\"Commande_id\",\"hidden\":false}',NULL),(62,70,'directus_fields','22','{\"id\":22,\"collection\":\"Commande_Produits\",\"field\":\"id\",\"special\":null,\"interface\":null,\"options\":null,\"display\":null,\"display_options\":null,\"readonly\":false,\"hidden\":false,\"sort\":null,\"width\":\"full\",\"translations\":null,\"note\":null,\"conditions\":null,\"required\":false,\"group\":null,\"validation\":null,\"validation_message\":null}','{\"collection\":\"Commande_Produits\",\"field\":\"id\",\"hidden\":false}',NULL),(63,71,'directus_fields','24','{\"id\":24,\"collection\":\"Commande_Produits\",\"field\":\"Produits_id\",\"special\":null,\"interface\":null,\"options\":null,\"display\":null,\"display_options\":null,\"readonly\":false,\"hidden\":false,\"sort\":null,\"width\":\"full\",\"translations\":null,\"note\":null,\"conditions\":null,\"required\":false,\"group\":null,\"validation\":null,\"validation_message\":null}','{\"collection\":\"Commande_Produits\",\"field\":\"Produits_id\",\"hidden\":false}',NULL),(64,72,'directus_fields','19','{\"id\":19,\"collection\":\"Commande\",\"field\":\"id\",\"special\":null,\"interface\":\"input\",\"options\":null,\"display\":null,\"display_options\":null,\"readonly\":true,\"hidden\":true,\"sort\":1,\"width\":\"full\",\"translations\":null,\"note\":null,\"conditions\":null,\"required\":false,\"group\":null,\"validation\":null,\"validation_message\":null}','{\"collection\":\"Commande\",\"field\":\"id\",\"sort\":1,\"group\":null}',NULL),(65,73,'directus_fields','28','{\"id\":28,\"collection\":\"Commande\",\"field\":\"Date_De_Retrait\",\"special\":null,\"interface\":\"datetime\",\"options\":null,\"display\":null,\"display_options\":null,\"readonly\":false,\"hidden\":false,\"sort\":2,\"width\":\"full\",\"translations\":null,\"note\":null,\"conditions\":null,\"required\":true,\"group\":null,\"validation\":null,\"validation_message\":null}','{\"collection\":\"Commande\",\"field\":\"Date_De_Retrait\",\"sort\":2,\"group\":null}',NULL),(66,74,'directus_fields','20','{\"id\":20,\"collection\":\"Commande\",\"field\":\"date_created\",\"special\":[\"date-created\"],\"interface\":\"datetime\",\"options\":null,\"display\":\"datetime\",\"display_options\":{\"relative\":true},\"readonly\":true,\"hidden\":true,\"sort\":3,\"width\":\"half\",\"translations\":null,\"note\":null,\"conditions\":null,\"required\":false,\"group\":null,\"validation\":null,\"validation_message\":null}','{\"collection\":\"Commande\",\"field\":\"date_created\",\"sort\":3,\"group\":null}',NULL),(67,75,'directus_fields','21','{\"id\":21,\"collection\":\"Commande\",\"field\":\"Produits_Commandes\",\"special\":[\"m2m\"],\"interface\":\"list-m2m\",\"options\":{},\"display\":null,\"display_options\":null,\"readonly\":false,\"hidden\":false,\"sort\":4,\"width\":\"full\",\"translations\":null,\"note\":null,\"conditions\":null,\"required\":false,\"group\":null,\"validation\":null,\"validation_message\":null}','{\"collection\":\"Commande\",\"field\":\"Produits_Commandes\",\"sort\":4,\"group\":null}',NULL),(70,78,'Commande','2','{\"Date_De_Retrait\":\"2023-01-24T13:39:00\",\"Produits_Commandes\":{\"create\":[{\"Commande_id\":\"+\",\"Produits_id\":{\"id\":2}},{\"Commande_id\":\"+\",\"Produits_id\":{\"id\":1}}],\"update\":[],\"delete\":[]}}','{\"Date_De_Retrait\":\"2023-01-24T13:39:00\",\"Produits_Commandes\":{\"create\":[{\"Commande_id\":\"+\",\"Produits_id\":{\"id\":2}},{\"Commande_id\":\"+\",\"Produits_id\":{\"id\":1}}],\"update\":[],\"delete\":[]}}',NULL),(71,79,'directus_fields','21','{\"id\":21,\"collection\":\"Commande\",\"field\":\"Produits_Commandes\",\"special\":[\"m2m\"],\"interface\":\"list-m2m\",\"options\":{},\"display\":null,\"display_options\":null,\"readonly\":false,\"hidden\":false,\"sort\":4,\"width\":\"half\",\"translations\":null,\"note\":null,\"conditions\":null,\"required\":false,\"group\":null,\"validation\":null,\"validation_message\":null}','{\"collection\":\"Commande\",\"field\":\"Produits_Commandes\",\"width\":\"half\"}',NULL),(72,80,'directus_fields','20','{\"id\":20,\"collection\":\"Commande\",\"field\":\"date_created\",\"special\":[\"date-created\"],\"interface\":\"datetime\",\"options\":null,\"display\":\"datetime\",\"display_options\":{\"relative\":true},\"readonly\":true,\"hidden\":true,\"sort\":3,\"width\":\"fill\",\"translations\":null,\"note\":null,\"conditions\":null,\"required\":false,\"group\":null,\"validation\":null,\"validation_message\":null}','{\"collection\":\"Commande\",\"field\":\"date_created\",\"width\":\"fill\"}',NULL),(74,82,'Commande','3','{\"Date_De_Retrait\":\"2023-01-24T13:45:00\",\"Produits_Commandes\":{\"create\":[{\"Commande_id\":\"+\",\"Produits_id\":{\"id\":2}}],\"update\":[],\"delete\":[]}}','{\"Date_De_Retrait\":\"2023-01-24T13:45:00\",\"Produits_Commandes\":{\"create\":[{\"Commande_id\":\"+\",\"Produits_id\":{\"id\":2}}],\"update\":[],\"delete\":[]}}',NULL),(76,84,'Commande','4','{\"Produits_Commandes\":{\"create\":[{\"Commande_id\":\"+\",\"Produits_id\":{\"id\":2}}],\"update\":[],\"delete\":[]},\"Date_De_Retrait\":\"2023-01-20T12:00:00\"}','{\"Produits_Commandes\":{\"create\":[{\"Commande_id\":\"+\",\"Produits_id\":{\"id\":2}}],\"update\":[],\"delete\":[]},\"Date_De_Retrait\":\"2023-01-20T12:00:00\"}',NULL),(77,86,'directus_fields','29','{\"interface\":\"list-m2m\",\"special\":[\"m2m\"],\"collection\":\"Commande\",\"field\":\"Produits_commandes\"}','{\"interface\":\"list-m2m\",\"special\":[\"m2m\"],\"collection\":\"Commande\",\"field\":\"Produits_commandes\"}',NULL),(78,87,'directus_fields','30','{\"hidden\":true,\"field\":\"id\",\"collection\":\"Commande_Produits\"}','{\"hidden\":true,\"field\":\"id\",\"collection\":\"Commande_Produits\"}',NULL),(79,88,'directus_collections','Commande_Produits','{\"hidden\":true,\"icon\":\"import_export\",\"collection\":\"Commande_Produits\"}','{\"hidden\":true,\"icon\":\"import_export\",\"collection\":\"Commande_Produits\"}',NULL),(80,89,'directus_fields','31','{\"hidden\":true,\"collection\":\"Commande_Produits\",\"field\":\"Commande_id\"}','{\"hidden\":true,\"collection\":\"Commande_Produits\",\"field\":\"Commande_id\"}',NULL),(81,90,'directus_fields','32','{\"hidden\":true,\"collection\":\"Commande_Produits\",\"field\":\"Produits_id\"}','{\"hidden\":true,\"collection\":\"Commande_Produits\",\"field\":\"Produits_id\"}',NULL),(82,91,'directus_collections','Commande_Produits','{\"collection\":\"Commande_Produits\",\"icon\":\"import_export\",\"note\":null,\"display_template\":null,\"hidden\":false,\"singleton\":false,\"translations\":null,\"archive_field\":null,\"archive_app_filter\":true,\"archive_value\":null,\"unarchive_value\":null,\"sort_field\":null,\"accountability\":\"all\",\"color\":null,\"item_duplication_fields\":null,\"sort\":null,\"group\":null,\"collapse\":\"open\"}','{\"hidden\":false}',NULL),(83,93,'directus_fields','33','{\"interface\":\"select-dropdown-m2o\",\"special\":[\"m2o\"],\"options\":{\"template\":\"{{Nom_Du_Produits}}\"},\"collection\":\"Commande\",\"field\":\"Produits_commandes\"}','{\"interface\":\"select-dropdown-m2o\",\"special\":[\"m2o\"],\"options\":{\"template\":\"{{Nom_Du_Produits}}\"},\"collection\":\"Commande\",\"field\":\"Produits_commandes\"}',NULL),(84,97,'directus_fields','34','{\"interface\":\"select-dropdown-m2o\",\"special\":[\"m2o\"],\"options\":{\"template\":\"{{Nom_Du_Produits}}\"},\"collection\":\"Commande\",\"field\":\"Produits_comandes\"}','{\"interface\":\"select-dropdown-m2o\",\"special\":[\"m2o\"],\"options\":{\"template\":\"{{Nom_Du_Produits}}\"},\"collection\":\"Commande\",\"field\":\"Produits_comandes\"}',NULL),(85,98,'Produits','3','{\"Nom_Du_Produits\":\"Test3\",\"Nombre_De_Stock\":123,\"Prix\":78,\"Catgorie\":6}','{\"Nom_Du_Produits\":\"Test3\",\"Nombre_De_Stock\":123,\"Prix\":78,\"Catgorie\":6}',NULL),(86,99,'directus_fields','35','{\"hidden\":true,\"interface\":\"input\",\"readonly\":true,\"field\":\"id\",\"collection\":\"Produits_Comandes\"}','{\"hidden\":true,\"interface\":\"input\",\"readonly\":true,\"field\":\"id\",\"collection\":\"Produits_Comandes\"}',NULL),(87,100,'directus_collections','Produits_Comandes','{\"singleton\":false,\"collection\":\"Produits_Comandes\"}','{\"singleton\":false,\"collection\":\"Produits_Comandes\"}',NULL),(88,101,'directus_fields','36','{\"interface\":\"select-dropdown-m2o\",\"special\":[\"m2o\"],\"options\":{\"template\":\"{{Nom_Du_Produits}}\"},\"collection\":\"Produits_Comandes\",\"field\":\"Nom_Produits\"}','{\"interface\":\"select-dropdown-m2o\",\"special\":[\"m2o\"],\"options\":{\"template\":\"{{Nom_Du_Produits}}\"},\"collection\":\"Produits_Comandes\",\"field\":\"Nom_Produits\"}',NULL),(89,102,'directus_fields','37','{\"interface\":\"select-dropdown-m2o\",\"special\":[\"m2o\"],\"options\":{\"template\":\"{{id}}\"},\"collection\":\"Produits_Comandes\",\"field\":\"Identification_Commande\"}','{\"interface\":\"select-dropdown-m2o\",\"special\":[\"m2o\"],\"options\":{\"template\":\"{{id}}\"},\"collection\":\"Produits_Comandes\",\"field\":\"Identification_Commande\"}',NULL),(90,103,'directus_fields','38','{\"interface\":\"list-m2m\",\"special\":[\"m2m\"],\"collection\":\"Produits\",\"field\":\"Nom_Produits\"}','{\"interface\":\"list-m2m\",\"special\":[\"m2m\"],\"collection\":\"Produits\",\"field\":\"Nom_Produits\"}',NULL),(91,104,'directus_fields','39','{\"hidden\":true,\"field\":\"id\",\"collection\":\"Produits_Commande\"}','{\"hidden\":true,\"field\":\"id\",\"collection\":\"Produits_Commande\"}',NULL),(92,105,'directus_collections','Produits_Commande','{\"hidden\":true,\"icon\":\"import_export\",\"collection\":\"Produits_Commande\"}','{\"hidden\":true,\"icon\":\"import_export\",\"collection\":\"Produits_Commande\"}',NULL),(93,106,'directus_fields','40','{\"hidden\":true,\"collection\":\"Produits_Commande\",\"field\":\"Produits_id\"}','{\"hidden\":true,\"collection\":\"Produits_Commande\",\"field\":\"Produits_id\"}',NULL),(94,107,'directus_fields','41','{\"hidden\":true,\"collection\":\"Produits_Commande\",\"field\":\"Commande_id\"}','{\"hidden\":true,\"collection\":\"Produits_Commande\",\"field\":\"Commande_id\"}',NULL),(95,110,'directus_fields','42','{\"interface\":\"list-m2a\",\"special\":[\"m2a\"],\"collection\":\"Produits\",\"field\":\"Test\"}','{\"interface\":\"list-m2a\",\"special\":[\"m2a\"],\"collection\":\"Produits\",\"field\":\"Test\"}',NULL),(96,111,'directus_fields','43','{\"hidden\":true,\"field\":\"id\",\"collection\":\"Produits_Test\"}','{\"hidden\":true,\"field\":\"id\",\"collection\":\"Produits_Test\"}',NULL),(97,112,'directus_collections','Produits_Test','{\"hidden\":true,\"icon\":\"import_export\",\"collection\":\"Produits_Test\"}','{\"hidden\":true,\"icon\":\"import_export\",\"collection\":\"Produits_Test\"}',NULL),(98,113,'directus_fields','44','{\"hidden\":true,\"collection\":\"Produits_Test\",\"field\":\"Produits_id\"}','{\"hidden\":true,\"collection\":\"Produits_Test\",\"field\":\"Produits_id\"}',NULL),(99,114,'directus_fields','45','{\"hidden\":true,\"collection\":\"Produits_Test\",\"field\":\"item\"}','{\"hidden\":true,\"collection\":\"Produits_Test\",\"field\":\"item\"}',NULL),(100,115,'directus_fields','46','{\"hidden\":true,\"collection\":\"Produits_Test\",\"field\":\"collection\"}','{\"hidden\":true,\"collection\":\"Produits_Test\",\"field\":\"collection\"}',NULL),(101,117,'directus_fields','47','{\"interface\":\"input\",\"special\":null,\"required\":true,\"collection\":\"Produits\",\"field\":\"Nom_Produits\"}','{\"interface\":\"input\",\"special\":null,\"required\":true,\"collection\":\"Produits\",\"field\":\"Nom_Produits\"}',NULL),(102,118,'directus_fields','48','{\"interface\":\"list-m2m\",\"special\":[\"m2m\"],\"collection\":\"Commande\",\"field\":\"Nom_Produits\"}','{\"interface\":\"list-m2m\",\"special\":[\"m2m\"],\"collection\":\"Commande\",\"field\":\"Nom_Produits\"}',NULL),(103,119,'directus_fields','49','{\"hidden\":true,\"field\":\"id\",\"collection\":\"Commande_Produits\"}','{\"hidden\":true,\"field\":\"id\",\"collection\":\"Commande_Produits\"}',NULL),(104,120,'directus_collections','Commande_Produits','{\"hidden\":true,\"icon\":\"import_export\",\"collection\":\"Commande_Produits\"}','{\"hidden\":true,\"icon\":\"import_export\",\"collection\":\"Commande_Produits\"}',NULL),(105,121,'directus_fields','50','{\"hidden\":true,\"collection\":\"Commande_Produits\",\"field\":\"Commande_id\"}','{\"hidden\":true,\"collection\":\"Commande_Produits\",\"field\":\"Commande_id\"}',NULL),(106,122,'directus_fields','51','{\"hidden\":true,\"collection\":\"Commande_Produits\",\"field\":\"Produits_id\"}','{\"hidden\":true,\"collection\":\"Commande_Produits\",\"field\":\"Produits_id\"}',NULL),(107,126,'Produits','4','{\"Nom_Produits\":\"Blé\",\"Catgorie\":1,\"Prix\":9.99,\"Nombre_De_Stock\":31}','{\"Nom_Produits\":\"Blé\",\"Catgorie\":1,\"Prix\":9.99,\"Nombre_De_Stock\":31}',NULL),(108,127,'directus_fields','47','{\"id\":47,\"collection\":\"Produits\",\"field\":\"Nom_Produits\",\"special\":null,\"interface\":\"input\",\"options\":null,\"display\":null,\"display_options\":null,\"readonly\":false,\"hidden\":false,\"sort\":1,\"width\":\"full\",\"translations\":null,\"note\":null,\"conditions\":null,\"required\":true,\"group\":null,\"validation\":null,\"validation_message\":null}','{\"collection\":\"Produits\",\"field\":\"Nom_Produits\",\"sort\":1,\"group\":null}',NULL),(109,128,'directus_fields','1','{\"id\":1,\"collection\":\"Produits\",\"field\":\"id\",\"special\":null,\"interface\":\"input\",\"options\":null,\"display\":null,\"display_options\":null,\"readonly\":true,\"hidden\":true,\"sort\":2,\"width\":\"full\",\"translations\":null,\"note\":null,\"conditions\":null,\"required\":false,\"group\":null,\"validation\":null,\"validation_message\":null}','{\"collection\":\"Produits\",\"field\":\"id\",\"sort\":2,\"group\":null}',NULL),(110,129,'directus_fields','3','{\"id\":3,\"collection\":\"Produits\",\"field\":\"Nombre_De_Stock\",\"special\":null,\"interface\":\"input\",\"options\":{\"min\":0},\"display\":null,\"display_options\":null,\"readonly\":false,\"hidden\":false,\"sort\":3,\"width\":\"full\",\"translations\":null,\"note\":null,\"conditions\":null,\"required\":false,\"group\":null,\"validation\":null,\"validation_message\":null}','{\"collection\":\"Produits\",\"field\":\"Nombre_De_Stock\",\"sort\":3,\"group\":null}',NULL),(111,130,'directus_fields','4','{\"id\":4,\"collection\":\"Produits\",\"field\":\"Prix\",\"special\":null,\"interface\":\"input\",\"options\":{\"min\":0},\"display\":null,\"display_options\":null,\"readonly\":false,\"hidden\":false,\"sort\":4,\"width\":\"full\",\"translations\":null,\"note\":null,\"conditions\":null,\"required\":false,\"group\":null,\"validation\":null,\"validation_message\":null}','{\"collection\":\"Produits\",\"field\":\"Prix\",\"sort\":4,\"group\":null}',NULL),(112,131,'directus_fields','7','{\"id\":7,\"collection\":\"Produits\",\"field\":\"Catgorie\",\"special\":[\"m2o\"],\"interface\":\"select-dropdown-m2o\",\"options\":{\"choices\":null,\"template\":\"{{Categorie}}\"},\"display\":null,\"display_options\":null,\"readonly\":false,\"hidden\":false,\"sort\":5,\"width\":\"full\",\"translations\":null,\"note\":null,\"conditions\":null,\"required\":false,\"group\":null,\"validation\":null,\"validation_message\":null}','{\"collection\":\"Produits\",\"field\":\"Catgorie\",\"sort\":5,\"group\":null}',NULL),(113,132,'directus_fields','47','{\"id\":47,\"collection\":\"Produits\",\"field\":\"Nom_Produits\",\"special\":null,\"interface\":\"input\",\"options\":null,\"display\":null,\"display_options\":null,\"readonly\":false,\"hidden\":false,\"sort\":1,\"width\":\"full\",\"translations\":null,\"note\":null,\"conditions\":null,\"required\":true,\"group\":null,\"validation\":null,\"validation_message\":null}','{\"collection\":\"Produits\",\"field\":\"Nom_Produits\",\"sort\":1,\"group\":null}',NULL),(114,133,'directus_fields','3','{\"id\":3,\"collection\":\"Produits\",\"field\":\"Nombre_De_Stock\",\"special\":null,\"interface\":\"input\",\"options\":{\"min\":0},\"display\":null,\"display_options\":null,\"readonly\":false,\"hidden\":false,\"sort\":2,\"width\":\"full\",\"translations\":null,\"note\":null,\"conditions\":null,\"required\":false,\"group\":null,\"validation\":null,\"validation_message\":null}','{\"collection\":\"Produits\",\"field\":\"Nombre_De_Stock\",\"sort\":2,\"group\":null}',NULL),(115,134,'directus_fields','4','{\"id\":4,\"collection\":\"Produits\",\"field\":\"Prix\",\"special\":null,\"interface\":\"input\",\"options\":{\"min\":0},\"display\":null,\"display_options\":null,\"readonly\":false,\"hidden\":false,\"sort\":3,\"width\":\"full\",\"translations\":null,\"note\":null,\"conditions\":null,\"required\":false,\"group\":null,\"validation\":null,\"validation_message\":null}','{\"collection\":\"Produits\",\"field\":\"Prix\",\"sort\":3,\"group\":null}',NULL),(116,135,'directus_fields','7','{\"id\":7,\"collection\":\"Produits\",\"field\":\"Catgorie\",\"special\":[\"m2o\"],\"interface\":\"select-dropdown-m2o\",\"options\":{\"choices\":null,\"template\":\"{{Categorie}}\"},\"display\":null,\"display_options\":null,\"readonly\":false,\"hidden\":false,\"sort\":4,\"width\":\"full\",\"translations\":null,\"note\":null,\"conditions\":null,\"required\":false,\"group\":null,\"validation\":null,\"validation_message\":null}','{\"collection\":\"Produits\",\"field\":\"Catgorie\",\"sort\":4,\"group\":null}',NULL),(117,136,'directus_fields','1','{\"id\":1,\"collection\":\"Produits\",\"field\":\"id\",\"special\":null,\"interface\":\"input\",\"options\":null,\"display\":null,\"display_options\":null,\"readonly\":true,\"hidden\":true,\"sort\":5,\"width\":\"full\",\"translations\":null,\"note\":null,\"conditions\":null,\"required\":false,\"group\":null,\"validation\":null,\"validation_message\":null}','{\"collection\":\"Produits\",\"field\":\"id\",\"sort\":5,\"group\":null}',NULL),(118,138,'Produits','5','{\"Nom_Produits\":\"Test\",\"Nombre_De_Stock\":21,\"Prix\":19.99,\"Catgorie\":7}','{\"Nom_Produits\":\"Test\",\"Nombre_De_Stock\":21,\"Prix\":19.99,\"Catgorie\":7}',NULL),(120,140,'Commande','5','{\"Nom_Produits\":{\"create\":[{\"Commande_id\":\"+\",\"Produits_id\":{\"id\":5}}],\"update\":[],\"delete\":[]},\"Date_De_Retrait\":\"2023-01-24T15:02:00\"}','{\"Nom_Produits\":{\"create\":[{\"Commande_id\":\"+\",\"Produits_id\":{\"id\":5}}],\"update\":[],\"delete\":[]},\"Date_De_Retrait\":\"2023-01-24T15:02:00\"}',NULL),(121,141,'directus_fields','48','{\"id\":48,\"collection\":\"Commande\",\"field\":\"Nom_Produits\",\"special\":[\"m2m\"],\"interface\":\"list-m2m\",\"options\":{\"template\":\"{{Produits_id.Nom_Produits}}\"},\"display\":null,\"display_options\":null,\"readonly\":false,\"hidden\":false,\"sort\":null,\"width\":\"full\",\"translations\":null,\"note\":null,\"conditions\":null,\"required\":false,\"group\":null,\"validation\":null,\"validation_message\":null}','{\"collection\":\"Commande\",\"field\":\"Nom_Produits\",\"special\":[\"m2m\"],\"interface\":\"list-m2m\",\"options\":{\"template\":\"{{Produits_id.Nom_Produits}}\"},\"display\":null,\"display_options\":null,\"readonly\":false,\"hidden\":false,\"sort\":null,\"width\":\"full\",\"translations\":null,\"note\":null,\"conditions\":null,\"required\":false,\"group\":null,\"validation\":null,\"validation_message\":null}',NULL),(122,142,'directus_fields','48','{\"id\":48,\"collection\":\"Commande\",\"field\":\"Nom_Produits\",\"special\":[\"m2m\"],\"interface\":\"list-m2m\",\"options\":{\"template\":\"{{Produits_id.Nom_Produits}}\",\"layout\":\"table\",\"fields\":[\"Produits_id.Nom_Produits\"]},\"display\":null,\"display_options\":null,\"readonly\":false,\"hidden\":false,\"sort\":null,\"width\":\"full\",\"translations\":null,\"note\":null,\"conditions\":null,\"required\":false,\"group\":null,\"validation\":null,\"validation_message\":null}','{\"collection\":\"Commande\",\"field\":\"Nom_Produits\",\"special\":[\"m2m\"],\"interface\":\"list-m2m\",\"options\":{\"template\":\"{{Produits_id.Nom_Produits}}\",\"layout\":\"table\",\"fields\":[\"Produits_id.Nom_Produits\"]},\"display\":null,\"display_options\":null,\"readonly\":false,\"hidden\":false,\"sort\":null,\"width\":\"full\",\"translations\":null,\"note\":null,\"conditions\":null,\"required\":false,\"group\":null,\"validation\":null,\"validation_message\":null}',NULL),(124,144,'Commande','6','{\"Nom_Produits\":{\"create\":[{\"Commande_id\":\"+\",\"Produits_id\":{\"id\":5}}],\"update\":[],\"delete\":[]},\"Date_De_Retrait\":\"2023-01-24T15:03:59\"}','{\"Nom_Produits\":{\"create\":[{\"Commande_id\":\"+\",\"Produits_id\":{\"id\":5}}],\"update\":[],\"delete\":[]},\"Date_De_Retrait\":\"2023-01-24T15:03:59\"}',NULL),(125,145,'directus_fields','52','{\"interface\":\"select-dropdown-m2o\",\"special\":[\"m2o\"],\"options\":{\"template\":\"{{Categorie}}\"},\"collection\":\"Produits\",\"field\":\"Test\"}','{\"interface\":\"select-dropdown-m2o\",\"special\":[\"m2o\"],\"options\":{\"template\":\"{{Categorie}}\"},\"collection\":\"Produits\",\"field\":\"Test\"}',NULL),(126,146,'Produits','5','{\"id\":5,\"Nombre_De_Stock\":21,\"Prix\":20,\"Catgorie\":7,\"Nom_Produits\":\"Test\",\"Test\":4}','{\"Test\":4}',NULL),(127,147,'directus_fields','52','{\"id\":52,\"collection\":\"Produits\",\"field\":\"Test\",\"special\":[\"m2o\"],\"interface\":\"select-dropdown-m2o\",\"options\":{\"template\":\"{{Categorie}}\",\"filter\":{\"_and\":[{\"Categorie\":{\"_contains\":\"{{name}}\"}}]}},\"display\":null,\"display_options\":null,\"readonly\":false,\"hidden\":false,\"sort\":null,\"width\":\"full\",\"translations\":null,\"note\":null,\"conditions\":null,\"required\":false,\"group\":null,\"validation\":null,\"validation_message\":null}','{\"collection\":\"Produits\",\"field\":\"Test\",\"special\":[\"m2o\"],\"interface\":\"select-dropdown-m2o\",\"options\":{\"template\":\"{{Categorie}}\",\"filter\":{\"_and\":[{\"Categorie\":{\"_contains\":\"{{name}}\"}}]}},\"display\":null,\"display_options\":null,\"readonly\":false,\"hidden\":false,\"sort\":null,\"width\":\"full\",\"translations\":null,\"note\":null,\"conditions\":null,\"required\":false,\"group\":null,\"validation\":null,\"validation_message\":null}',NULL),(128,148,'directus_fields','52','{\"id\":52,\"collection\":\"Produits\",\"field\":\"Test\",\"special\":[\"m2o\"],\"interface\":\"select-dropdown-m2o\",\"options\":{\"template\":\"{{Categorie}}\",\"filter\":{\"_and\":[{\"Categorie\":{\"_contains\":\"{{name}}\"}}]}},\"display\":\"related-values\",\"display_options\":{\"template\":\"{{Categorie}}{{name}}\"},\"readonly\":false,\"hidden\":false,\"sort\":null,\"width\":\"full\",\"translations\":null,\"note\":null,\"conditions\":[],\"required\":false,\"group\":null,\"validation\":null,\"validation_message\":null}','{\"collection\":\"Produits\",\"field\":\"Test\",\"special\":[\"m2o\"],\"interface\":\"select-dropdown-m2o\",\"options\":{\"template\":\"{{Categorie}}\",\"filter\":{\"_and\":[{\"Categorie\":{\"_contains\":\"{{name}}\"}}]}},\"display\":\"related-values\",\"display_options\":{\"template\":\"{{Categorie}}{{name}}\"},\"readonly\":false,\"hidden\":false,\"sort\":null,\"width\":\"full\",\"translations\":null,\"note\":null,\"conditions\":[],\"required\":false,\"group\":null,\"validation\":null,\"validation_message\":null}',NULL),(129,149,'directus_fields','7','{\"id\":7,\"collection\":\"Produits\",\"field\":\"Catgorie\",\"special\":[\"m2o\"],\"interface\":\"select-dropdown-m2o\",\"options\":{\"choices\":null,\"template\":\"{{Categorie}}\"},\"display\":\"related-values\",\"display_options\":{\"template\":\"{{Categorie}}\"},\"readonly\":false,\"hidden\":false,\"sort\":4,\"width\":\"full\",\"translations\":null,\"note\":null,\"conditions\":null,\"required\":false,\"group\":null,\"validation\":null,\"validation_message\":null}','{\"collection\":\"Produits\",\"field\":\"Catgorie\",\"special\":[\"m2o\"],\"interface\":\"select-dropdown-m2o\",\"options\":{\"choices\":null,\"template\":\"{{Categorie}}\"},\"display\":\"related-values\",\"display_options\":{\"template\":\"{{Categorie}}\"},\"readonly\":false,\"hidden\":false,\"sort\":4,\"width\":\"full\",\"translations\":null,\"note\":null,\"conditions\":null,\"required\":false,\"group\":null,\"validation\":null,\"validation_message\":null}',NULL),(130,150,'Produits','6','{\"Nom_Produits\":\"Blé\",\"Nombre_De_Stock\":61,\"Prix\":9.99,\"Catgorie\":1}','{\"Nom_Produits\":\"Blé\",\"Nombre_De_Stock\":61,\"Prix\":9.99,\"Catgorie\":1}',NULL),(133,153,'Commande','7','{\"Nom_Produits\":{\"create\":[{\"Commande_id\":\"+\",\"Produits_id\":{\"id\":5}},{\"Commande_id\":\"+\",\"Produits_id\":{\"id\":6}}],\"update\":[],\"delete\":[]},\"Date_De_Retrait\":\"2023-01-26T12:00:00\"}','{\"Nom_Produits\":{\"create\":[{\"Commande_id\":\"+\",\"Produits_id\":{\"id\":5}},{\"Commande_id\":\"+\",\"Produits_id\":{\"id\":6}}],\"update\":[],\"delete\":[]},\"Date_De_Retrait\":\"2023-01-26T12:00:00\"}',NULL),(134,154,'directus_fields','48','{\"id\":48,\"collection\":\"Commande\",\"field\":\"Nom_Produits\",\"special\":[\"m2m\"],\"interface\":\"list-m2m\",\"options\":{\"template\":\"{{Produits_id.Nom_Produits}}\",\"layout\":\"table\",\"fields\":[\"Produits_id.Nom_Produits\"]},\"display\":\"related-values\",\"display_options\":{\"template\":\"{{Produits_id.Nom_Produits}}\"},\"readonly\":false,\"hidden\":false,\"sort\":null,\"width\":\"full\",\"translations\":null,\"note\":null,\"conditions\":null,\"required\":false,\"group\":null,\"validation\":null,\"validation_message\":null}','{\"collection\":\"Commande\",\"field\":\"Nom_Produits\",\"special\":[\"m2m\"],\"interface\":\"list-m2m\",\"options\":{\"template\":\"{{Produits_id.Nom_Produits}}\",\"layout\":\"table\",\"fields\":[\"Produits_id.Nom_Produits\"]},\"display\":\"related-values\",\"display_options\":{\"template\":\"{{Produits_id.Nom_Produits}}\"},\"readonly\":false,\"hidden\":false,\"sort\":null,\"width\":\"full\",\"translations\":null,\"note\":null,\"conditions\":null,\"required\":false,\"group\":null,\"validation\":null,\"validation_message\":null}',NULL),(135,155,'directus_fields','48','{\"id\":48,\"collection\":\"Commande\",\"field\":\"Nom_Produits\",\"special\":[\"m2m\"],\"interface\":\"list-m2m\",\"options\":{\"template\":\"{{Produits_id.Nom_Produits}}\",\"layout\":\"table\",\"fields\":[\"Produits_id.Nom_Produits\"]},\"display\":\"raw\",\"display_options\":{\"template\":\"{{Produits_id.Nom_Produits}}\"},\"readonly\":false,\"hidden\":false,\"sort\":null,\"width\":\"full\",\"translations\":null,\"note\":null,\"conditions\":null,\"required\":false,\"group\":null,\"validation\":null,\"validation_message\":null}','{\"collection\":\"Commande\",\"field\":\"Nom_Produits\",\"special\":[\"m2m\"],\"interface\":\"list-m2m\",\"options\":{\"template\":\"{{Produits_id.Nom_Produits}}\",\"layout\":\"table\",\"fields\":[\"Produits_id.Nom_Produits\"]},\"display\":\"raw\",\"display_options\":{\"template\":\"{{Produits_id.Nom_Produits}}\"},\"readonly\":false,\"hidden\":false,\"sort\":null,\"width\":\"full\",\"translations\":null,\"note\":null,\"conditions\":null,\"required\":false,\"group\":null,\"validation\":null,\"validation_message\":null}',NULL),(136,156,'directus_fields','48','{\"id\":48,\"collection\":\"Commande\",\"field\":\"Nom_Produits\",\"special\":[\"m2m\"],\"interface\":\"list-m2m\",\"options\":{\"template\":\"{{Produits_id.Nom_Produits}}\",\"layout\":\"table\",\"fields\":[\"Produits_id.Nom_Produits\"]},\"display\":\"related-values\",\"display_options\":{\"template\":\"{{Commande_id.Nom_Produits}}\"},\"readonly\":false,\"hidden\":false,\"sort\":null,\"width\":\"full\",\"translations\":null,\"note\":null,\"conditions\":null,\"required\":false,\"group\":null,\"validation\":null,\"validation_message\":null}','{\"collection\":\"Commande\",\"field\":\"Nom_Produits\",\"special\":[\"m2m\"],\"interface\":\"list-m2m\",\"options\":{\"template\":\"{{Produits_id.Nom_Produits}}\",\"layout\":\"table\",\"fields\":[\"Produits_id.Nom_Produits\"]},\"display\":\"related-values\",\"display_options\":{\"template\":\"{{Commande_id.Nom_Produits}}\"},\"readonly\":false,\"hidden\":false,\"sort\":null,\"width\":\"full\",\"translations\":null,\"note\":null,\"conditions\":null,\"required\":false,\"group\":null,\"validation\":null,\"validation_message\":null}',NULL),(137,157,'directus_fields','48','{\"id\":48,\"collection\":\"Commande\",\"field\":\"Nom_Produits\",\"special\":[\"m2m\"],\"interface\":\"list-m2m\",\"options\":{\"template\":\"{{Produits_id.Nom_Produits}}\",\"layout\":\"table\",\"fields\":[\"Produits_id.Nom_Produits\"]},\"display\":\"related-values\",\"display_options\":{\"template\":\"{{Produits_id.Nom_Produits}}\"},\"readonly\":false,\"hidden\":false,\"sort\":null,\"width\":\"full\",\"translations\":null,\"note\":null,\"conditions\":null,\"required\":false,\"group\":null,\"validation\":null,\"validation_message\":null}','{\"collection\":\"Commande\",\"field\":\"Nom_Produits\",\"special\":[\"m2m\"],\"interface\":\"list-m2m\",\"options\":{\"template\":\"{{Produits_id.Nom_Produits}}\",\"layout\":\"table\",\"fields\":[\"Produits_id.Nom_Produits\"]},\"display\":\"related-values\",\"display_options\":{\"template\":\"{{Produits_id.Nom_Produits}}\"},\"readonly\":false,\"hidden\":false,\"sort\":null,\"width\":\"full\",\"translations\":null,\"note\":null,\"conditions\":null,\"required\":false,\"group\":null,\"validation\":null,\"validation_message\":null}',NULL),(138,158,'directus_fields','48','{\"id\":48,\"collection\":\"Commande\",\"field\":\"Nom_Produits\",\"special\":[\"m2m\"],\"interface\":\"list-m2m\",\"options\":{\"template\":\"{{Produits_id.Nom_Produits}}\",\"fields\":[\"Produits_id.Nom_Produits\"]},\"display\":\"related-values\",\"display_options\":{\"template\":\"{{Produits_id.Nom_Produits}}\"},\"readonly\":false,\"hidden\":false,\"sort\":null,\"width\":\"full\",\"translations\":null,\"note\":null,\"conditions\":null,\"required\":false,\"group\":null,\"validation\":null,\"validation_message\":null}','{\"collection\":\"Commande\",\"field\":\"Nom_Produits\",\"special\":[\"m2m\"],\"interface\":\"list-m2m\",\"options\":{\"template\":\"{{Produits_id.Nom_Produits}}\",\"fields\":[\"Produits_id.Nom_Produits\"]},\"display\":\"related-values\",\"display_options\":{\"template\":\"{{Produits_id.Nom_Produits}}\"},\"readonly\":false,\"hidden\":false,\"sort\":null,\"width\":\"full\",\"translations\":null,\"note\":null,\"conditions\":null,\"required\":false,\"group\":null,\"validation\":null,\"validation_message\":null}',NULL),(142,164,'directus_fields','53','{\"interface\":\"input\",\"special\":null,\"collection\":\"Commande\",\"field\":\"Quantite\"}','{\"interface\":\"input\",\"special\":null,\"collection\":\"Commande\",\"field\":\"Quantite\"}',NULL),(143,165,'directus_collections','Commande_Produits','{\"collection\":\"Commande_Produits\",\"icon\":\"import_export\",\"note\":null,\"display_template\":null,\"hidden\":false,\"singleton\":false,\"translations\":null,\"archive_field\":null,\"archive_app_filter\":true,\"archive_value\":null,\"unarchive_value\":null,\"sort_field\":null,\"accountability\":\"all\",\"color\":null,\"item_duplication_fields\":null,\"sort\":null,\"group\":null,\"collapse\":\"open\"}','{\"hidden\":false}',NULL),(144,166,'directus_fields','50','{\"id\":50,\"collection\":\"Commande_Produits\",\"field\":\"Commande_id\",\"special\":null,\"interface\":null,\"options\":null,\"display\":null,\"display_options\":null,\"readonly\":false,\"hidden\":false,\"sort\":null,\"width\":\"full\",\"translations\":null,\"note\":null,\"conditions\":null,\"required\":false,\"group\":null,\"validation\":null,\"validation_message\":null}','{\"collection\":\"Commande_Produits\",\"field\":\"Commande_id\",\"hidden\":false}',NULL),(145,167,'directus_fields','51','{\"id\":51,\"collection\":\"Commande_Produits\",\"field\":\"Produits_id\",\"special\":null,\"interface\":null,\"options\":null,\"display\":null,\"display_options\":null,\"readonly\":false,\"hidden\":false,\"sort\":null,\"width\":\"full\",\"translations\":null,\"note\":null,\"conditions\":null,\"required\":false,\"group\":null,\"validation\":null,\"validation_message\":null}','{\"collection\":\"Commande_Produits\",\"field\":\"Produits_id\",\"hidden\":false}',NULL),(146,168,'directus_fields','49','{\"id\":49,\"collection\":\"Commande_Produits\",\"field\":\"id\",\"special\":null,\"interface\":null,\"options\":null,\"display\":null,\"display_options\":null,\"readonly\":false,\"hidden\":false,\"sort\":null,\"width\":\"full\",\"translations\":null,\"note\":null,\"conditions\":null,\"required\":false,\"group\":null,\"validation\":null,\"validation_message\":null}','{\"collection\":\"Commande_Produits\",\"field\":\"id\",\"hidden\":false}',NULL),(147,169,'directus_fields','54','{\"interface\":\"input\",\"special\":null,\"required\":true,\"collection\":\"Commande\",\"field\":\"Nom_Bon_Commande\"}','{\"interface\":\"input\",\"special\":null,\"required\":true,\"collection\":\"Commande\",\"field\":\"Nom_Bon_Commande\"}',NULL),(148,170,'Commande','7','{\"id\":7,\"date_created\":\"2023-01-24T14:30:45.000Z\",\"Date_De_Retrait\":\"2023-01-26T12:00:00\",\"Quantite\":null,\"Nom_Bon_Commande\":\"Cosse\",\"Nom_Produits\":[3,4]}','{\"Nom_Bon_Commande\":\"Cosse\"}',NULL),(149,171,'Commande','6','{\"id\":6,\"date_created\":\"2023-01-24T14:04:00.000Z\",\"Date_De_Retrait\":\"2023-01-24T15:03:59\",\"Quantite\":null,\"Nom_Bon_Commande\":\"Cosse\",\"Nom_Produits\":[2]}','{\"Nom_Bon_Commande\":\"Cosse\"}',NULL),(150,172,'Commande','5','{\"id\":5,\"date_created\":\"2023-01-24T14:02:19.000Z\",\"Date_De_Retrait\":\"2023-01-24T15:02:00\",\"Quantite\":null,\"Nom_Bon_Commande\":\"Cosse\",\"Nom_Produits\":[5,6]}','{\"Nom_Bon_Commande\":\"Cosse\"}',NULL),(151,173,'directus_fields','50','{\"id\":50,\"collection\":\"Commande_Produits\",\"field\":\"Commande_id\",\"special\":null,\"interface\":null,\"options\":null,\"display\":\"related-values\",\"display_options\":{\"template\":\"{{Nom_Bon_Commande}}\"},\"readonly\":false,\"hidden\":false,\"sort\":null,\"width\":\"full\",\"translations\":null,\"note\":null,\"conditions\":null,\"required\":false,\"group\":null,\"validation\":null,\"validation_message\":null}','{\"collection\":\"Commande_Produits\",\"field\":\"Commande_id\",\"special\":null,\"interface\":null,\"options\":null,\"display\":\"related-values\",\"display_options\":{\"template\":\"{{Nom_Bon_Commande}}\"},\"readonly\":false,\"hidden\":false,\"sort\":null,\"width\":\"full\",\"translations\":null,\"note\":null,\"conditions\":null,\"required\":false,\"group\":null,\"validation\":null,\"validation_message\":null}',NULL),(152,174,'directus_fields','51','{\"id\":51,\"collection\":\"Commande_Produits\",\"field\":\"Produits_id\",\"special\":null,\"interface\":null,\"options\":null,\"display\":\"related-values\",\"display_options\":{\"template\":\"{{Nom_Produits}}\"},\"readonly\":false,\"hidden\":false,\"sort\":null,\"width\":\"full\",\"translations\":null,\"note\":null,\"conditions\":null,\"required\":false,\"group\":null,\"validation\":null,\"validation_message\":null}','{\"collection\":\"Commande_Produits\",\"field\":\"Produits_id\",\"special\":null,\"interface\":null,\"options\":null,\"display\":\"related-values\",\"display_options\":{\"template\":\"{{Nom_Produits}}\"},\"readonly\":false,\"hidden\":false,\"sort\":null,\"width\":\"full\",\"translations\":null,\"note\":null,\"conditions\":null,\"required\":false,\"group\":null,\"validation\":null,\"validation_message\":null}',NULL),(155,186,'Commande','8','{\"Date_De_Retrait\":\"2023-01-26T12:00:00\",\"Nom_Produits\":{\"create\":[{\"Commande_id\":\"+\",\"Produits_id\":{\"id\":5}},{\"Commande_id\":\"+\",\"Produits_id\":{\"id\":6}}],\"update\":[],\"delete\":[]},\"Nom_Bon_Commande\":\"Cosse\"}','{\"Date_De_Retrait\":\"2023-01-26T12:00:00\",\"Nom_Produits\":{\"create\":[{\"Commande_id\":\"+\",\"Produits_id\":{\"id\":5}},{\"Commande_id\":\"+\",\"Produits_id\":{\"id\":6}}],\"update\":[],\"delete\":[]},\"Nom_Bon_Commande\":\"Cosse\"}',NULL),(156,187,'directus_fields','50','{\"id\":50,\"collection\":\"Commande_Produits\",\"field\":\"Commande_id\",\"special\":null,\"interface\":null,\"options\":null,\"display\":\"related-values\",\"display_options\":{\"template\":\"{{id}}\"},\"readonly\":false,\"hidden\":false,\"sort\":null,\"width\":\"full\",\"translations\":null,\"note\":null,\"conditions\":null,\"required\":false,\"group\":null,\"validation\":null,\"validation_message\":null}','{\"collection\":\"Commande_Produits\",\"field\":\"Commande_id\",\"special\":null,\"interface\":null,\"options\":null,\"display\":\"related-values\",\"display_options\":{\"template\":\"{{id}}\"},\"readonly\":false,\"hidden\":false,\"sort\":null,\"width\":\"full\",\"translations\":null,\"note\":null,\"conditions\":null,\"required\":false,\"group\":null,\"validation\":null,\"validation_message\":null}',NULL),(157,188,'directus_fields','55','{\"interface\":\"input\",\"special\":null,\"required\":true,\"options\":{\"min\":1},\"collection\":\"Commande_Produits\",\"field\":\"Quantites\"}','{\"interface\":\"input\",\"special\":null,\"required\":true,\"options\":{\"min\":1},\"collection\":\"Commande_Produits\",\"field\":\"Quantites\"}',NULL),(158,189,'directus_fields','56','{\"special\":[\"alias\",\"no-data\",\"group\"],\"translations\":null,\"interface\":\"group-accordion\",\"options\":{\"accordionMode\":false},\"readonly\":true,\"collection\":\"Commande\",\"field\":\"Quantites\"}','{\"special\":[\"alias\",\"no-data\",\"group\"],\"translations\":null,\"interface\":\"group-accordion\",\"options\":{\"accordionMode\":false},\"readonly\":true,\"collection\":\"Commande\",\"field\":\"Quantites\"}',NULL),(159,190,'directus_fields','54','{\"id\":54,\"collection\":\"Commande\",\"field\":\"Nom_Bon_Commande\",\"special\":null,\"interface\":\"input\",\"options\":null,\"display\":null,\"display_options\":null,\"readonly\":false,\"hidden\":false,\"sort\":1,\"width\":\"full\",\"translations\":null,\"note\":null,\"conditions\":null,\"required\":true,\"group\":\"Quantites\",\"validation\":null,\"validation_message\":null}','{\"collection\":\"Commande\",\"field\":\"Nom_Bon_Commande\",\"sort\":1,\"group\":\"Quantites\"}',NULL),(160,191,'directus_fields','19','{\"id\":19,\"collection\":\"Commande\",\"field\":\"id\",\"special\":null,\"interface\":\"input\",\"options\":null,\"display\":null,\"display_options\":null,\"readonly\":true,\"hidden\":true,\"sort\":1,\"width\":\"full\",\"translations\":null,\"note\":null,\"conditions\":null,\"required\":false,\"group\":null,\"validation\":null,\"validation_message\":null}','{\"collection\":\"Commande\",\"field\":\"id\",\"sort\":1,\"group\":null}',NULL),(161,192,'directus_fields','28','{\"id\":28,\"collection\":\"Commande\",\"field\":\"Date_De_Retrait\",\"special\":null,\"interface\":\"datetime\",\"options\":null,\"display\":null,\"display_options\":null,\"readonly\":false,\"hidden\":false,\"sort\":2,\"width\":\"full\",\"translations\":null,\"note\":null,\"conditions\":null,\"required\":true,\"group\":null,\"validation\":null,\"validation_message\":null}','{\"collection\":\"Commande\",\"field\":\"Date_De_Retrait\",\"sort\":2,\"group\":null}',NULL),(162,193,'directus_fields','20','{\"id\":20,\"collection\":\"Commande\",\"field\":\"date_created\",\"special\":[\"date-created\"],\"interface\":\"datetime\",\"options\":null,\"display\":\"datetime\",\"display_options\":{\"relative\":true},\"readonly\":true,\"hidden\":true,\"sort\":3,\"width\":\"fill\",\"translations\":null,\"note\":null,\"conditions\":null,\"required\":false,\"group\":null,\"validation\":null,\"validation_message\":null}','{\"collection\":\"Commande\",\"field\":\"date_created\",\"sort\":3,\"group\":null}',NULL),(163,194,'directus_fields','48','{\"id\":48,\"collection\":\"Commande\",\"field\":\"Nom_Produits\",\"special\":[\"m2m\"],\"interface\":\"list-m2m\",\"options\":{\"template\":\"{{Produits_id.Nom_Produits}}\",\"fields\":[\"Produits_id.Nom_Produits\"]},\"display\":\"related-values\",\"display_options\":{\"template\":\"{{Produits_id.Nom_Produits}}\"},\"readonly\":false,\"hidden\":false,\"sort\":4,\"width\":\"full\",\"translations\":null,\"note\":null,\"conditions\":null,\"required\":false,\"group\":null,\"validation\":null,\"validation_message\":null}','{\"collection\":\"Commande\",\"field\":\"Nom_Produits\",\"sort\":4,\"group\":null}',NULL),(164,195,'directus_fields','56','{\"id\":56,\"collection\":\"Commande\",\"field\":\"Quantites\",\"special\":[\"alias\",\"no-data\",\"group\"],\"interface\":\"group-accordion\",\"options\":{\"accordionMode\":false},\"display\":null,\"display_options\":null,\"readonly\":true,\"hidden\":false,\"sort\":5,\"width\":\"full\",\"translations\":null,\"note\":null,\"conditions\":null,\"required\":false,\"group\":null,\"validation\":null,\"validation_message\":null}','{\"collection\":\"Commande\",\"field\":\"Quantites\",\"sort\":5,\"group\":null}',NULL),(165,196,'directus_fields','19','{\"id\":19,\"collection\":\"Commande\",\"field\":\"id\",\"special\":null,\"interface\":\"input\",\"options\":null,\"display\":null,\"display_options\":null,\"readonly\":true,\"hidden\":true,\"sort\":1,\"width\":\"full\",\"translations\":null,\"note\":null,\"conditions\":null,\"required\":false,\"group\":null,\"validation\":null,\"validation_message\":null}','{\"collection\":\"Commande\",\"field\":\"id\",\"sort\":1,\"group\":null}',NULL),(166,197,'directus_fields','28','{\"id\":28,\"collection\":\"Commande\",\"field\":\"Date_De_Retrait\",\"special\":null,\"interface\":\"datetime\",\"options\":null,\"display\":null,\"display_options\":null,\"readonly\":false,\"hidden\":false,\"sort\":2,\"width\":\"full\",\"translations\":null,\"note\":null,\"conditions\":null,\"required\":true,\"group\":null,\"validation\":null,\"validation_message\":null}','{\"collection\":\"Commande\",\"field\":\"Date_De_Retrait\",\"sort\":2,\"group\":null}',NULL),(167,198,'directus_fields','20','{\"id\":20,\"collection\":\"Commande\",\"field\":\"date_created\",\"special\":[\"date-created\"],\"interface\":\"datetime\",\"options\":null,\"display\":\"datetime\",\"display_options\":{\"relative\":true},\"readonly\":true,\"hidden\":true,\"sort\":3,\"width\":\"fill\",\"translations\":null,\"note\":null,\"conditions\":null,\"required\":false,\"group\":null,\"validation\":null,\"validation_message\":null}','{\"collection\":\"Commande\",\"field\":\"date_created\",\"sort\":3,\"group\":null}',NULL),(168,199,'directus_fields','48','{\"id\":48,\"collection\":\"Commande\",\"field\":\"Nom_Produits\",\"special\":[\"m2m\"],\"interface\":\"list-m2m\",\"options\":{\"template\":\"{{Produits_id.Nom_Produits}}\",\"fields\":[\"Produits_id.Nom_Produits\"]},\"display\":\"related-values\",\"display_options\":{\"template\":\"{{Produits_id.Nom_Produits}}\"},\"readonly\":false,\"hidden\":false,\"sort\":4,\"width\":\"full\",\"translations\":null,\"note\":null,\"conditions\":null,\"required\":false,\"group\":null,\"validation\":null,\"validation_message\":null}','{\"collection\":\"Commande\",\"field\":\"Nom_Produits\",\"sort\":4,\"group\":null}',NULL),(169,200,'directus_fields','54','{\"id\":54,\"collection\":\"Commande\",\"field\":\"Nom_Bon_Commande\",\"special\":null,\"interface\":\"input\",\"options\":null,\"display\":null,\"display_options\":null,\"readonly\":false,\"hidden\":false,\"sort\":5,\"width\":\"full\",\"translations\":null,\"note\":null,\"conditions\":null,\"required\":true,\"group\":null,\"validation\":null,\"validation_message\":null}','{\"collection\":\"Commande\",\"field\":\"Nom_Bon_Commande\",\"sort\":5,\"group\":null}',NULL),(170,201,'directus_fields','56','{\"id\":56,\"collection\":\"Commande\",\"field\":\"Quantites\",\"special\":[\"alias\",\"no-data\",\"group\"],\"interface\":\"group-accordion\",\"options\":{\"accordionMode\":false},\"display\":null,\"display_options\":null,\"readonly\":true,\"hidden\":false,\"sort\":6,\"width\":\"full\",\"translations\":null,\"note\":null,\"conditions\":null,\"required\":false,\"group\":null,\"validation\":null,\"validation_message\":null}','{\"collection\":\"Commande\",\"field\":\"Quantites\",\"sort\":6,\"group\":null}',NULL),(171,202,'directus_fields','19','{\"id\":19,\"collection\":\"Commande\",\"field\":\"id\",\"special\":null,\"interface\":\"input\",\"options\":null,\"display\":null,\"display_options\":null,\"readonly\":true,\"hidden\":true,\"sort\":1,\"width\":\"full\",\"translations\":null,\"note\":null,\"conditions\":null,\"required\":false,\"group\":null,\"validation\":null,\"validation_message\":null}','{\"collection\":\"Commande\",\"field\":\"id\",\"sort\":1,\"group\":null}',NULL),(172,203,'directus_fields','48','{\"id\":48,\"collection\":\"Commande\",\"field\":\"Nom_Produits\",\"special\":[\"m2m\"],\"interface\":\"list-m2m\",\"options\":{\"template\":\"{{Produits_id.Nom_Produits}}\",\"fields\":[\"Produits_id.Nom_Produits\"]},\"display\":\"related-values\",\"display_options\":{\"template\":\"{{Produits_id.Nom_Produits}}\"},\"readonly\":false,\"hidden\":false,\"sort\":1,\"width\":\"full\",\"translations\":null,\"note\":null,\"conditions\":null,\"required\":false,\"group\":\"Quantites\",\"validation\":null,\"validation_message\":null}','{\"collection\":\"Commande\",\"field\":\"Nom_Produits\",\"sort\":1,\"group\":\"Quantites\"}',NULL),(173,204,'directus_fields','28','{\"id\":28,\"collection\":\"Commande\",\"field\":\"Date_De_Retrait\",\"special\":null,\"interface\":\"datetime\",\"options\":null,\"display\":null,\"display_options\":null,\"readonly\":false,\"hidden\":false,\"sort\":2,\"width\":\"full\",\"translations\":null,\"note\":null,\"conditions\":null,\"required\":true,\"group\":null,\"validation\":null,\"validation_message\":null}','{\"collection\":\"Commande\",\"field\":\"Date_De_Retrait\",\"sort\":2,\"group\":null}',NULL),(174,205,'directus_fields','20','{\"id\":20,\"collection\":\"Commande\",\"field\":\"date_created\",\"special\":[\"date-created\"],\"interface\":\"datetime\",\"options\":null,\"display\":\"datetime\",\"display_options\":{\"relative\":true},\"readonly\":true,\"hidden\":true,\"sort\":3,\"width\":\"fill\",\"translations\":null,\"note\":null,\"conditions\":null,\"required\":false,\"group\":null,\"validation\":null,\"validation_message\":null}','{\"collection\":\"Commande\",\"field\":\"date_created\",\"sort\":3,\"group\":null}',NULL),(175,206,'directus_fields','54','{\"id\":54,\"collection\":\"Commande\",\"field\":\"Nom_Bon_Commande\",\"special\":null,\"interface\":\"input\",\"options\":null,\"display\":null,\"display_options\":null,\"readonly\":false,\"hidden\":false,\"sort\":4,\"width\":\"full\",\"translations\":null,\"note\":null,\"conditions\":null,\"required\":true,\"group\":null,\"validation\":null,\"validation_message\":null}','{\"collection\":\"Commande\",\"field\":\"Nom_Bon_Commande\",\"sort\":4,\"group\":null}',NULL),(176,207,'directus_fields','56','{\"id\":56,\"collection\":\"Commande\",\"field\":\"Quantites\",\"special\":[\"alias\",\"no-data\",\"group\"],\"interface\":\"group-accordion\",\"options\":{\"accordionMode\":false},\"display\":null,\"display_options\":null,\"readonly\":true,\"hidden\":false,\"sort\":5,\"width\":\"full\",\"translations\":null,\"note\":null,\"conditions\":null,\"required\":false,\"group\":null,\"validation\":null,\"validation_message\":null}','{\"collection\":\"Commande\",\"field\":\"Quantites\",\"sort\":5,\"group\":null}',NULL),(177,208,'directus_fields','48','{\"id\":48,\"collection\":\"Commande\",\"field\":\"Nom_Produits\",\"special\":[\"m2m\"],\"interface\":\"list-m2m\",\"options\":{\"template\":\"{{Produits_id.Nom_Produits}}\",\"fields\":[\"Produits_id.Nom_Produits\"]},\"display\":\"related-values\",\"display_options\":{\"template\":\"{{Produits_id.Nom_Produits}}\"},\"readonly\":false,\"hidden\":false,\"sort\":1,\"width\":\"half\",\"translations\":null,\"note\":null,\"conditions\":null,\"required\":false,\"group\":\"Quantites\",\"validation\":null,\"validation_message\":null}','{\"collection\":\"Commande\",\"field\":\"Nom_Produits\",\"width\":\"half\"}',NULL),(178,209,'directus_fields','57','{\"hidden\":true,\"field\":\"id\",\"collection\":\"Commande_Commande_Produits\"}','{\"hidden\":true,\"field\":\"id\",\"collection\":\"Commande_Commande_Produits\"}',NULL),(179,210,'directus_collections','Commande_Commande_Produits','{\"hidden\":true,\"icon\":\"import_export\",\"collection\":\"Commande_Commande_Produits\"}','{\"hidden\":true,\"icon\":\"import_export\",\"collection\":\"Commande_Commande_Produits\"}',NULL),(180,211,'directus_fields','58','{\"hidden\":true,\"collection\":\"Commande_Commande_Produits\",\"field\":\"Commande_id\"}','{\"hidden\":true,\"collection\":\"Commande_Commande_Produits\",\"field\":\"Commande_id\"}',NULL),(181,212,'directus_fields','59','{\"hidden\":true,\"collection\":\"Commande_Commande_Produits\",\"field\":\"Commande_Produits_id\"}','{\"hidden\":true,\"collection\":\"Commande_Commande_Produits\",\"field\":\"Commande_Produits_id\"}',NULL),(182,213,'directus_fields','19','{\"id\":19,\"collection\":\"Commande\",\"field\":\"id\",\"special\":null,\"interface\":\"input\",\"options\":null,\"display\":null,\"display_options\":null,\"readonly\":true,\"hidden\":true,\"sort\":1,\"width\":\"full\",\"translations\":null,\"note\":null,\"conditions\":null,\"required\":false,\"group\":null,\"validation\":null,\"validation_message\":null}','{\"collection\":\"Commande\",\"field\":\"id\",\"sort\":1,\"group\":null}',NULL),(183,214,'directus_fields','28','{\"id\":28,\"collection\":\"Commande\",\"field\":\"Date_De_Retrait\",\"special\":null,\"interface\":\"datetime\",\"options\":null,\"display\":null,\"display_options\":null,\"readonly\":false,\"hidden\":false,\"sort\":2,\"width\":\"full\",\"translations\":null,\"note\":null,\"conditions\":null,\"required\":true,\"group\":null,\"validation\":null,\"validation_message\":null}','{\"collection\":\"Commande\",\"field\":\"Date_De_Retrait\",\"sort\":2,\"group\":null}',NULL),(184,215,'directus_fields','20','{\"id\":20,\"collection\":\"Commande\",\"field\":\"date_created\",\"special\":[\"date-created\"],\"interface\":\"datetime\",\"options\":null,\"display\":\"datetime\",\"display_options\":{\"relative\":true},\"readonly\":true,\"hidden\":true,\"sort\":3,\"width\":\"fill\",\"translations\":null,\"note\":null,\"conditions\":null,\"required\":false,\"group\":null,\"validation\":null,\"validation_message\":null}','{\"collection\":\"Commande\",\"field\":\"date_created\",\"sort\":3,\"group\":null}',NULL),(185,216,'directus_fields','54','{\"id\":54,\"collection\":\"Commande\",\"field\":\"Nom_Bon_Commande\",\"special\":null,\"interface\":\"input\",\"options\":null,\"display\":null,\"display_options\":null,\"readonly\":false,\"hidden\":false,\"sort\":4,\"width\":\"full\",\"translations\":null,\"note\":null,\"conditions\":null,\"required\":true,\"group\":null,\"validation\":null,\"validation_message\":null}','{\"collection\":\"Commande\",\"field\":\"Nom_Bon_Commande\",\"sort\":4,\"group\":null}',NULL),(186,217,'directus_fields','48','{\"id\":48,\"collection\":\"Commande\",\"field\":\"Nom_Produits\",\"special\":[\"m2m\"],\"interface\":\"list-m2m\",\"options\":{\"template\":\"{{Produits_id.Nom_Produits}}\",\"fields\":[\"Produits_id.Nom_Produits\"]},\"display\":\"related-values\",\"display_options\":{\"template\":\"{{Produits_id.Nom_Produits}}\"},\"readonly\":false,\"hidden\":false,\"sort\":5,\"width\":\"half\",\"translations\":null,\"note\":null,\"conditions\":null,\"required\":false,\"group\":null,\"validation\":null,\"validation_message\":null}','{\"collection\":\"Commande\",\"field\":\"Nom_Produits\",\"sort\":5,\"group\":null}',NULL),(187,218,'directus_fields','56','{\"id\":56,\"collection\":\"Commande\",\"field\":\"Quantites\",\"special\":[\"alias\",\"no-data\",\"group\"],\"interface\":\"group-accordion\",\"options\":{\"accordionMode\":false},\"display\":null,\"display_options\":null,\"readonly\":true,\"hidden\":false,\"sort\":6,\"width\":\"full\",\"translations\":null,\"note\":null,\"conditions\":null,\"required\":false,\"group\":null,\"validation\":null,\"validation_message\":null}','{\"collection\":\"Commande\",\"field\":\"Quantites\",\"sort\":6,\"group\":null}',NULL),(188,219,'directus_fields','60','{\"special\":[\"alias\",\"no-data\",\"group\"],\"readonly\":true,\"interface\":\"group-detail\",\"collection\":\"Commande\",\"field\":\"VUE_Quantites\"}','{\"special\":[\"alias\",\"no-data\",\"group\"],\"readonly\":true,\"interface\":\"group-detail\",\"collection\":\"Commande\",\"field\":\"VUE_Quantites\"}',NULL),(189,220,'directus_fields','19','{\"id\":19,\"collection\":\"Commande\",\"field\":\"id\",\"special\":null,\"interface\":\"input\",\"options\":null,\"display\":null,\"display_options\":null,\"readonly\":true,\"hidden\":true,\"sort\":1,\"width\":\"full\",\"translations\":null,\"note\":null,\"conditions\":null,\"required\":false,\"group\":null,\"validation\":null,\"validation_message\":null}','{\"collection\":\"Commande\",\"field\":\"id\",\"sort\":1,\"group\":null}',NULL),(190,221,'directus_fields','48','{\"id\":48,\"collection\":\"Commande\",\"field\":\"Nom_Produits\",\"special\":[\"m2m\"],\"interface\":\"list-m2m\",\"options\":{\"template\":\"{{Produits_id.Nom_Produits}}\",\"fields\":[\"Produits_id.Nom_Produits\"]},\"display\":\"related-values\",\"display_options\":{\"template\":\"{{Produits_id.Nom_Produits}}\"},\"readonly\":false,\"hidden\":false,\"sort\":1,\"width\":\"half\",\"translations\":null,\"note\":null,\"conditions\":null,\"required\":false,\"group\":\"VUE_Quantites\",\"validation\":null,\"validation_message\":null}','{\"collection\":\"Commande\",\"field\":\"Nom_Produits\",\"sort\":1,\"group\":\"VUE_Quantites\"}',NULL),(191,222,'directus_fields','28','{\"id\":28,\"collection\":\"Commande\",\"field\":\"Date_De_Retrait\",\"special\":null,\"interface\":\"datetime\",\"options\":null,\"display\":null,\"display_options\":null,\"readonly\":false,\"hidden\":false,\"sort\":2,\"width\":\"full\",\"translations\":null,\"note\":null,\"conditions\":null,\"required\":true,\"group\":null,\"validation\":null,\"validation_message\":null}','{\"collection\":\"Commande\",\"field\":\"Date_De_Retrait\",\"sort\":2,\"group\":null}',NULL),(192,223,'directus_fields','20','{\"id\":20,\"collection\":\"Commande\",\"field\":\"date_created\",\"special\":[\"date-created\"],\"interface\":\"datetime\",\"options\":null,\"display\":\"datetime\",\"display_options\":{\"relative\":true},\"readonly\":true,\"hidden\":true,\"sort\":3,\"width\":\"fill\",\"translations\":null,\"note\":null,\"conditions\":null,\"required\":false,\"group\":null,\"validation\":null,\"validation_message\":null}','{\"collection\":\"Commande\",\"field\":\"date_created\",\"sort\":3,\"group\":null}',NULL),(193,224,'directus_fields','54','{\"id\":54,\"collection\":\"Commande\",\"field\":\"Nom_Bon_Commande\",\"special\":null,\"interface\":\"input\",\"options\":null,\"display\":null,\"display_options\":null,\"readonly\":false,\"hidden\":false,\"sort\":4,\"width\":\"full\",\"translations\":null,\"note\":null,\"conditions\":null,\"required\":true,\"group\":null,\"validation\":null,\"validation_message\":null}','{\"collection\":\"Commande\",\"field\":\"Nom_Bon_Commande\",\"sort\":4,\"group\":null}',NULL),(194,225,'directus_fields','60','{\"id\":60,\"collection\":\"Commande\",\"field\":\"VUE_Quantites\",\"special\":[\"alias\",\"no-data\",\"group\"],\"interface\":\"group-detail\",\"options\":null,\"display\":null,\"display_options\":null,\"readonly\":true,\"hidden\":false,\"sort\":5,\"width\":\"full\",\"translations\":null,\"note\":null,\"conditions\":null,\"required\":false,\"group\":null,\"validation\":null,\"validation_message\":null}','{\"collection\":\"Commande\",\"field\":\"VUE_Quantites\",\"sort\":5,\"group\":null}',NULL),(195,226,'directus_fields','61','{\"interface\":\"select-dropdown-m2o\",\"special\":[\"m2o\"],\"options\":{\"template\":\"{{Quantites}}\"},\"collection\":\"Commande\",\"field\":\"Quantites\"}','{\"interface\":\"select-dropdown-m2o\",\"special\":[\"m2o\"],\"options\":{\"template\":\"{{Quantites}}\"},\"collection\":\"Commande\",\"field\":\"Quantites\"}',NULL),(196,227,'directus_fields','61','{\"id\":61,\"collection\":\"Commande\",\"field\":\"Quantites\",\"special\":[\"m2o\"],\"interface\":\"select-dropdown-m2o\",\"options\":{\"template\":\"{{Quantites}}\"},\"display\":null,\"display_options\":null,\"readonly\":false,\"hidden\":false,\"sort\":1,\"width\":\"full\",\"translations\":null,\"note\":null,\"conditions\":null,\"required\":false,\"group\":\"VUE_Quantites\",\"validation\":null,\"validation_message\":null}','{\"collection\":\"Commande\",\"field\":\"Quantites\",\"sort\":1,\"group\":\"VUE_Quantites\"}',NULL),(197,228,'directus_fields','19','{\"id\":19,\"collection\":\"Commande\",\"field\":\"id\",\"special\":null,\"interface\":\"input\",\"options\":null,\"display\":null,\"display_options\":null,\"readonly\":true,\"hidden\":true,\"sort\":1,\"width\":\"full\",\"translations\":null,\"note\":null,\"conditions\":null,\"required\":false,\"group\":null,\"validation\":null,\"validation_message\":null}','{\"collection\":\"Commande\",\"field\":\"id\",\"sort\":1,\"group\":null}',NULL),(198,229,'directus_fields','48','{\"id\":48,\"collection\":\"Commande\",\"field\":\"Nom_Produits\",\"special\":[\"m2m\"],\"interface\":\"list-m2m\",\"options\":{\"template\":\"{{Produits_id.Nom_Produits}}\",\"fields\":[\"Produits_id.Nom_Produits\"]},\"display\":\"related-values\",\"display_options\":{\"template\":\"{{Produits_id.Nom_Produits}}\"},\"readonly\":false,\"hidden\":false,\"sort\":2,\"width\":\"half\",\"translations\":null,\"note\":null,\"conditions\":null,\"required\":false,\"group\":\"VUE_Quantites\",\"validation\":null,\"validation_message\":null}','{\"collection\":\"Commande\",\"field\":\"Nom_Produits\",\"sort\":2,\"group\":\"VUE_Quantites\"}',NULL),(199,230,'directus_fields','28','{\"id\":28,\"collection\":\"Commande\",\"field\":\"Date_De_Retrait\",\"special\":null,\"interface\":\"datetime\",\"options\":null,\"display\":null,\"display_options\":null,\"readonly\":false,\"hidden\":false,\"sort\":2,\"width\":\"full\",\"translations\":null,\"note\":null,\"conditions\":null,\"required\":true,\"group\":null,\"validation\":null,\"validation_message\":null}','{\"collection\":\"Commande\",\"field\":\"Date_De_Retrait\",\"sort\":2,\"group\":null}',NULL),(200,231,'directus_fields','20','{\"id\":20,\"collection\":\"Commande\",\"field\":\"date_created\",\"special\":[\"date-created\"],\"interface\":\"datetime\",\"options\":null,\"display\":\"datetime\",\"display_options\":{\"relative\":true},\"readonly\":true,\"hidden\":true,\"sort\":3,\"width\":\"fill\",\"translations\":null,\"note\":null,\"conditions\":null,\"required\":false,\"group\":null,\"validation\":null,\"validation_message\":null}','{\"collection\":\"Commande\",\"field\":\"date_created\",\"sort\":3,\"group\":null}',NULL),(201,232,'directus_fields','54','{\"id\":54,\"collection\":\"Commande\",\"field\":\"Nom_Bon_Commande\",\"special\":null,\"interface\":\"input\",\"options\":null,\"display\":null,\"display_options\":null,\"readonly\":false,\"hidden\":false,\"sort\":4,\"width\":\"full\",\"translations\":null,\"note\":null,\"conditions\":null,\"required\":true,\"group\":null,\"validation\":null,\"validation_message\":null}','{\"collection\":\"Commande\",\"field\":\"Nom_Bon_Commande\",\"sort\":4,\"group\":null}',NULL),(202,233,'directus_fields','60','{\"id\":60,\"collection\":\"Commande\",\"field\":\"VUE_Quantites\",\"special\":[\"alias\",\"no-data\",\"group\"],\"interface\":\"group-detail\",\"options\":null,\"display\":null,\"display_options\":null,\"readonly\":true,\"hidden\":false,\"sort\":5,\"width\":\"full\",\"translations\":null,\"note\":null,\"conditions\":null,\"required\":false,\"group\":null,\"validation\":null,\"validation_message\":null}','{\"collection\":\"Commande\",\"field\":\"VUE_Quantites\",\"sort\":5,\"group\":null}',NULL),(203,234,'directus_fields','61','{\"id\":61,\"collection\":\"Commande\",\"field\":\"Quantites\",\"special\":[\"m2o\"],\"interface\":\"select-dropdown-m2o\",\"options\":{\"template\":\"{{Quantites}}\"},\"display\":null,\"display_options\":null,\"readonly\":false,\"hidden\":false,\"sort\":1,\"width\":\"half\",\"translations\":null,\"note\":null,\"conditions\":null,\"required\":false,\"group\":\"VUE_Quantites\",\"validation\":null,\"validation_message\":null}','{\"collection\":\"Commande\",\"field\":\"Quantites\",\"width\":\"half\"}',NULL),(204,235,'directus_fields','48','{\"id\":48,\"collection\":\"Commande\",\"field\":\"Nom_Produits\",\"special\":[\"m2m\"],\"interface\":\"list-m2m\",\"options\":{\"template\":\"{{Produits_id.Nom_Produits}}\",\"fields\":[\"Produits_id.Nom_Produits\"]},\"display\":\"related-values\",\"display_options\":{\"template\":\"{{Produits_id.Nom_Produits}}\"},\"readonly\":false,\"hidden\":false,\"sort\":1,\"width\":\"half\",\"translations\":null,\"note\":null,\"conditions\":null,\"required\":false,\"group\":\"VUE_Quantites\",\"validation\":null,\"validation_message\":null}','{\"collection\":\"Commande\",\"field\":\"Nom_Produits\",\"sort\":1,\"group\":\"VUE_Quantites\"}',NULL),(205,236,'directus_fields','61','{\"id\":61,\"collection\":\"Commande\",\"field\":\"Quantites\",\"special\":[\"m2o\"],\"interface\":\"select-dropdown-m2o\",\"options\":{\"template\":\"{{Quantites}}\"},\"display\":null,\"display_options\":null,\"readonly\":false,\"hidden\":false,\"sort\":2,\"width\":\"half\",\"translations\":null,\"note\":null,\"conditions\":null,\"required\":false,\"group\":\"VUE_Quantites\",\"validation\":null,\"validation_message\":null}','{\"collection\":\"Commande\",\"field\":\"Quantites\",\"sort\":2,\"group\":\"VUE_Quantites\"}',NULL),(208,243,'Commande','9','{\"Date_De_Retrait\":\"2023-01-19T14:00:00\",\"Nom_Bon_Commande\":\"Cosse\",\"Nom_Produits\":{\"create\":[{\"Commande_id\":\"+\",\"Produits_id\":{\"id\":5}},{\"Commande_id\":\"+\",\"Produits_id\":{\"id\":6}}],\"update\":[],\"delete\":[]}}','{\"Date_De_Retrait\":\"2023-01-19T14:00:00\",\"Nom_Bon_Commande\":\"Cosse\",\"Nom_Produits\":{\"create\":[{\"Commande_id\":\"+\",\"Produits_id\":{\"id\":5}},{\"Commande_id\":\"+\",\"Produits_id\":{\"id\":6}}],\"update\":[],\"delete\":[]}}',NULL),(209,244,'directus_fields','62','{\"interface\":\"input\",\"special\":null,\"collection\":\"Commande\",\"field\":\"Quantites\"}','{\"interface\":\"input\",\"special\":null,\"collection\":\"Commande\",\"field\":\"Quantites\"}',NULL),(210,245,'directus_fields','48','{\"id\":48,\"collection\":\"Commande\",\"field\":\"Nom_Produits\",\"special\":[\"m2m\"],\"interface\":\"list-m2m\",\"options\":{\"template\":\"{{Produits_id.Nom_Produits}}\",\"fields\":[\"Produits_id.Nom_Produits\"]},\"display\":\"related-values\",\"display_options\":{\"template\":\"{{Produits_id.Nom_Produits}}\"},\"readonly\":false,\"hidden\":false,\"sort\":1,\"width\":\"half\",\"translations\":null,\"note\":null,\"conditions\":null,\"required\":false,\"group\":\"VUE_Quantites\",\"validation\":null,\"validation_message\":null}','{\"collection\":\"Commande\",\"field\":\"Nom_Produits\",\"sort\":1,\"group\":\"VUE_Quantites\"}',NULL),(211,246,'directus_fields','19','{\"id\":19,\"collection\":\"Commande\",\"field\":\"id\",\"special\":null,\"interface\":\"input\",\"options\":null,\"display\":null,\"display_options\":null,\"readonly\":true,\"hidden\":true,\"sort\":1,\"width\":\"full\",\"translations\":null,\"note\":null,\"conditions\":null,\"required\":false,\"group\":null,\"validation\":null,\"validation_message\":null}','{\"collection\":\"Commande\",\"field\":\"id\",\"sort\":1,\"group\":null}',NULL),(212,247,'directus_fields','62','{\"id\":62,\"collection\":\"Commande\",\"field\":\"Quantites\",\"special\":null,\"interface\":\"input\",\"options\":null,\"display\":null,\"display_options\":null,\"readonly\":false,\"hidden\":false,\"sort\":2,\"width\":\"full\",\"translations\":null,\"note\":null,\"conditions\":null,\"required\":false,\"group\":\"VUE_Quantites\",\"validation\":null,\"validation_message\":null}','{\"collection\":\"Commande\",\"field\":\"Quantites\",\"sort\":2,\"group\":\"VUE_Quantites\"}',NULL),(213,248,'directus_fields','28','{\"id\":28,\"collection\":\"Commande\",\"field\":\"Date_De_Retrait\",\"special\":null,\"interface\":\"datetime\",\"options\":null,\"display\":null,\"display_options\":null,\"readonly\":false,\"hidden\":false,\"sort\":2,\"width\":\"full\",\"translations\":null,\"note\":null,\"conditions\":null,\"required\":true,\"group\":null,\"validation\":null,\"validation_message\":null}','{\"collection\":\"Commande\",\"field\":\"Date_De_Retrait\",\"sort\":2,\"group\":null}',NULL),(214,249,'directus_fields','20','{\"id\":20,\"collection\":\"Commande\",\"field\":\"date_created\",\"special\":[\"date-created\"],\"interface\":\"datetime\",\"options\":null,\"display\":\"datetime\",\"display_options\":{\"relative\":true},\"readonly\":true,\"hidden\":true,\"sort\":3,\"width\":\"fill\",\"translations\":null,\"note\":null,\"conditions\":null,\"required\":false,\"group\":null,\"validation\":null,\"validation_message\":null}','{\"collection\":\"Commande\",\"field\":\"date_created\",\"sort\":3,\"group\":null}',NULL),(215,250,'directus_fields','54','{\"id\":54,\"collection\":\"Commande\",\"field\":\"Nom_Bon_Commande\",\"special\":null,\"interface\":\"input\",\"options\":null,\"display\":null,\"display_options\":null,\"readonly\":false,\"hidden\":false,\"sort\":4,\"width\":\"full\",\"translations\":null,\"note\":null,\"conditions\":null,\"required\":true,\"group\":null,\"validation\":null,\"validation_message\":null}','{\"collection\":\"Commande\",\"field\":\"Nom_Bon_Commande\",\"sort\":4,\"group\":null}',NULL),(216,251,'directus_fields','60','{\"id\":60,\"collection\":\"Commande\",\"field\":\"VUE_Quantites\",\"special\":[\"alias\",\"no-data\",\"group\"],\"interface\":\"group-detail\",\"options\":null,\"display\":null,\"display_options\":null,\"readonly\":true,\"hidden\":false,\"sort\":5,\"width\":\"full\",\"translations\":null,\"note\":null,\"conditions\":null,\"required\":false,\"group\":null,\"validation\":null,\"validation_message\":null}','{\"collection\":\"Commande\",\"field\":\"VUE_Quantites\",\"sort\":5,\"group\":null}',NULL),(217,252,'directus_fields','62','{\"id\":62,\"collection\":\"Commande\",\"field\":\"Quantites\",\"special\":null,\"interface\":\"input\",\"options\":null,\"display\":null,\"display_options\":null,\"readonly\":false,\"hidden\":false,\"sort\":2,\"width\":\"half\",\"translations\":null,\"note\":null,\"conditions\":null,\"required\":false,\"group\":\"VUE_Quantites\",\"validation\":null,\"validation_message\":null}','{\"collection\":\"Commande\",\"field\":\"Quantites\",\"width\":\"half\"}',NULL),(220,255,'Commande','10','{\"Nom_Produits\":{\"create\":[{\"Commande_id\":\"+\",\"Produits_id\":{\"id\":5}},{\"Commande_id\":\"+\",\"Produits_id\":{\"id\":6}}],\"update\":[],\"delete\":[]},\"Quantites\":\"19\",\"Nom_Bon_Commande\":\"Cosse\",\"Date_De_Retrait\":\"2023-01-25T12:00:00\"}','{\"Nom_Produits\":{\"create\":[{\"Commande_id\":\"+\",\"Produits_id\":{\"id\":5}},{\"Commande_id\":\"+\",\"Produits_id\":{\"id\":6}}],\"update\":[],\"delete\":[]},\"Quantites\":\"19\",\"Nom_Bon_Commande\":\"Cosse\",\"Date_De_Retrait\":\"2023-01-25T12:00:00\"}',NULL),(225,260,'directus_fields','19','{\"id\":19,\"collection\":\"Commande\",\"field\":\"id\",\"special\":null,\"interface\":\"input\",\"options\":null,\"display\":null,\"display_options\":null,\"readonly\":true,\"hidden\":true,\"sort\":1,\"width\":\"full\",\"translations\":null,\"note\":null,\"conditions\":null,\"required\":false,\"group\":null,\"validation\":null,\"validation_message\":null}','{\"collection\":\"Commande\",\"field\":\"id\",\"sort\":1,\"group\":null}',NULL),(226,261,'directus_fields','28','{\"id\":28,\"collection\":\"Commande\",\"field\":\"Date_De_Retrait\",\"special\":null,\"interface\":\"datetime\",\"options\":null,\"display\":null,\"display_options\":null,\"readonly\":false,\"hidden\":false,\"sort\":2,\"width\":\"full\",\"translations\":null,\"note\":null,\"conditions\":null,\"required\":true,\"group\":null,\"validation\":null,\"validation_message\":null}','{\"collection\":\"Commande\",\"field\":\"Date_De_Retrait\",\"sort\":2,\"group\":null}',NULL),(227,262,'directus_fields','20','{\"id\":20,\"collection\":\"Commande\",\"field\":\"date_created\",\"special\":[\"date-created\"],\"interface\":\"datetime\",\"options\":null,\"display\":\"datetime\",\"display_options\":{\"relative\":true},\"readonly\":true,\"hidden\":true,\"sort\":3,\"width\":\"fill\",\"translations\":null,\"note\":null,\"conditions\":null,\"required\":false,\"group\":null,\"validation\":null,\"validation_message\":null}','{\"collection\":\"Commande\",\"field\":\"date_created\",\"sort\":3,\"group\":null}',NULL),(228,263,'directus_fields','54','{\"id\":54,\"collection\":\"Commande\",\"field\":\"Nom_Bon_Commande\",\"special\":null,\"interface\":\"input\",\"options\":null,\"display\":null,\"display_options\":null,\"readonly\":false,\"hidden\":false,\"sort\":4,\"width\":\"full\",\"translations\":null,\"note\":null,\"conditions\":null,\"required\":true,\"group\":null,\"validation\":null,\"validation_message\":null}','{\"collection\":\"Commande\",\"field\":\"Nom_Bon_Commande\",\"sort\":4,\"group\":null}',NULL),(229,264,'directus_fields','48','{\"id\":48,\"collection\":\"Commande\",\"field\":\"Nom_Produits\",\"special\":[\"m2m\"],\"interface\":\"list-m2m\",\"options\":{\"template\":\"{{Produits_id.Nom_Produits}}\",\"fields\":[\"Produits_id.Nom_Produits\"]},\"display\":\"related-values\",\"display_options\":{\"template\":\"{{Produits_id.Nom_Produits}}\"},\"readonly\":false,\"hidden\":false,\"sort\":5,\"width\":\"half\",\"translations\":null,\"note\":null,\"conditions\":null,\"required\":false,\"group\":null,\"validation\":null,\"validation_message\":null}','{\"collection\":\"Commande\",\"field\":\"Nom_Produits\",\"sort\":5,\"group\":null}',NULL),(230,265,'directus_fields','60','{\"id\":60,\"collection\":\"Commande\",\"field\":\"VUE_Quantites\",\"special\":[\"alias\",\"no-data\",\"group\"],\"interface\":\"group-detail\",\"options\":null,\"display\":null,\"display_options\":null,\"readonly\":true,\"hidden\":false,\"sort\":6,\"width\":\"full\",\"translations\":null,\"note\":null,\"conditions\":null,\"required\":false,\"group\":null,\"validation\":null,\"validation_message\":null}','{\"collection\":\"Commande\",\"field\":\"VUE_Quantites\",\"sort\":6,\"group\":null}',NULL),(231,266,'directus_fields','63','{\"interface\":\"list-m2a\",\"special\":[\"m2a\"],\"collection\":\"Commande\",\"field\":\"test\"}','{\"interface\":\"list-m2a\",\"special\":[\"m2a\"],\"collection\":\"Commande\",\"field\":\"test\"}',NULL),(232,267,'directus_fields','64','{\"hidden\":true,\"field\":\"id\",\"collection\":\"Commande_test\"}','{\"hidden\":true,\"field\":\"id\",\"collection\":\"Commande_test\"}',NULL),(233,268,'directus_collections','Commande_test','{\"hidden\":true,\"icon\":\"import_export\",\"collection\":\"Commande_test\"}','{\"hidden\":true,\"icon\":\"import_export\",\"collection\":\"Commande_test\"}',NULL),(234,269,'directus_fields','65','{\"hidden\":true,\"collection\":\"Commande_test\",\"field\":\"Commande_id\"}','{\"hidden\":true,\"collection\":\"Commande_test\",\"field\":\"Commande_id\"}',NULL),(235,270,'directus_fields','66','{\"hidden\":true,\"collection\":\"Commande_test\",\"field\":\"item\"}','{\"hidden\":true,\"collection\":\"Commande_test\",\"field\":\"item\"}',NULL),(236,271,'directus_fields','67','{\"hidden\":true,\"collection\":\"Commande_test\",\"field\":\"collection\"}','{\"hidden\":true,\"collection\":\"Commande_test\",\"field\":\"collection\"}',NULL),(237,273,'directus_users','f971a3ff-ee87-4508-b5fd-ee6ebcb8b17f','{\"id\":\"f971a3ff-ee87-4508-b5fd-ee6ebcb8b17f\",\"first_name\":\"Admin\",\"last_name\":\"User\",\"email\":\"admin@admin.com\",\"password\":\"**********\",\"location\":null,\"title\":null,\"description\":null,\"tags\":null,\"avatar\":null,\"language\":null,\"theme\":\"dark\",\"tfa_secret\":null,\"status\":\"active\",\"role\":\"c9c103bb-d9eb-43f0-8be4-303a328cbec3\",\"token\":null,\"last_access\":\"2023-01-24T18:23:32.000Z\",\"last_page\":\"/users/f971a3ff-ee87-4508-b5fd-ee6ebcb8b17f\",\"provider\":\"default\",\"external_identifier\":null,\"auth_data\":null,\"email_notifications\":true}','{\"theme\":\"dark\"}',NULL),(238,274,'directus_collections','Produits','{\"collection\":\"Produits\",\"icon\":null,\"note\":null,\"display_template\":null,\"hidden\":false,\"singleton\":false,\"translations\":null,\"archive_field\":null,\"archive_app_filter\":true,\"archive_value\":null,\"unarchive_value\":null,\"sort_field\":null,\"accountability\":\"all\",\"color\":null,\"item_duplication_fields\":null,\"sort\":1,\"group\":\"Commande_Produits\",\"collapse\":\"open\"}','{\"sort\":1,\"group\":\"Commande_Produits\"}',NULL),(239,275,'directus_collections','Categorie','{\"collection\":\"Categorie\",\"icon\":null,\"note\":null,\"display_template\":null,\"hidden\":false,\"singleton\":false,\"translations\":null,\"archive_field\":null,\"archive_app_filter\":true,\"archive_value\":null,\"unarchive_value\":null,\"sort_field\":null,\"accountability\":\"all\",\"color\":null,\"item_duplication_fields\":null,\"sort\":1,\"group\":null,\"collapse\":\"open\"}','{\"sort\":1,\"group\":null}',NULL),(240,276,'directus_collections','Commande','{\"collection\":\"Commande\",\"icon\":null,\"note\":null,\"display_template\":null,\"hidden\":false,\"singleton\":false,\"translations\":null,\"archive_field\":null,\"archive_app_filter\":true,\"archive_value\":null,\"unarchive_value\":null,\"sort_field\":null,\"accountability\":\"all\",\"color\":null,\"item_duplication_fields\":null,\"sort\":2,\"group\":null,\"collapse\":\"open\"}','{\"sort\":2,\"group\":null}',NULL),(241,277,'directus_collections','Commande_Produits','{\"collection\":\"Commande_Produits\",\"icon\":\"import_export\",\"note\":null,\"display_template\":null,\"hidden\":false,\"singleton\":false,\"translations\":null,\"archive_field\":null,\"archive_app_filter\":true,\"archive_value\":null,\"unarchive_value\":null,\"sort_field\":null,\"accountability\":\"all\",\"color\":null,\"item_duplication_fields\":null,\"sort\":3,\"group\":null,\"collapse\":\"open\"}','{\"sort\":3,\"group\":null}',NULL),(242,278,'directus_collections','Categorie','{\"collection\":\"Categorie\",\"icon\":null,\"note\":null,\"display_template\":null,\"hidden\":false,\"singleton\":false,\"translations\":null,\"archive_field\":null,\"archive_app_filter\":true,\"archive_value\":null,\"unarchive_value\":null,\"sort_field\":null,\"accountability\":\"all\",\"color\":null,\"item_duplication_fields\":null,\"sort\":1,\"group\":null,\"collapse\":\"open\"}','{\"sort\":1,\"group\":null}',NULL),(243,279,'directus_collections','Commande','{\"collection\":\"Commande\",\"icon\":null,\"note\":null,\"display_template\":null,\"hidden\":false,\"singleton\":false,\"translations\":null,\"archive_field\":null,\"archive_app_filter\":true,\"archive_value\":null,\"unarchive_value\":null,\"sort_field\":null,\"accountability\":\"all\",\"color\":null,\"item_duplication_fields\":null,\"sort\":1,\"group\":\"Commande_Produits\",\"collapse\":\"open\"}','{\"sort\":1,\"group\":\"Commande_Produits\"}',NULL),(244,280,'directus_collections','Produits','{\"collection\":\"Produits\",\"icon\":null,\"note\":null,\"display_template\":null,\"hidden\":false,\"singleton\":false,\"translations\":null,\"archive_field\":null,\"archive_app_filter\":true,\"archive_value\":null,\"unarchive_value\":null,\"sort_field\":null,\"accountability\":\"all\",\"color\":null,\"item_duplication_fields\":null,\"sort\":2,\"group\":\"Commande_Produits\",\"collapse\":\"open\"}','{\"sort\":2,\"group\":\"Commande_Produits\"}',NULL),(245,281,'directus_collections','Commande_Produits','{\"collection\":\"Commande_Produits\",\"icon\":\"import_export\",\"note\":null,\"display_template\":null,\"hidden\":false,\"singleton\":false,\"translations\":null,\"archive_field\":null,\"archive_app_filter\":true,\"archive_value\":null,\"unarchive_value\":null,\"sort_field\":null,\"accountability\":\"all\",\"color\":null,\"item_duplication_fields\":null,\"sort\":2,\"group\":null,\"collapse\":\"open\"}','{\"sort\":2,\"group\":null}',NULL),(246,282,'directus_fields','68','{\"interface\":\"list-o2m\",\"special\":[\"o2m\"],\"options\":{\"enableLink\":true},\"collection\":\"Commande_Produits\",\"field\":\"Oui\"}','{\"interface\":\"list-o2m\",\"special\":[\"o2m\"],\"options\":{\"enableLink\":true},\"collection\":\"Commande_Produits\",\"field\":\"Oui\"}',NULL),(247,283,'directus_fields','69','{\"hidden\":true,\"field\":\"id\",\"collection\":\"Test\"}','{\"hidden\":true,\"field\":\"id\",\"collection\":\"Test\"}',NULL),(248,284,'directus_collections','Test','{\"collection\":\"Test\"}','{\"collection\":\"Test\"}',NULL),(249,285,'directus_fields','70','{\"interface\":\"select-dropdown-m2o\",\"hidden\":true,\"collection\":\"Test\",\"field\":\"test\"}','{\"interface\":\"select-dropdown-m2o\",\"hidden\":true,\"collection\":\"Test\",\"field\":\"test\"}',NULL),(250,286,'directus_collections','Categorie','{\"collection\":\"Categorie\",\"icon\":null,\"note\":null,\"display_template\":null,\"hidden\":false,\"singleton\":false,\"translations\":null,\"archive_field\":null,\"archive_app_filter\":true,\"archive_value\":null,\"unarchive_value\":null,\"sort_field\":null,\"accountability\":\"all\",\"color\":null,\"item_duplication_fields\":null,\"sort\":1,\"group\":null,\"collapse\":\"open\"}','{\"sort\":1,\"group\":null}',NULL),(251,287,'directus_collections','Produits','{\"collection\":\"Produits\",\"icon\":null,\"note\":null,\"display_template\":null,\"hidden\":false,\"singleton\":false,\"translations\":null,\"archive_field\":null,\"archive_app_filter\":true,\"archive_value\":null,\"unarchive_value\":null,\"sort_field\":null,\"accountability\":\"all\",\"color\":null,\"item_duplication_fields\":null,\"sort\":1,\"group\":\"Commande_Produits\",\"collapse\":\"open\"}','{\"sort\":1,\"group\":\"Commande_Produits\"}',NULL),(252,288,'directus_collections','Commande','{\"collection\":\"Commande\",\"icon\":null,\"note\":null,\"display_template\":null,\"hidden\":false,\"singleton\":false,\"translations\":null,\"archive_field\":null,\"archive_app_filter\":true,\"archive_value\":null,\"unarchive_value\":null,\"sort_field\":null,\"accountability\":\"all\",\"color\":null,\"item_duplication_fields\":null,\"sort\":2,\"group\":null,\"collapse\":\"open\"}','{\"sort\":2,\"group\":null}',NULL),(253,289,'directus_collections','Commande_Produits','{\"collection\":\"Commande_Produits\",\"icon\":\"import_export\",\"note\":null,\"display_template\":null,\"hidden\":false,\"singleton\":false,\"translations\":null,\"archive_field\":null,\"archive_app_filter\":true,\"archive_value\":null,\"unarchive_value\":null,\"sort_field\":null,\"accountability\":\"all\",\"color\":null,\"item_duplication_fields\":null,\"sort\":3,\"group\":null,\"collapse\":\"open\"}','{\"sort\":3,\"group\":null}',NULL),(254,290,'directus_collections','Test','{\"collection\":\"Test\",\"icon\":null,\"note\":null,\"display_template\":null,\"hidden\":false,\"singleton\":false,\"translations\":null,\"archive_field\":null,\"archive_app_filter\":true,\"archive_value\":null,\"unarchive_value\":null,\"sort_field\":null,\"accountability\":\"all\",\"color\":null,\"item_duplication_fields\":null,\"sort\":4,\"group\":null,\"collapse\":\"open\"}','{\"sort\":4,\"group\":null}',NULL),(255,291,'directus_collections','Categorie','{\"collection\":\"Categorie\",\"icon\":null,\"note\":null,\"display_template\":null,\"hidden\":false,\"singleton\":false,\"translations\":null,\"archive_field\":null,\"archive_app_filter\":true,\"archive_value\":null,\"unarchive_value\":null,\"sort_field\":null,\"accountability\":\"all\",\"color\":null,\"item_duplication_fields\":null,\"sort\":1,\"group\":null,\"collapse\":\"open\"}','{\"sort\":1,\"group\":null}',NULL),(256,292,'directus_collections','Commande','{\"collection\":\"Commande\",\"icon\":null,\"note\":null,\"display_template\":null,\"hidden\":false,\"singleton\":false,\"translations\":null,\"archive_field\":null,\"archive_app_filter\":true,\"archive_value\":null,\"unarchive_value\":null,\"sort_field\":null,\"accountability\":\"all\",\"color\":null,\"item_duplication_fields\":null,\"sort\":2,\"group\":null,\"collapse\":\"open\"}','{\"sort\":2,\"group\":null}',NULL),(257,293,'directus_collections','Produits','{\"collection\":\"Produits\",\"icon\":null,\"note\":null,\"display_template\":null,\"hidden\":false,\"singleton\":false,\"translations\":null,\"archive_field\":null,\"archive_app_filter\":true,\"archive_value\":null,\"unarchive_value\":null,\"sort_field\":null,\"accountability\":\"all\",\"color\":null,\"item_duplication_fields\":null,\"sort\":3,\"group\":null,\"collapse\":\"open\"}','{\"sort\":3,\"group\":null}',NULL),(258,294,'directus_collections','Commande_Produits','{\"collection\":\"Commande_Produits\",\"icon\":\"import_export\",\"note\":null,\"display_template\":null,\"hidden\":false,\"singleton\":false,\"translations\":null,\"archive_field\":null,\"archive_app_filter\":true,\"archive_value\":null,\"unarchive_value\":null,\"sort_field\":null,\"accountability\":\"all\",\"color\":null,\"item_duplication_fields\":null,\"sort\":4,\"group\":null,\"collapse\":\"open\"}','{\"sort\":4,\"group\":null}',NULL),(259,295,'directus_collections','Test','{\"collection\":\"Test\",\"icon\":null,\"note\":null,\"display_template\":null,\"hidden\":false,\"singleton\":false,\"translations\":null,\"archive_field\":null,\"archive_app_filter\":true,\"archive_value\":null,\"unarchive_value\":null,\"sort_field\":null,\"accountability\":\"all\",\"color\":null,\"item_duplication_fields\":null,\"sort\":5,\"group\":null,\"collapse\":\"open\"}','{\"sort\":5,\"group\":null}',NULL),(260,297,'directus_fields','71','{\"interface\":\"list-o2m\",\"special\":[\"o2m\"],\"options\":{\"template\":\"{{Nom_Produits}}\"},\"collection\":\"Commande\",\"field\":\"Produits\"}','{\"interface\":\"list-o2m\",\"special\":[\"o2m\"],\"options\":{\"template\":\"{{Nom_Produits}}\"},\"collection\":\"Commande\",\"field\":\"Produits\"}',NULL),(261,298,'directus_fields','72','{\"interface\":\"list-o2m\",\"special\":[\"o2m\"],\"collection\":\"Commande\",\"field\":\"Produits\"}','{\"interface\":\"list-o2m\",\"special\":[\"o2m\"],\"collection\":\"Commande\",\"field\":\"Produits\"}',NULL),(262,299,'directus_fields','73','{\"interface\":\"select-dropdown-m2o\",\"hidden\":true,\"collection\":\"Produits\",\"field\":\"Test\"}','{\"interface\":\"select-dropdown-m2o\",\"hidden\":true,\"collection\":\"Produits\",\"field\":\"Test\"}',NULL),(263,300,'directus_fields','73','{\"id\":73,\"collection\":\"Produits\",\"field\":\"Test\",\"special\":null,\"interface\":\"select-dropdown-m2o\",\"options\":null,\"display\":null,\"display_options\":null,\"readonly\":false,\"hidden\":false,\"sort\":null,\"width\":\"full\",\"translations\":null,\"note\":null,\"conditions\":null,\"required\":false,\"group\":null,\"validation\":null,\"validation_message\":null}','{\"collection\":\"Produits\",\"field\":\"Test\",\"hidden\":false}',NULL),(264,302,'directus_fields','74','{\"interface\":\"tags\",\"special\":[\"cast-json\"],\"collection\":\"Commande\",\"field\":\"Statut\"}','{\"interface\":\"tags\",\"special\":[\"cast-json\"],\"collection\":\"Commande\",\"field\":\"Statut\"}',NULL),(265,303,'Commande','11','{\"Nom_Bon_Commande\":\"test\",\"Date_De_Retrait\":\"2023-01-24T18:41:00\"}','{\"Nom_Bon_Commande\":\"test\",\"Date_De_Retrait\":\"2023-01-24T18:41:00\"}',NULL),(266,304,'directus_fields','1','{\"id\":1,\"collection\":\"Produits\",\"field\":\"id\",\"special\":null,\"interface\":\"input\",\"options\":null,\"display\":null,\"display_options\":null,\"readonly\":true,\"hidden\":true,\"sort\":1,\"width\":\"full\",\"translations\":null,\"note\":null,\"conditions\":null,\"required\":false,\"group\":null,\"validation\":null,\"validation_message\":null}','{\"collection\":\"Produits\",\"field\":\"id\",\"sort\":1,\"group\":null}',NULL),(267,305,'directus_fields','47','{\"id\":47,\"collection\":\"Produits\",\"field\":\"Nom_Produits\",\"special\":null,\"interface\":\"input\",\"options\":null,\"display\":null,\"display_options\":null,\"readonly\":false,\"hidden\":false,\"sort\":2,\"width\":\"full\",\"translations\":null,\"note\":null,\"conditions\":null,\"required\":true,\"group\":null,\"validation\":null,\"validation_message\":null}','{\"collection\":\"Produits\",\"field\":\"Nom_Produits\",\"sort\":2,\"group\":null}',NULL),(268,306,'directus_fields','3','{\"id\":3,\"collection\":\"Produits\",\"field\":\"Nombre_De_Stock\",\"special\":null,\"interface\":\"input\",\"options\":{\"min\":0},\"display\":null,\"display_options\":null,\"readonly\":false,\"hidden\":false,\"sort\":3,\"width\":\"full\",\"translations\":null,\"note\":null,\"conditions\":null,\"required\":false,\"group\":null,\"validation\":null,\"validation_message\":null}','{\"collection\":\"Produits\",\"field\":\"Nombre_De_Stock\",\"sort\":3,\"group\":null}',NULL),(269,307,'directus_fields','4','{\"id\":4,\"collection\":\"Produits\",\"field\":\"Prix\",\"special\":null,\"interface\":\"input\",\"options\":{\"min\":0},\"display\":null,\"display_options\":null,\"readonly\":false,\"hidden\":false,\"sort\":4,\"width\":\"full\",\"translations\":null,\"note\":null,\"conditions\":null,\"required\":false,\"group\":null,\"validation\":null,\"validation_message\":null}','{\"collection\":\"Produits\",\"field\":\"Prix\",\"sort\":4,\"group\":null}',NULL),(270,308,'directus_fields','7','{\"id\":7,\"collection\":\"Produits\",\"field\":\"Catgorie\",\"special\":[\"m2o\"],\"interface\":\"select-dropdown-m2o\",\"options\":{\"choices\":null,\"template\":\"{{Categorie}}\"},\"display\":\"related-values\",\"display_options\":{\"template\":\"{{Categorie}}\"},\"readonly\":false,\"hidden\":false,\"sort\":5,\"width\":\"full\",\"translations\":null,\"note\":null,\"conditions\":null,\"required\":false,\"group\":null,\"validation\":null,\"validation_message\":null}','{\"collection\":\"Produits\",\"field\":\"Catgorie\",\"sort\":5,\"group\":null}',NULL),(271,309,'directus_fields','75','{\"hidden\":true,\"interface\":\"input\",\"readonly\":true,\"field\":\"id\",\"collection\":\"Test_relationel\"}','{\"hidden\":true,\"interface\":\"input\",\"readonly\":true,\"field\":\"id\",\"collection\":\"Test_relationel\"}',NULL),(272,310,'directus_collections','Test_relationel','{\"singleton\":false,\"collection\":\"Test_relationel\"}','{\"singleton\":false,\"collection\":\"Test_relationel\"}',NULL),(273,312,'directus_fields','76','{\"hidden\":true,\"interface\":\"input\",\"readonly\":true,\"field\":\"id\",\"collection\":\"Commander\"}','{\"hidden\":true,\"interface\":\"input\",\"readonly\":true,\"field\":\"id\",\"collection\":\"Commander\"}',NULL),(274,313,'directus_collections','Commander','{\"singleton\":false,\"collection\":\"Commander\"}','{\"singleton\":false,\"collection\":\"Commander\"}',NULL),(275,314,'directus_collections','Commander','{\"collection\":\"Commander\",\"icon\":null,\"note\":null,\"display_template\":null,\"hidden\":false,\"singleton\":false,\"translations\":null,\"archive_field\":null,\"archive_app_filter\":true,\"archive_value\":null,\"unarchive_value\":null,\"sort_field\":null,\"accountability\":\"all\",\"color\":null,\"item_duplication_fields\":null,\"sort\":1,\"group\":\"Commande\",\"collapse\":\"open\"}','{\"sort\":1,\"group\":\"Commande\"}',NULL),(276,315,'directus_collections','Categorie','{\"collection\":\"Categorie\",\"icon\":null,\"note\":null,\"display_template\":null,\"hidden\":false,\"singleton\":false,\"translations\":null,\"archive_field\":null,\"archive_app_filter\":true,\"archive_value\":null,\"unarchive_value\":null,\"sort_field\":null,\"accountability\":\"all\",\"color\":null,\"item_duplication_fields\":null,\"sort\":1,\"group\":null,\"collapse\":\"open\"}','{\"sort\":1,\"group\":null}',NULL),(277,316,'directus_collections','Commande','{\"collection\":\"Commande\",\"icon\":null,\"note\":null,\"display_template\":null,\"hidden\":false,\"singleton\":false,\"translations\":null,\"archive_field\":null,\"archive_app_filter\":true,\"archive_value\":null,\"unarchive_value\":null,\"sort_field\":null,\"accountability\":\"all\",\"color\":null,\"item_duplication_fields\":null,\"sort\":2,\"group\":null,\"collapse\":\"open\"}','{\"sort\":2,\"group\":null}',NULL),(278,317,'directus_collections','Produits','{\"collection\":\"Produits\",\"icon\":null,\"note\":null,\"display_template\":null,\"hidden\":false,\"singleton\":false,\"translations\":null,\"archive_field\":null,\"archive_app_filter\":true,\"archive_value\":null,\"unarchive_value\":null,\"sort_field\":null,\"accountability\":\"all\",\"color\":null,\"item_duplication_fields\":null,\"sort\":3,\"group\":null,\"collapse\":\"open\"}','{\"sort\":3,\"group\":null}',NULL),(279,318,'directus_fields','77','{\"interface\":\"list-o2m\",\"special\":[\"o2m\"],\"collection\":\"Produits\",\"field\":\"Nom_De_Produits\"}','{\"interface\":\"list-o2m\",\"special\":[\"o2m\"],\"collection\":\"Produits\",\"field\":\"Nom_De_Produits\"}',NULL),(280,319,'directus_fields','78','{\"interface\":\"select-dropdown-m2o\",\"hidden\":true,\"collection\":\"Commander\",\"field\":\"Nom_Produits\"}','{\"interface\":\"select-dropdown-m2o\",\"hidden\":true,\"collection\":\"Commander\",\"field\":\"Nom_Produits\"}',NULL),(281,320,'directus_fields','1','{\"id\":1,\"collection\":\"Produits\",\"field\":\"id\",\"special\":null,\"interface\":\"input\",\"options\":null,\"display\":null,\"display_options\":null,\"readonly\":true,\"hidden\":true,\"sort\":1,\"width\":\"full\",\"translations\":null,\"note\":null,\"conditions\":null,\"required\":false,\"group\":null,\"validation\":null,\"validation_message\":null}','{\"collection\":\"Produits\",\"field\":\"id\",\"sort\":1,\"group\":null}',NULL),(282,321,'directus_fields','77','{\"id\":77,\"collection\":\"Produits\",\"field\":\"Nom_De_Produits\",\"special\":[\"o2m\"],\"interface\":\"list-o2m\",\"options\":null,\"display\":null,\"display_options\":null,\"readonly\":false,\"hidden\":false,\"sort\":2,\"width\":\"full\",\"translations\":null,\"note\":null,\"conditions\":null,\"required\":false,\"group\":null,\"validation\":null,\"validation_message\":null}','{\"collection\":\"Produits\",\"field\":\"Nom_De_Produits\",\"sort\":2,\"group\":null}',NULL),(283,322,'directus_fields','3','{\"id\":3,\"collection\":\"Produits\",\"field\":\"Nombre_De_Stock\",\"special\":null,\"interface\":\"input\",\"options\":{\"min\":0},\"display\":null,\"display_options\":null,\"readonly\":false,\"hidden\":false,\"sort\":3,\"width\":\"full\",\"translations\":null,\"note\":null,\"conditions\":null,\"required\":false,\"group\":null,\"validation\":null,\"validation_message\":null}','{\"collection\":\"Produits\",\"field\":\"Nombre_De_Stock\",\"sort\":3,\"group\":null}',NULL),(284,323,'directus_fields','4','{\"id\":4,\"collection\":\"Produits\",\"field\":\"Prix\",\"special\":null,\"interface\":\"input\",\"options\":{\"min\":0},\"display\":null,\"display_options\":null,\"readonly\":false,\"hidden\":false,\"sort\":4,\"width\":\"full\",\"translations\":null,\"note\":null,\"conditions\":null,\"required\":false,\"group\":null,\"validation\":null,\"validation_message\":null}','{\"collection\":\"Produits\",\"field\":\"Prix\",\"sort\":4,\"group\":null}',NULL),(285,324,'directus_fields','7','{\"id\":7,\"collection\":\"Produits\",\"field\":\"Catgorie\",\"special\":[\"m2o\"],\"interface\":\"select-dropdown-m2o\",\"options\":{\"choices\":null,\"template\":\"{{Categorie}}\"},\"display\":\"related-values\",\"display_options\":{\"template\":\"{{Categorie}}\"},\"readonly\":false,\"hidden\":false,\"sort\":5,\"width\":\"full\",\"translations\":null,\"note\":null,\"conditions\":null,\"required\":false,\"group\":null,\"validation\":null,\"validation_message\":null}','{\"collection\":\"Produits\",\"field\":\"Catgorie\",\"sort\":5,\"group\":null}',NULL),(286,325,'directus_collections','Categorie','{\"collection\":\"Categorie\",\"icon\":null,\"note\":null,\"display_template\":null,\"hidden\":false,\"singleton\":false,\"translations\":null,\"archive_field\":null,\"archive_app_filter\":true,\"archive_value\":null,\"unarchive_value\":null,\"sort_field\":null,\"accountability\":\"all\",\"color\":null,\"item_duplication_fields\":null,\"sort\":1,\"group\":null,\"collapse\":\"open\"}','{\"sort\":1,\"group\":null}',NULL),(287,326,'directus_collections','Commande','{\"collection\":\"Commande\",\"icon\":null,\"note\":null,\"display_template\":null,\"hidden\":false,\"singleton\":false,\"translations\":null,\"archive_field\":null,\"archive_app_filter\":true,\"archive_value\":null,\"unarchive_value\":null,\"sort_field\":null,\"accountability\":\"all\",\"color\":null,\"item_duplication_fields\":null,\"sort\":2,\"group\":null,\"collapse\":\"open\"}','{\"sort\":2,\"group\":null}',NULL),(288,327,'directus_collections','Commander','{\"collection\":\"Commander\",\"icon\":null,\"note\":null,\"display_template\":null,\"hidden\":false,\"singleton\":false,\"translations\":null,\"archive_field\":null,\"archive_app_filter\":true,\"archive_value\":null,\"unarchive_value\":null,\"sort_field\":null,\"accountability\":\"all\",\"color\":null,\"item_duplication_fields\":null,\"sort\":3,\"group\":null,\"collapse\":\"open\"}','{\"sort\":3,\"group\":null}',NULL),(289,328,'directus_collections','Produits','{\"collection\":\"Produits\",\"icon\":null,\"note\":null,\"display_template\":null,\"hidden\":false,\"singleton\":false,\"translations\":null,\"archive_field\":null,\"archive_app_filter\":true,\"archive_value\":null,\"unarchive_value\":null,\"sort_field\":null,\"accountability\":\"all\",\"color\":null,\"item_duplication_fields\":null,\"sort\":4,\"group\":null,\"collapse\":\"open\"}','{\"sort\":4,\"group\":null}',NULL),(290,329,'directus_collections','Commander','{\"collection\":\"Commander\",\"icon\":null,\"note\":null,\"display_template\":\"{{Nom_Produits}}\",\"hidden\":false,\"singleton\":false,\"translations\":null,\"archive_field\":null,\"archive_app_filter\":true,\"archive_value\":null,\"unarchive_value\":null,\"sort_field\":null,\"accountability\":\"all\",\"color\":null,\"item_duplication_fields\":null,\"sort\":3,\"group\":null,\"collapse\":\"open\"}','{\"display_template\":\"{{Nom_Produits}}\"}',NULL),(291,330,'directus_collections','Commander','{\"collection\":\"Commander\",\"icon\":null,\"note\":null,\"display_template\":null,\"hidden\":false,\"singleton\":false,\"translations\":null,\"archive_field\":null,\"archive_app_filter\":true,\"archive_value\":null,\"unarchive_value\":null,\"sort_field\":null,\"accountability\":\"all\",\"color\":null,\"item_duplication_fields\":null,\"sort\":3,\"group\":null,\"collapse\":\"open\"}','{\"display_template\":null}',NULL),(292,331,'directus_fields','79','{\"interface\":\"input\",\"special\":null,\"collection\":\"Produits\",\"field\":\"Nom_Produits\"}','{\"interface\":\"input\",\"special\":null,\"collection\":\"Produits\",\"field\":\"Nom_Produits\"}',NULL),(293,332,'Produits','5','{\"id\":5,\"Nombre_De_Stock\":21,\"Prix\":20,\"Catgorie\":7,\"Nom_Produits\":\"Blé\"}','{\"Nom_Produits\":\"Blé\"}',NULL),(294,333,'Produits','6','{\"id\":6,\"Nombre_De_Stock\":61,\"Prix\":10,\"Catgorie\":1,\"Nom_Produits\":\"Orge\"}','{\"Nom_Produits\":\"Orge\"}',NULL),(295,334,'Produits','6','{\"id\":6,\"Nombre_De_Stock\":17,\"Prix\":10,\"Catgorie\":1,\"Nom_Produits\":\"Orge\"}','{\"Nombre_De_Stock\":17}',NULL),(296,335,'Produits','5','{\"id\":5,\"Nombre_De_Stock\":21,\"Prix\":21,\"Catgorie\":7,\"Nom_Produits\":\"Blé\"}','{\"Prix\":20.99}',NULL),(297,336,'Produits','6','{\"id\":6,\"Nombre_De_Stock\":17,\"Prix\":10,\"Catgorie\":1,\"Nom_Produits\":\"Orge\"}','{\"Prix\":9.99}',NULL),(298,337,'Produits','5','{\"id\":5,\"Nombre_De_Stock\":21,\"Prix\":21,\"Catgorie\":5,\"Nom_Produits\":\"Blé\"}','{\"Catgorie\":5}',NULL),(299,338,'Produits','5','{\"id\":5,\"Nombre_De_Stock\":21,\"Prix\":21,\"Catgorie\":1,\"Nom_Produits\":\"Blé\"}','{\"Catgorie\":1}',NULL),(300,339,'directus_fields','80','{\"interface\":\"list-o2m\",\"special\":[\"o2m\"],\"collection\":\"Produits\",\"field\":\"Produits\"}','{\"interface\":\"list-o2m\",\"special\":[\"o2m\"],\"collection\":\"Produits\",\"field\":\"Produits\"}',NULL),(301,340,'directus_fields','81','{\"interface\":\"select-dropdown-m2o\",\"hidden\":true,\"collection\":\"Commander\",\"field\":\"Nom_Produits\"}','{\"interface\":\"select-dropdown-m2o\",\"hidden\":true,\"collection\":\"Commander\",\"field\":\"Nom_Produits\"}',NULL),(302,341,'directus_fields','82','{\"interface\":\"select-dropdown-m2o\",\"special\":[\"m2o\"],\"collection\":\"Commande\",\"field\":\"Commande_2\"}','{\"interface\":\"select-dropdown-m2o\",\"special\":[\"m2o\"],\"collection\":\"Commande\",\"field\":\"Commande_2\"}',NULL),(303,342,'directus_fields','81','{\"id\":81,\"collection\":\"Commander\",\"field\":\"Nom_Produits\",\"special\":null,\"interface\":\"select-dropdown-m2o\",\"options\":null,\"display\":null,\"display_options\":null,\"readonly\":false,\"hidden\":false,\"sort\":null,\"width\":\"full\",\"translations\":null,\"note\":null,\"conditions\":null,\"required\":false,\"group\":null,\"validation\":null,\"validation_message\":null}','{\"collection\":\"Commander\",\"field\":\"Nom_Produits\",\"hidden\":false}',NULL),(304,343,'directus_fields','76','{\"id\":76,\"collection\":\"Commander\",\"field\":\"id\",\"special\":null,\"interface\":\"input\",\"options\":null,\"display\":null,\"display_options\":null,\"readonly\":true,\"hidden\":false,\"sort\":null,\"width\":\"full\",\"translations\":null,\"note\":null,\"conditions\":null,\"required\":false,\"group\":null,\"validation\":null,\"validation_message\":null}','{\"collection\":\"Commander\",\"field\":\"id\",\"hidden\":false}',NULL),(306,345,'directus_fields','83','{\"interface\":\"input\",\"special\":null,\"collection\":\"Commander\",\"field\":\"Quantites\"}','{\"interface\":\"input\",\"special\":null,\"collection\":\"Commander\",\"field\":\"Quantites\"}',NULL),(307,346,'directus_fields','80','{\"id\":80,\"collection\":\"Produits\",\"field\":\"Produits\",\"special\":[\"o2m\"],\"interface\":\"list-o2m\",\"options\":null,\"display\":null,\"display_options\":null,\"readonly\":false,\"hidden\":true,\"sort\":null,\"width\":\"full\",\"translations\":null,\"note\":null,\"conditions\":null,\"required\":false,\"group\":null,\"validation\":null,\"validation_message\":null}','{\"collection\":\"Produits\",\"field\":\"Produits\",\"hidden\":true}',NULL),(308,347,'Produits','7','{\"Nombre_De_Stock\":8,\"Prix\":21.99,\"Catgorie\":6,\"Nom_Produits\":\"Sac De Pellets Premier Prix\"}','{\"Nombre_De_Stock\":8,\"Prix\":21.99,\"Catgorie\":6,\"Nom_Produits\":\"Sac De Pellets Premier Prix\"}',NULL),(310,349,'directus_fields','81','{\"id\":81,\"collection\":\"Commander\",\"field\":\"Nom_Produits\",\"special\":null,\"interface\":\"select-dropdown-m2o\",\"options\":null,\"display\":\"related-values\",\"display_options\":{\"template\":\"{{Produits.Nom_Produits}}\"},\"readonly\":false,\"hidden\":false,\"sort\":null,\"width\":\"full\",\"translations\":null,\"note\":null,\"conditions\":null,\"required\":false,\"group\":null,\"validation\":null,\"validation_message\":null}','{\"collection\":\"Commander\",\"field\":\"Nom_Produits\",\"special\":null,\"interface\":\"select-dropdown-m2o\",\"options\":null,\"display\":\"related-values\",\"display_options\":{\"template\":\"{{Produits.Nom_Produits}}\"},\"readonly\":false,\"hidden\":false,\"sort\":null,\"width\":\"full\",\"translations\":null,\"note\":null,\"conditions\":null,\"required\":false,\"group\":null,\"validation\":null,\"validation_message\":null}',NULL),(311,350,'directus_fields','81','{\"id\":81,\"collection\":\"Commander\",\"field\":\"Nom_Produits\",\"special\":null,\"interface\":\"select-dropdown-m2o\",\"options\":null,\"display\":\"related-values\",\"display_options\":{\"template\":\"{{Nom_Produits}}\"},\"readonly\":false,\"hidden\":false,\"sort\":null,\"width\":\"full\",\"translations\":null,\"note\":null,\"conditions\":null,\"required\":false,\"group\":null,\"validation\":null,\"validation_message\":null}','{\"collection\":\"Commander\",\"field\":\"Nom_Produits\",\"special\":null,\"interface\":\"select-dropdown-m2o\",\"options\":null,\"display\":\"related-values\",\"display_options\":{\"template\":\"{{Nom_Produits}}\"},\"readonly\":false,\"hidden\":false,\"sort\":null,\"width\":\"full\",\"translations\":null,\"note\":null,\"conditions\":null,\"required\":false,\"group\":null,\"validation\":null,\"validation_message\":null}',NULL),(312,352,'directus_fields','84','{\"interface\":\"list-o2m\",\"special\":[\"o2m\"],\"collection\":\"Produits\",\"field\":\"Produits\"}','{\"interface\":\"list-o2m\",\"special\":[\"o2m\"],\"collection\":\"Produits\",\"field\":\"Produits\"}',NULL),(313,353,'directus_fields','85','{\"interface\":\"select-dropdown-m2o\",\"hidden\":true,\"collection\":\"Commande\",\"field\":\"Nom_Produits\"}','{\"interface\":\"select-dropdown-m2o\",\"hidden\":true,\"collection\":\"Commande\",\"field\":\"Nom_Produits\"}',NULL),(314,354,'directus_fields','85','{\"id\":85,\"collection\":\"Commande\",\"field\":\"Nom_Produits\",\"special\":null,\"interface\":\"select-dropdown-m2o\",\"options\":null,\"display\":null,\"display_options\":null,\"readonly\":false,\"hidden\":false,\"sort\":null,\"width\":\"full\",\"translations\":null,\"note\":null,\"conditions\":null,\"required\":false,\"group\":null,\"validation\":null,\"validation_message\":null}','{\"collection\":\"Commande\",\"field\":\"Nom_Produits\",\"hidden\":false}',NULL),(315,356,'directus_fields','85','{\"id\":85,\"collection\":\"Commande\",\"field\":\"Nom_Produits\",\"special\":null,\"interface\":\"select-dropdown-m2o\",\"options\":null,\"display\":\"related-values\",\"display_options\":{\"template\":\"{{Nom_Produits}}\"},\"readonly\":false,\"hidden\":false,\"sort\":null,\"width\":\"full\",\"translations\":null,\"note\":null,\"conditions\":null,\"required\":false,\"group\":null,\"validation\":null,\"validation_message\":null}','{\"collection\":\"Commande\",\"field\":\"Nom_Produits\",\"special\":null,\"interface\":\"select-dropdown-m2o\",\"options\":null,\"display\":\"related-values\",\"display_options\":{\"template\":\"{{Nom_Produits}}\"},\"readonly\":false,\"hidden\":false,\"sort\":null,\"width\":\"full\",\"translations\":null,\"note\":null,\"conditions\":null,\"required\":false,\"group\":null,\"validation\":null,\"validation_message\":null}',NULL),(316,357,'Commande','12','{\"Nom_Produits\":5,\"Date_De_Retrait\":\"2023-02-11T12:00:00\",\"Nom_Bon_Commande\":\"hhh\"}','{\"Nom_Produits\":5,\"Date_De_Retrait\":\"2023-02-11T12:00:00\",\"Nom_Bon_Commande\":\"hhh\"}',NULL),(317,358,'directus_fields','86','{\"interface\":\"list-o2m\",\"special\":[\"o2m\"],\"collection\":\"Commande\",\"field\":\"Nom_Produits\"}','{\"interface\":\"list-o2m\",\"special\":[\"o2m\"],\"collection\":\"Commande\",\"field\":\"Nom_Produits\"}',NULL),(318,359,'directus_fields','87','{\"interface\":\"select-dropdown-m2o\",\"hidden\":true,\"collection\":\"Produits\",\"field\":\"Nom_Prod\"}','{\"interface\":\"select-dropdown-m2o\",\"hidden\":true,\"collection\":\"Produits\",\"field\":\"Nom_Prod\"}',NULL),(319,360,'directus_fields','87','{\"id\":87,\"collection\":\"Produits\",\"field\":\"Nom_Prod\",\"special\":null,\"interface\":\"select-dropdown-m2o\",\"options\":null,\"display\":null,\"display_options\":null,\"readonly\":false,\"hidden\":false,\"sort\":null,\"width\":\"full\",\"translations\":null,\"note\":null,\"conditions\":null,\"required\":false,\"group\":null,\"validation\":null,\"validation_message\":null}','{\"collection\":\"Produits\",\"field\":\"Nom_Prod\",\"hidden\":false}',NULL),(320,361,'directus_fields','87','{\"id\":87,\"collection\":\"Produits\",\"field\":\"Nom_Prod\",\"special\":null,\"interface\":\"select-dropdown-m2o\",\"options\":null,\"display\":null,\"display_options\":null,\"readonly\":false,\"hidden\":true,\"sort\":null,\"width\":\"full\",\"translations\":null,\"note\":null,\"conditions\":null,\"required\":false,\"group\":null,\"validation\":null,\"validation_message\":null}','{\"collection\":\"Produits\",\"field\":\"Nom_Prod\",\"hidden\":true}',NULL),(321,362,'Produits','7','{\"id\":7,\"Nombre_De_Stock\":8,\"Prix\":22,\"Catgorie\":6,\"Nom_Produits\":\"Sac De Pellets Premier Prix\",\"Nom_Prod\":12}','{\"Nom_Prod\":\"12\"}',NULL),(322,363,'Produits','6','{\"id\":6,\"Nombre_De_Stock\":17,\"Prix\":10,\"Catgorie\":1,\"Nom_Produits\":\"Orge\",\"Nom_Prod\":12}','{\"Nom_Prod\":\"12\"}',NULL),(323,365,'directus_fields','86','{\"id\":86,\"collection\":\"Commande\",\"field\":\"Nom_Produits\",\"special\":[\"o2m\"],\"interface\":\"list-o2m\",\"options\":null,\"display\":\"raw\",\"display_options\":null,\"readonly\":false,\"hidden\":false,\"sort\":null,\"width\":\"full\",\"translations\":null,\"note\":null,\"conditions\":null,\"required\":false,\"group\":null,\"validation\":null,\"validation_message\":null}','{\"collection\":\"Commande\",\"field\":\"Nom_Produits\",\"special\":[\"o2m\"],\"interface\":\"list-o2m\",\"options\":null,\"display\":\"raw\",\"display_options\":null,\"readonly\":false,\"hidden\":false,\"sort\":null,\"width\":\"full\",\"translations\":null,\"note\":null,\"conditions\":null,\"required\":false,\"group\":null,\"validation\":null,\"validation_message\":null}',NULL),(324,366,'directus_fields','86','{\"id\":86,\"collection\":\"Commande\",\"field\":\"Nom_Produits\",\"special\":[\"o2m\"],\"interface\":\"list-o2m\",\"options\":null,\"display\":\"related-values\",\"display_options\":{\"template\":\"{{Nom_Produits}}\"},\"readonly\":false,\"hidden\":false,\"sort\":null,\"width\":\"full\",\"translations\":null,\"note\":null,\"conditions\":null,\"required\":false,\"group\":null,\"validation\":null,\"validation_message\":null}','{\"collection\":\"Commande\",\"field\":\"Nom_Produits\",\"special\":[\"o2m\"],\"interface\":\"list-o2m\",\"options\":null,\"display\":\"related-values\",\"display_options\":{\"template\":\"{{Nom_Produits}}\"},\"readonly\":false,\"hidden\":false,\"sort\":null,\"width\":\"full\",\"translations\":null,\"note\":null,\"conditions\":null,\"required\":false,\"group\":null,\"validation\":null,\"validation_message\":null}',NULL),(325,367,'Produits','7','{\"id\":7,\"Nombre_De_Stock\":8,\"Prix\":22,\"Catgorie\":6,\"Nom_Produits\":\"Sac De Pellets Premier Prix\",\"Nom_Prod\":10}','{\"Nom_Prod\":\"10\"}',NULL),(326,369,'Produits','7','{\"id\":7,\"Nombre_De_Stock\":8,\"Prix\":22,\"Catgorie\":6,\"Nom_Produits\":\"Sac De Pellets Premier Prix\",\"Nom_Prod\":12}','{\"Nom_Prod\":\"12\"}',NULL),(327,370,'Produits','5','{\"id\":5,\"Nombre_De_Stock\":21,\"Prix\":21,\"Catgorie\":1,\"Nom_Produits\":\"Blé\",\"Nom_Prod\":12}','{\"Nom_Prod\":\"12\"}',NULL),(328,372,'directus_fields','88','{\"hidden\":true,\"readonly\":true,\"interface\":\"input\",\"special\":[\"uuid\"],\"field\":\"Numero_commande\",\"collection\":\"Commander\"}','{\"hidden\":true,\"readonly\":true,\"interface\":\"input\",\"special\":[\"uuid\"],\"field\":\"Numero_commande\",\"collection\":\"Commander\"}',NULL),(329,373,'directus_collections','Commander','{\"singleton\":false,\"collection\":\"Commander\"}','{\"singleton\":false,\"collection\":\"Commander\"}',NULL),(330,374,'directus_fields','89','{\"interface\":\"input\",\"special\":null,\"collection\":\"Commander\",\"field\":\"Quantite\"}','{\"interface\":\"input\",\"special\":null,\"collection\":\"Commander\",\"field\":\"Quantite\"}',NULL),(331,376,'directus_fields','90','{\"hidden\":true,\"interface\":\"input\",\"readonly\":true,\"field\":\"id\",\"collection\":\"Commander\"}','{\"hidden\":true,\"interface\":\"input\",\"readonly\":true,\"field\":\"id\",\"collection\":\"Commander\"}',NULL),(332,377,'directus_collections','Commander','{\"singleton\":false,\"collection\":\"Commander\"}','{\"singleton\":false,\"collection\":\"Commander\"}',NULL),(333,378,'directus_fields','91','{\"interface\":\"input\",\"special\":null,\"collection\":\"Commander\",\"field\":\"Quantites\"}','{\"interface\":\"input\",\"special\":null,\"collection\":\"Commander\",\"field\":\"Quantites\"}',NULL),(334,379,'directus_fields','92','{\"interface\":\"input\",\"special\":null,\"collection\":\"Commander\",\"field\":\"Nom_Produit\"}','{\"interface\":\"input\",\"special\":null,\"collection\":\"Commander\",\"field\":\"Nom_Produit\"}',NULL),(335,380,'directus_fields','93','{\"interface\":\"input\",\"special\":null,\"collection\":\"Commander\",\"field\":\"Numero_de_Commande\"}','{\"interface\":\"input\",\"special\":null,\"collection\":\"Commander\",\"field\":\"Numero_de_Commande\"}',NULL),(336,381,'Produits','8','{\"Nombre_De_Stock\":19,\"Prix\":4.1,\"Nom_Produits\":\"Boule De Graisse\"}','{\"Nombre_De_Stock\":19,\"Prix\":4.1,\"Nom_Produits\":\"Boule De Graisse\"}',NULL),(337,382,'Produits','8','{\"id\":8,\"Nombre_De_Stock\":19,\"Prix\":4,\"Catgorie\":10,\"Nom_Produits\":\"Boule De Graisse\",\"Nom_Prod\":null}','{\"Catgorie\":10}',NULL),(338,383,'Produits','9','{\"Nombre_De_Stock\":21,\"Prix\":19.99,\"Nom_Produits\":\"Maïs Grain\"}','{\"Nombre_De_Stock\":21,\"Prix\":19.99,\"Nom_Produits\":\"Maïs Grain\"}',NULL),(339,384,'Produits','9','{\"id\":9,\"Nombre_De_Stock\":21,\"Prix\":20,\"Catgorie\":1,\"Nom_Produits\":\"Maïs Grain\",\"Nom_Prod\":null}','{\"Catgorie\":1}',NULL),(340,385,'directus_fields','79','{\"id\":79,\"collection\":\"Produits\",\"field\":\"Nom_Produits\",\"special\":null,\"interface\":\"input\",\"options\":null,\"display\":null,\"display_options\":null,\"readonly\":false,\"hidden\":false,\"sort\":1,\"width\":\"full\",\"translations\":null,\"note\":null,\"conditions\":null,\"required\":false,\"group\":null,\"validation\":null,\"validation_message\":null}','{\"collection\":\"Produits\",\"field\":\"Nom_Produits\",\"sort\":1,\"group\":null}',NULL),(341,386,'directus_fields','1','{\"id\":1,\"collection\":\"Produits\",\"field\":\"id\",\"special\":null,\"interface\":\"input\",\"options\":null,\"display\":null,\"display_options\":null,\"readonly\":true,\"hidden\":true,\"sort\":2,\"width\":\"full\",\"translations\":null,\"note\":null,\"conditions\":null,\"required\":false,\"group\":null,\"validation\":null,\"validation_message\":null}','{\"collection\":\"Produits\",\"field\":\"id\",\"sort\":2,\"group\":null}',NULL),(342,387,'directus_fields','3','{\"id\":3,\"collection\":\"Produits\",\"field\":\"Nombre_De_Stock\",\"special\":null,\"interface\":\"input\",\"options\":{\"min\":0},\"display\":null,\"display_options\":null,\"readonly\":false,\"hidden\":false,\"sort\":3,\"width\":\"full\",\"translations\":null,\"note\":null,\"conditions\":null,\"required\":false,\"group\":null,\"validation\":null,\"validation_message\":null}','{\"collection\":\"Produits\",\"field\":\"Nombre_De_Stock\",\"sort\":3,\"group\":null}',NULL),(343,388,'directus_fields','4','{\"id\":4,\"collection\":\"Produits\",\"field\":\"Prix\",\"special\":null,\"interface\":\"input\",\"options\":{\"min\":0},\"display\":null,\"display_options\":null,\"readonly\":false,\"hidden\":false,\"sort\":4,\"width\":\"full\",\"translations\":null,\"note\":null,\"conditions\":null,\"required\":false,\"group\":null,\"validation\":null,\"validation_message\":null}','{\"collection\":\"Produits\",\"field\":\"Prix\",\"sort\":4,\"group\":null}',NULL),(344,389,'directus_fields','7','{\"id\":7,\"collection\":\"Produits\",\"field\":\"Catgorie\",\"special\":[\"m2o\"],\"interface\":\"select-dropdown-m2o\",\"options\":{\"choices\":null,\"template\":\"{{Categorie}}\"},\"display\":\"related-values\",\"display_options\":{\"template\":\"{{Categorie}}\"},\"readonly\":false,\"hidden\":false,\"sort\":5,\"width\":\"full\",\"translations\":null,\"note\":null,\"conditions\":null,\"required\":false,\"group\":null,\"validation\":null,\"validation_message\":null}','{\"collection\":\"Produits\",\"field\":\"Catgorie\",\"sort\":5,\"group\":null}',NULL),(345,390,'directus_fields','87','{\"id\":87,\"collection\":\"Produits\",\"field\":\"Nom_Prod\",\"special\":null,\"interface\":\"select-dropdown-m2o\",\"options\":null,\"display\":null,\"display_options\":null,\"readonly\":false,\"hidden\":true,\"sort\":6,\"width\":\"full\",\"translations\":null,\"note\":null,\"conditions\":null,\"required\":false,\"group\":null,\"validation\":null,\"validation_message\":null}','{\"collection\":\"Produits\",\"field\":\"Nom_Prod\",\"sort\":6,\"group\":null}',NULL),(346,391,'directus_fields','79','{\"id\":79,\"collection\":\"Produits\",\"field\":\"Nom_Produits\",\"special\":null,\"interface\":\"input\",\"options\":null,\"display\":null,\"display_options\":null,\"readonly\":false,\"hidden\":false,\"sort\":1,\"width\":\"full\",\"translations\":null,\"note\":null,\"conditions\":null,\"required\":false,\"group\":null,\"validation\":null,\"validation_message\":null}','{\"collection\":\"Produits\",\"field\":\"Nom_Produits\",\"sort\":1,\"group\":null}',NULL),(347,392,'directus_fields','7','{\"id\":7,\"collection\":\"Produits\",\"field\":\"Catgorie\",\"special\":[\"m2o\"],\"interface\":\"select-dropdown-m2o\",\"options\":{\"choices\":null,\"template\":\"{{Categorie}}\"},\"display\":\"related-values\",\"display_options\":{\"template\":\"{{Categorie}}\"},\"readonly\":false,\"hidden\":false,\"sort\":2,\"width\":\"full\",\"translations\":null,\"note\":null,\"conditions\":null,\"required\":false,\"group\":null,\"validation\":null,\"validation_message\":null}','{\"collection\":\"Produits\",\"field\":\"Catgorie\",\"sort\":2,\"group\":null}',NULL),(348,393,'directus_fields','1','{\"id\":1,\"collection\":\"Produits\",\"field\":\"id\",\"special\":null,\"interface\":\"input\",\"options\":null,\"display\":null,\"display_options\":null,\"readonly\":true,\"hidden\":true,\"sort\":3,\"width\":\"full\",\"translations\":null,\"note\":null,\"conditions\":null,\"required\":false,\"group\":null,\"validation\":null,\"validation_message\":null}','{\"collection\":\"Produits\",\"field\":\"id\",\"sort\":3,\"group\":null}',NULL),(349,394,'directus_fields','3','{\"id\":3,\"collection\":\"Produits\",\"field\":\"Nombre_De_Stock\",\"special\":null,\"interface\":\"input\",\"options\":{\"min\":0},\"display\":null,\"display_options\":null,\"readonly\":false,\"hidden\":false,\"sort\":4,\"width\":\"full\",\"translations\":null,\"note\":null,\"conditions\":null,\"required\":false,\"group\":null,\"validation\":null,\"validation_message\":null}','{\"collection\":\"Produits\",\"field\":\"Nombre_De_Stock\",\"sort\":4,\"group\":null}',NULL),(350,395,'directus_fields','4','{\"id\":4,\"collection\":\"Produits\",\"field\":\"Prix\",\"special\":null,\"interface\":\"input\",\"options\":{\"min\":0},\"display\":null,\"display_options\":null,\"readonly\":false,\"hidden\":false,\"sort\":5,\"width\":\"full\",\"translations\":null,\"note\":null,\"conditions\":null,\"required\":false,\"group\":null,\"validation\":null,\"validation_message\":null}','{\"collection\":\"Produits\",\"field\":\"Prix\",\"sort\":5,\"group\":null}',NULL),(351,396,'directus_fields','87','{\"id\":87,\"collection\":\"Produits\",\"field\":\"Nom_Prod\",\"special\":null,\"interface\":\"select-dropdown-m2o\",\"options\":null,\"display\":null,\"display_options\":null,\"readonly\":false,\"hidden\":true,\"sort\":6,\"width\":\"full\",\"translations\":null,\"note\":null,\"conditions\":null,\"required\":false,\"group\":null,\"validation\":null,\"validation_message\":null}','{\"collection\":\"Produits\",\"field\":\"Nom_Prod\",\"sort\":6,\"group\":null}',NULL),(352,397,'directus_fields','79','{\"id\":79,\"collection\":\"Produits\",\"field\":\"Nom_Produits\",\"special\":null,\"interface\":\"input\",\"options\":null,\"display\":null,\"display_options\":null,\"readonly\":false,\"hidden\":false,\"sort\":1,\"width\":\"full\",\"translations\":null,\"note\":null,\"conditions\":null,\"required\":false,\"group\":null,\"validation\":null,\"validation_message\":null}','{\"collection\":\"Produits\",\"field\":\"Nom_Produits\",\"sort\":1,\"group\":null}',NULL),(353,398,'directus_fields','7','{\"id\":7,\"collection\":\"Produits\",\"field\":\"Catgorie\",\"special\":[\"m2o\"],\"interface\":\"select-dropdown-m2o\",\"options\":{\"choices\":null,\"template\":\"{{Categorie}}\"},\"display\":\"related-values\",\"display_options\":{\"template\":\"{{Categorie}}\"},\"readonly\":false,\"hidden\":false,\"sort\":2,\"width\":\"full\",\"translations\":null,\"note\":null,\"conditions\":null,\"required\":false,\"group\":null,\"validation\":null,\"validation_message\":null}','{\"collection\":\"Produits\",\"field\":\"Catgorie\",\"sort\":2,\"group\":null}',NULL),(354,399,'directus_fields','4','{\"id\":4,\"collection\":\"Produits\",\"field\":\"Prix\",\"special\":null,\"interface\":\"input\",\"options\":{\"min\":0},\"display\":null,\"display_options\":null,\"readonly\":false,\"hidden\":false,\"sort\":3,\"width\":\"full\",\"translations\":null,\"note\":null,\"conditions\":null,\"required\":false,\"group\":null,\"validation\":null,\"validation_message\":null}','{\"collection\":\"Produits\",\"field\":\"Prix\",\"sort\":3,\"group\":null}',NULL),(355,400,'directus_fields','1','{\"id\":1,\"collection\":\"Produits\",\"field\":\"id\",\"special\":null,\"interface\":\"input\",\"options\":null,\"display\":null,\"display_options\":null,\"readonly\":true,\"hidden\":true,\"sort\":4,\"width\":\"full\",\"translations\":null,\"note\":null,\"conditions\":null,\"required\":false,\"group\":null,\"validation\":null,\"validation_message\":null}','{\"collection\":\"Produits\",\"field\":\"id\",\"sort\":4,\"group\":null}',NULL),(356,401,'directus_fields','3','{\"id\":3,\"collection\":\"Produits\",\"field\":\"Nombre_De_Stock\",\"special\":null,\"interface\":\"input\",\"options\":{\"min\":0},\"display\":null,\"display_options\":null,\"readonly\":false,\"hidden\":false,\"sort\":5,\"width\":\"full\",\"translations\":null,\"note\":null,\"conditions\":null,\"required\":false,\"group\":null,\"validation\":null,\"validation_message\":null}','{\"collection\":\"Produits\",\"field\":\"Nombre_De_Stock\",\"sort\":5,\"group\":null}',NULL),(357,402,'directus_fields','87','{\"id\":87,\"collection\":\"Produits\",\"field\":\"Nom_Prod\",\"special\":null,\"interface\":\"select-dropdown-m2o\",\"options\":null,\"display\":null,\"display_options\":null,\"readonly\":false,\"hidden\":true,\"sort\":6,\"width\":\"full\",\"translations\":null,\"note\":null,\"conditions\":null,\"required\":false,\"group\":null,\"validation\":null,\"validation_message\":null}','{\"collection\":\"Produits\",\"field\":\"Nom_Prod\",\"sort\":6,\"group\":null}',NULL),(358,403,'directus_fields','79','{\"id\":79,\"collection\":\"Produits\",\"field\":\"Nom_Produits\",\"special\":null,\"interface\":\"input\",\"options\":null,\"display\":null,\"display_options\":null,\"readonly\":false,\"hidden\":false,\"sort\":1,\"width\":\"full\",\"translations\":null,\"note\":null,\"conditions\":null,\"required\":false,\"group\":null,\"validation\":null,\"validation_message\":null}','{\"collection\":\"Produits\",\"field\":\"Nom_Produits\",\"sort\":1,\"group\":null}',NULL),(359,404,'directus_fields','7','{\"id\":7,\"collection\":\"Produits\",\"field\":\"Catgorie\",\"special\":[\"m2o\"],\"interface\":\"select-dropdown-m2o\",\"options\":{\"choices\":null,\"template\":\"{{Categorie}}\"},\"display\":\"related-values\",\"display_options\":{\"template\":\"{{Categorie}}\"},\"readonly\":false,\"hidden\":false,\"sort\":2,\"width\":\"full\",\"translations\":null,\"note\":null,\"conditions\":null,\"required\":false,\"group\":null,\"validation\":null,\"validation_message\":null}','{\"collection\":\"Produits\",\"field\":\"Catgorie\",\"sort\":2,\"group\":null}',NULL),(360,405,'directus_fields','4','{\"id\":4,\"collection\":\"Produits\",\"field\":\"Prix\",\"special\":null,\"interface\":\"input\",\"options\":{\"min\":0},\"display\":null,\"display_options\":null,\"readonly\":false,\"hidden\":false,\"sort\":3,\"width\":\"full\",\"translations\":null,\"note\":null,\"conditions\":null,\"required\":false,\"group\":null,\"validation\":null,\"validation_message\":null}','{\"collection\":\"Produits\",\"field\":\"Prix\",\"sort\":3,\"group\":null}',NULL),(361,406,'directus_fields','3','{\"id\":3,\"collection\":\"Produits\",\"field\":\"Nombre_De_Stock\",\"special\":null,\"interface\":\"input\",\"options\":{\"min\":0},\"display\":null,\"display_options\":null,\"readonly\":false,\"hidden\":false,\"sort\":4,\"width\":\"full\",\"translations\":null,\"note\":null,\"conditions\":null,\"required\":false,\"group\":null,\"validation\":null,\"validation_message\":null}','{\"collection\":\"Produits\",\"field\":\"Nombre_De_Stock\",\"sort\":4,\"group\":null}',NULL),(362,407,'directus_fields','1','{\"id\":1,\"collection\":\"Produits\",\"field\":\"id\",\"special\":null,\"interface\":\"input\",\"options\":null,\"display\":null,\"display_options\":null,\"readonly\":true,\"hidden\":true,\"sort\":5,\"width\":\"full\",\"translations\":null,\"note\":null,\"conditions\":null,\"required\":false,\"group\":null,\"validation\":null,\"validation_message\":null}','{\"collection\":\"Produits\",\"field\":\"id\",\"sort\":5,\"group\":null}',NULL),(363,408,'directus_fields','87','{\"id\":87,\"collection\":\"Produits\",\"field\":\"Nom_Prod\",\"special\":null,\"interface\":\"select-dropdown-m2o\",\"options\":null,\"display\":null,\"display_options\":null,\"readonly\":false,\"hidden\":true,\"sort\":6,\"width\":\"full\",\"translations\":null,\"note\":null,\"conditions\":null,\"required\":false,\"group\":null,\"validation\":null,\"validation_message\":null}','{\"collection\":\"Produits\",\"field\":\"Nom_Prod\",\"sort\":6,\"group\":null}',NULL),(364,409,'Produits','10','{\"Nom_Produits\":\"Maïs Cassé\",\"Catgorie\":1,\"Prix\":18.99,\"Nombre_De_Stock\":67}','{\"Nom_Produits\":\"Maïs Cassé\",\"Catgorie\":1,\"Prix\":18.99,\"Nombre_De_Stock\":67}',NULL),(365,410,'Produits','10','{\"id\":10,\"Nombre_De_Stock\":67,\"Prix\":19,\"Catgorie\":1,\"Nom_Produits\":\"Maïs Cassé\",\"Nom_Prod\":13}','{\"Nom_Prod\":13}',368),(366,411,'Produits','8','{\"id\":8,\"Nombre_De_Stock\":19,\"Prix\":4,\"Catgorie\":10,\"Nom_Produits\":\"Boule De Graisse\",\"Nom_Prod\":13}','{\"Nom_Prod\":13}',368),(367,412,'Produits','9','{\"id\":9,\"Nombre_De_Stock\":21,\"Prix\":20,\"Catgorie\":1,\"Nom_Produits\":\"Maïs Grain\",\"Nom_Prod\":13}','{\"Nom_Prod\":13}',368),(368,413,'Commande','13','{\"Nom_Produits\":{\"create\":[],\"update\":[{\"Nom_Prod\":\"+\",\"id\":10},{\"Nom_Prod\":\"+\",\"id\":8},{\"Nom_Prod\":\"+\",\"id\":9}],\"delete\":[]},\"Nom_Bon_Commande\":\"Cosse\",\"Date_De_Retrait\":\"2023-01-18T16:00:00\"}','{\"Nom_Produits\":{\"create\":[],\"update\":[{\"Nom_Prod\":\"+\",\"id\":10},{\"Nom_Prod\":\"+\",\"id\":8},{\"Nom_Prod\":\"+\",\"id\":9}],\"delete\":[]},\"Nom_Bon_Commande\":\"Cosse\",\"Date_De_Retrait\":\"2023-01-18T16:00:00\"}',NULL),(369,417,'directus_collections','Categorie','{\"collection\":\"Categorie\",\"icon\":null,\"note\":null,\"display_template\":null,\"hidden\":false,\"singleton\":false,\"translations\":null,\"archive_field\":null,\"archive_app_filter\":true,\"archive_value\":null,\"unarchive_value\":null,\"sort_field\":null,\"accountability\":\"all\",\"color\":null,\"item_duplication_fields\":null,\"sort\":1,\"group\":null,\"collapse\":\"open\"}','{\"sort\":1,\"group\":null}',NULL),(370,418,'directus_collections','Commande','{\"collection\":\"Commande\",\"icon\":null,\"note\":null,\"display_template\":null,\"hidden\":false,\"singleton\":false,\"translations\":null,\"archive_field\":null,\"archive_app_filter\":true,\"archive_value\":null,\"unarchive_value\":null,\"sort_field\":null,\"accountability\":\"all\",\"color\":null,\"item_duplication_fields\":null,\"sort\":2,\"group\":null,\"collapse\":\"open\"}','{\"sort\":2,\"group\":null}',NULL),(371,419,'directus_collections','Commander','{\"collection\":\"Commander\",\"icon\":null,\"note\":null,\"display_template\":null,\"hidden\":false,\"singleton\":false,\"translations\":null,\"archive_field\":null,\"archive_app_filter\":true,\"archive_value\":null,\"unarchive_value\":null,\"sort_field\":null,\"accountability\":\"all\",\"color\":null,\"item_duplication_fields\":null,\"sort\":3,\"group\":null,\"collapse\":\"open\"}','{\"sort\":3,\"group\":null}',NULL),(372,420,'directus_collections','Produits','{\"collection\":\"Produits\",\"icon\":null,\"note\":null,\"display_template\":null,\"hidden\":false,\"singleton\":false,\"translations\":null,\"archive_field\":null,\"archive_app_filter\":true,\"archive_value\":null,\"unarchive_value\":null,\"sort_field\":null,\"accountability\":\"all\",\"color\":null,\"item_duplication_fields\":null,\"sort\":4,\"group\":null,\"collapse\":\"open\"}','{\"sort\":4,\"group\":null}',NULL),(373,421,'directus_fields','94','{\"interface\":\"select-dropdown-m2o\",\"special\":[\"m2o\"],\"options\":{\"template\":\"{{Nom_Produits}}\"},\"collection\":\"Commander\",\"field\":\"Nom_Produits\"}','{\"interface\":\"select-dropdown-m2o\",\"special\":[\"m2o\"],\"options\":{\"template\":\"{{Nom_Produits}}\"},\"collection\":\"Commander\",\"field\":\"Nom_Produits\"}',NULL),(374,422,'directus_fields','95','{\"interface\":\"list-m2m\",\"special\":[\"m2m\"],\"collection\":\"Commander\",\"field\":\"Numero_De_Commande\"}','{\"interface\":\"list-m2m\",\"special\":[\"m2m\"],\"collection\":\"Commander\",\"field\":\"Numero_De_Commande\"}',NULL),(375,423,'directus_fields','96','{\"hidden\":true,\"field\":\"id\",\"collection\":\"Commander_Commande\"}','{\"hidden\":true,\"field\":\"id\",\"collection\":\"Commander_Commande\"}',NULL),(376,424,'directus_collections','Commander_Commande','{\"hidden\":true,\"icon\":\"import_export\",\"collection\":\"Commander_Commande\"}','{\"hidden\":true,\"icon\":\"import_export\",\"collection\":\"Commander_Commande\"}',NULL),(377,425,'directus_fields','97','{\"hidden\":true,\"collection\":\"Commander_Commande\",\"field\":\"Commander_id\"}','{\"hidden\":true,\"collection\":\"Commander_Commande\",\"field\":\"Commander_id\"}',NULL),(378,426,'directus_fields','98','{\"hidden\":true,\"collection\":\"Commander_Commande\",\"field\":\"Commande_id\"}','{\"hidden\":true,\"collection\":\"Commander_Commande\",\"field\":\"Commande_id\"}',NULL),(379,427,'directus_fields','99','{\"interface\":\"list-m2m\",\"special\":[\"m2m\"],\"collection\":\"Commander\",\"field\":\"Nom_Produits\"}','{\"interface\":\"list-m2m\",\"special\":[\"m2m\"],\"collection\":\"Commander\",\"field\":\"Nom_Produits\"}',NULL),(380,428,'directus_fields','100','{\"hidden\":true,\"field\":\"id\",\"collection\":\"Commander_Produits\"}','{\"hidden\":true,\"field\":\"id\",\"collection\":\"Commander_Produits\"}',NULL),(381,429,'directus_collections','Commander_Produits','{\"hidden\":true,\"icon\":\"import_export\",\"collection\":\"Commander_Produits\"}','{\"hidden\":true,\"icon\":\"import_export\",\"collection\":\"Commander_Produits\"}',NULL),(382,430,'directus_fields','101','{\"hidden\":true,\"collection\":\"Commander_Produits\",\"field\":\"Commander_id\"}','{\"hidden\":true,\"collection\":\"Commander_Produits\",\"field\":\"Commander_id\"}',NULL),(383,431,'directus_fields','102','{\"hidden\":true,\"collection\":\"Commander_Produits\",\"field\":\"Produits_id\"}','{\"hidden\":true,\"collection\":\"Commander_Produits\",\"field\":\"Produits_id\"}',NULL),(384,432,'directus_fields','99','{\"id\":99,\"collection\":\"Commander\",\"field\":\"Nom_Produits\",\"special\":[\"m2m\"],\"interface\":\"list-m2m\",\"options\":null,\"display\":\"related-values\",\"display_options\":{\"template\":\"{{Produits_id.Nom_Produits}}\"},\"readonly\":false,\"hidden\":false,\"sort\":null,\"width\":\"full\",\"translations\":null,\"note\":null,\"conditions\":null,\"required\":false,\"group\":null,\"validation\":null,\"validation_message\":null}','{\"collection\":\"Commander\",\"field\":\"Nom_Produits\",\"special\":[\"m2m\"],\"interface\":\"list-m2m\",\"options\":null,\"display\":\"related-values\",\"display_options\":{\"template\":\"{{Produits_id.Nom_Produits}}\"},\"readonly\":false,\"hidden\":false,\"sort\":null,\"width\":\"full\",\"translations\":null,\"note\":null,\"conditions\":null,\"required\":false,\"group\":null,\"validation\":null,\"validation_message\":null}',NULL),(385,433,'Produits','10','{\"id\":10,\"Nombre_De_Stock\":67,\"Prix\":19,\"Catgorie\":1,\"Nom_Produits\":\"Maïs Cassé\",\"Nom_Prod\":14}','{\"Nom_Prod\":14}',388),(386,434,'Produits','9','{\"id\":9,\"Nombre_De_Stock\":21,\"Prix\":20,\"Catgorie\":1,\"Nom_Produits\":\"Maïs Grain\",\"Nom_Prod\":14}','{\"Nom_Prod\":14}',388),(387,435,'Produits','8','{\"id\":8,\"Nombre_De_Stock\":19,\"Prix\":4,\"Catgorie\":10,\"Nom_Produits\":\"Boule De Graisse\",\"Nom_Prod\":14}','{\"Nom_Prod\":14}',388),(388,436,'Commande','14','{\"Date_De_Retrait\":\"2023-01-26T12:00:00\",\"Nom_Bon_Commande\":\"Cosse\",\"Nom_Produits\":{\"create\":[],\"update\":[{\"Nom_Prod\":\"+\",\"id\":10},{\"Nom_Prod\":\"+\",\"id\":9},{\"Nom_Prod\":\"+\",\"id\":8}],\"delete\":[]}}','{\"Date_De_Retrait\":\"2023-01-26T12:00:00\",\"Nom_Bon_Commande\":\"Cosse\",\"Nom_Produits\":{\"create\":[],\"update\":[{\"Nom_Prod\":\"+\",\"id\":10},{\"Nom_Prod\":\"+\",\"id\":9},{\"Nom_Prod\":\"+\",\"id\":8}],\"delete\":[]}}',NULL),(389,439,'directus_fields','103','{\"interface\":\"list-o2m\",\"special\":[\"o2m\"],\"collection\":\"Commander\",\"field\":\"Nom_Produits\"}','{\"interface\":\"list-o2m\",\"special\":[\"o2m\"],\"collection\":\"Commander\",\"field\":\"Nom_Produits\"}',NULL),(390,440,'directus_fields','104','{\"interface\":\"list-o2m\",\"special\":[\"o2m\"],\"collection\":\"Commande\",\"field\":\"Test_Commande\"}','{\"interface\":\"list-o2m\",\"special\":[\"o2m\"],\"collection\":\"Commande\",\"field\":\"Test_Commande\"}',NULL),(391,441,'directus_fields','105','{\"interface\":\"select-dropdown-m2o\",\"hidden\":true,\"collection\":\"Commander\",\"field\":\"Commande\"}','{\"interface\":\"select-dropdown-m2o\",\"hidden\":true,\"collection\":\"Commander\",\"field\":\"Commande\"}',NULL),(392,442,'directus_fields','106','{\"interface\":\"list-o2m\",\"special\":[\"o2m\"],\"collection\":\"Produits\",\"field\":\"Test_Produis\"}','{\"interface\":\"list-o2m\",\"special\":[\"o2m\"],\"collection\":\"Produits\",\"field\":\"Test_Produis\"}',NULL),(393,443,'directus_fields','107','{\"interface\":\"select-dropdown-m2o\",\"hidden\":true,\"collection\":\"Commander\",\"field\":\"Nom_Produits\"}','{\"interface\":\"select-dropdown-m2o\",\"hidden\":true,\"collection\":\"Commander\",\"field\":\"Nom_Produits\"}',NULL),(394,444,'Commander','1','{\"Quantites\":\"2\"}','{\"Quantites\":\"2\"}',NULL),(395,445,'directus_fields','105','{\"id\":105,\"collection\":\"Commander\",\"field\":\"Commande\",\"special\":null,\"interface\":\"select-dropdown-m2o\",\"options\":null,\"display\":null,\"display_options\":null,\"readonly\":false,\"hidden\":false,\"sort\":null,\"width\":\"full\",\"translations\":null,\"note\":null,\"conditions\":null,\"required\":false,\"group\":null,\"validation\":null,\"validation_message\":null}','{\"collection\":\"Commander\",\"field\":\"Commande\",\"hidden\":false}',NULL),(396,446,'directus_fields','107','{\"id\":107,\"collection\":\"Commander\",\"field\":\"Nom_Produits\",\"special\":null,\"interface\":\"select-dropdown-m2o\",\"options\":null,\"display\":null,\"display_options\":null,\"readonly\":false,\"hidden\":false,\"sort\":null,\"width\":\"full\",\"translations\":null,\"note\":null,\"conditions\":null,\"required\":false,\"group\":null,\"validation\":null,\"validation_message\":null}','{\"collection\":\"Commander\",\"field\":\"Nom_Produits\",\"hidden\":false}',NULL),(397,447,'Commander','2','{\"Commande\":14,\"Nom_Produits\":9,\"Quantites\":\"21\"}','{\"Commande\":14,\"Nom_Produits\":9,\"Quantites\":\"21\"}',NULL),(398,451,'directus_fields','104','{\"id\":104,\"collection\":\"Commande\",\"field\":\"Test_Commande\",\"special\":[\"o2m\"],\"interface\":\"list-o2m\",\"options\":null,\"display\":null,\"display_options\":null,\"readonly\":false,\"hidden\":true,\"sort\":null,\"width\":\"full\",\"translations\":null,\"note\":null,\"conditions\":null,\"required\":false,\"group\":null,\"validation\":null,\"validation_message\":null}','{\"collection\":\"Commande\",\"field\":\"Test_Commande\",\"hidden\":true}',NULL),(399,452,'directus_fields','106','{\"id\":106,\"collection\":\"Produits\",\"field\":\"Test_Produis\",\"special\":[\"o2m\"],\"interface\":\"list-o2m\",\"options\":null,\"display\":null,\"display_options\":null,\"readonly\":false,\"hidden\":true,\"sort\":null,\"width\":\"full\",\"translations\":null,\"note\":null,\"conditions\":null,\"required\":false,\"group\":null,\"validation\":null,\"validation_message\":null}','{\"collection\":\"Produits\",\"field\":\"Test_Produis\",\"hidden\":true}',NULL),(400,453,'directus_fields','107','{\"id\":107,\"collection\":\"Commander\",\"field\":\"Nom_Produits\",\"special\":null,\"interface\":\"select-dropdown-m2o\",\"options\":null,\"display\":\"related-values\",\"display_options\":{\"template\":\"{{Nom_Produits}}\"},\"readonly\":false,\"hidden\":false,\"sort\":null,\"width\":\"full\",\"translations\":null,\"note\":null,\"conditions\":null,\"required\":false,\"group\":null,\"validation\":null,\"validation_message\":null}','{\"collection\":\"Commander\",\"field\":\"Nom_Produits\",\"special\":null,\"interface\":\"select-dropdown-m2o\",\"options\":null,\"display\":\"related-values\",\"display_options\":{\"template\":\"{{Nom_Produits}}\"},\"readonly\":false,\"hidden\":false,\"sort\":null,\"width\":\"full\",\"translations\":null,\"note\":null,\"conditions\":null,\"required\":false,\"group\":null,\"validation\":null,\"validation_message\":null}',NULL),(401,454,'directus_fields','105','{\"id\":105,\"collection\":\"Commander\",\"field\":\"Commande\",\"special\":null,\"interface\":\"select-dropdown-m2o\",\"options\":null,\"display\":\"related-values\",\"display_options\":{\"template\":\"{{id}}\"},\"readonly\":false,\"hidden\":false,\"sort\":null,\"width\":\"full\",\"translations\":null,\"note\":null,\"conditions\":null,\"required\":false,\"group\":null,\"validation\":null,\"validation_message\":null}','{\"collection\":\"Commander\",\"field\":\"Commande\",\"special\":null,\"interface\":\"select-dropdown-m2o\",\"options\":null,\"display\":\"related-values\",\"display_options\":{\"template\":\"{{id}}\"},\"readonly\":false,\"hidden\":false,\"sort\":null,\"width\":\"full\",\"translations\":null,\"note\":null,\"conditions\":null,\"required\":false,\"group\":null,\"validation\":null,\"validation_message\":null}',NULL),(402,455,'directus_dashboards','31f47bb1-6357-4c70-ae2d-9ee2ffd32605','{\"name\":\"Test\",\"icon\":\"dashboard\",\"color\":null,\"note\":\"Commande\"}','{\"name\":\"Test\",\"icon\":\"dashboard\",\"color\":null,\"note\":\"Commande\"}',NULL),(403,456,'directus_panels','36bba518-bbc4-41f7-9b16-76ca1fd13b20','{\"type\":\"relational-variable\",\"width\":12,\"height\":6,\"position_x\":1,\"position_y\":1,\"options\":{\"collection\":\"Commande\",\"displayTemplate\":\"{{Nom_Bon_Commande}}\"},\"dashboard\":\"31f47bb1-6357-4c70-ae2d-9ee2ffd32605\"}','{\"type\":\"relational-variable\",\"width\":12,\"height\":6,\"position_x\":1,\"position_y\":1,\"options\":{\"collection\":\"Commande\",\"displayTemplate\":\"{{Nom_Bon_Commande}}\"},\"dashboard\":\"31f47bb1-6357-4c70-ae2d-9ee2ffd32605\"}',NULL),(404,457,'directus_fields','104','{\"id\":104,\"collection\":\"Commande\",\"field\":\"Test_Commande\",\"special\":[\"o2m\"],\"interface\":\"list-o2m\",\"options\":null,\"display\":\"related-values\",\"display_options\":{\"template\":\"{{Nom_Produits}}\"},\"readonly\":false,\"hidden\":true,\"sort\":null,\"width\":\"full\",\"translations\":null,\"note\":null,\"conditions\":null,\"required\":false,\"group\":null,\"validation\":null,\"validation_message\":null}','{\"collection\":\"Commande\",\"field\":\"Test_Commande\",\"special\":[\"o2m\"],\"interface\":\"list-o2m\",\"options\":null,\"display\":\"related-values\",\"display_options\":{\"template\":\"{{Nom_Produits}}\"},\"readonly\":false,\"hidden\":true,\"sort\":null,\"width\":\"full\",\"translations\":null,\"note\":null,\"conditions\":null,\"required\":false,\"group\":null,\"validation\":null,\"validation_message\":null}',NULL),(405,458,'directus_fields','108','{\"interface\":\"list-o2m\",\"special\":[\"o2m\"],\"collection\":\"Commande\",\"field\":\"Quantites\"}','{\"interface\":\"list-o2m\",\"special\":[\"o2m\"],\"collection\":\"Commande\",\"field\":\"Quantites\"}',NULL),(406,459,'directus_fields','109','{\"interface\":\"select-dropdown-m2o\",\"hidden\":true,\"collection\":\"Commander\",\"field\":\"Quantite\"}','{\"interface\":\"select-dropdown-m2o\",\"hidden\":true,\"collection\":\"Commander\",\"field\":\"Quantite\"}',NULL),(407,460,'directus_fields','108','{\"id\":108,\"collection\":\"Commande\",\"field\":\"Quantites\",\"special\":[\"o2m\"],\"interface\":\"list-o2m\",\"options\":null,\"display\":\"related-values\",\"display_options\":{\"template\":\"{{Quantite}}\"},\"readonly\":false,\"hidden\":false,\"sort\":null,\"width\":\"full\",\"translations\":null,\"note\":null,\"conditions\":null,\"required\":false,\"group\":null,\"validation\":null,\"validation_message\":null}','{\"collection\":\"Commande\",\"field\":\"Quantites\",\"special\":[\"o2m\"],\"interface\":\"list-o2m\",\"options\":null,\"display\":\"related-values\",\"display_options\":{\"template\":\"{{Quantite}}\"},\"readonly\":false,\"hidden\":false,\"sort\":null,\"width\":\"full\",\"translations\":null,\"note\":null,\"conditions\":null,\"required\":false,\"group\":null,\"validation\":null,\"validation_message\":null}',NULL),(408,461,'directus_fields','108','{\"id\":108,\"collection\":\"Commande\",\"field\":\"Quantites\",\"special\":[\"o2m\"],\"interface\":\"list-o2m\",\"options\":null,\"display\":\"related-values\",\"display_options\":{\"template\":\"{{Quantites}}\"},\"readonly\":false,\"hidden\":false,\"sort\":null,\"width\":\"full\",\"translations\":null,\"note\":null,\"conditions\":null,\"required\":false,\"group\":null,\"validation\":null,\"validation_message\":null}','{\"collection\":\"Commande\",\"field\":\"Quantites\",\"special\":[\"o2m\"],\"interface\":\"list-o2m\",\"options\":null,\"display\":\"related-values\",\"display_options\":{\"template\":\"{{Quantites}}\"},\"readonly\":false,\"hidden\":false,\"sort\":null,\"width\":\"full\",\"translations\":null,\"note\":null,\"conditions\":null,\"required\":false,\"group\":null,\"validation\":null,\"validation_message\":null}',NULL),(409,462,'Commander','2','{\"id\":2,\"Quantites\":\"21\",\"Commande\":14,\"Nom_Produits\":9,\"Quantite\":15}','{\"Quantite\":15}',410),(410,463,'Commande','15','{\"Quantites\":{\"create\":[],\"update\":[{\"Quantite\":\"+\",\"id\":2}],\"delete\":[]},\"Nom_Bon_Commande\":\"test\",\"Date_De_Retrait\":\"2023-01-25T09:14:00\"}','{\"Quantites\":{\"create\":[],\"update\":[{\"Quantite\":\"+\",\"id\":2}],\"delete\":[]},\"Nom_Bon_Commande\":\"test\",\"Date_De_Retrait\":\"2023-01-25T09:14:00\"}',NULL),(411,464,'Commander','3','{\"Quantites\":\"21\",\"Commande\":15,\"Nom_Produits\":9}','{\"Quantites\":\"21\",\"Commande\":15,\"Nom_Produits\":9}',NULL),(412,465,'Commander','4','{\"Commande\":14,\"Nom_Produits\":6,\"Quantites\":\"5\"}','{\"Commande\":14,\"Nom_Produits\":6,\"Quantites\":\"5\"}',NULL),(413,466,'directus_fields','110','{\"interface\":\"select-dropdown-m2o\",\"special\":[\"m2o\"],\"options\":{\"template\":\"{{Quantites}}\"},\"collection\":\"Commander\",\"field\":\"Test_Comm\"}','{\"interface\":\"select-dropdown-m2o\",\"special\":[\"m2o\"],\"options\":{\"template\":\"{{Quantites}}\"},\"collection\":\"Commander\",\"field\":\"Test_Comm\"}',NULL),(414,467,'directus_fields','91','{\"id\":91,\"collection\":\"Commander\",\"field\":\"Quantites\",\"special\":null,\"interface\":\"input\",\"options\":null,\"display\":null,\"display_options\":null,\"readonly\":true,\"hidden\":false,\"sort\":null,\"width\":\"full\",\"translations\":null,\"note\":null,\"conditions\":null,\"required\":false,\"group\":null,\"validation\":null,\"validation_message\":null}','{\"collection\":\"Commander\",\"field\":\"Quantites\",\"special\":null,\"interface\":\"input\",\"options\":null,\"display\":null,\"display_options\":null,\"readonly\":true,\"hidden\":false,\"sort\":null,\"width\":\"full\",\"translations\":null,\"note\":null,\"conditions\":null,\"required\":false,\"group\":null,\"validation\":null,\"validation_message\":null}',NULL),(415,468,'Commande','16','{\"Date_De_Retrait\":\"2023-01-26T18:00:00\",\"Nom_Bon_Commande\":\"Cosse\"}','{\"Date_De_Retrait\":\"2023-01-26T18:00:00\",\"Nom_Bon_Commande\":\"Cosse\"}',NULL),(416,469,'directus_fields','91','{\"id\":91,\"collection\":\"Commander\",\"field\":\"Quantites\",\"special\":null,\"interface\":\"input\",\"options\":null,\"display\":null,\"display_options\":null,\"readonly\":false,\"hidden\":false,\"sort\":null,\"width\":\"full\",\"translations\":null,\"note\":null,\"conditions\":null,\"required\":true,\"group\":null,\"validation\":null,\"validation_message\":null}','{\"collection\":\"Commander\",\"field\":\"Quantites\",\"special\":null,\"interface\":\"input\",\"options\":null,\"display\":null,\"display_options\":null,\"readonly\":false,\"hidden\":false,\"sort\":null,\"width\":\"full\",\"translations\":null,\"note\":null,\"conditions\":null,\"required\":true,\"group\":null,\"validation\":null,\"validation_message\":null}',NULL),(417,470,'directus_fields','111','{\"interface\":\"list-o2m\",\"special\":[\"o2m\"],\"collection\":\"Commande\",\"field\":\"Produits_Commandes\"}','{\"interface\":\"list-o2m\",\"special\":[\"o2m\"],\"collection\":\"Commande\",\"field\":\"Produits_Commandes\"}',NULL),(418,471,'directus_fields','112','{\"interface\":\"select-dropdown-m2o\",\"hidden\":true,\"collection\":\"Commander\",\"field\":\"Produits\"}','{\"interface\":\"select-dropdown-m2o\",\"hidden\":true,\"collection\":\"Commander\",\"field\":\"Produits\"}',NULL),(419,472,'directus_fields','111','{\"id\":111,\"collection\":\"Commande\",\"field\":\"Produits_Commandes\",\"special\":[\"o2m\"],\"interface\":\"list-o2m\",\"options\":null,\"display\":\"related-values\",\"display_options\":{\"template\":\"{{Nom_Produits}}\"},\"readonly\":false,\"hidden\":false,\"sort\":null,\"width\":\"full\",\"translations\":null,\"note\":null,\"conditions\":null,\"required\":false,\"group\":null,\"validation\":null,\"validation_message\":null}','{\"collection\":\"Commande\",\"field\":\"Produits_Commandes\",\"special\":[\"o2m\"],\"interface\":\"list-o2m\",\"options\":null,\"display\":\"related-values\",\"display_options\":{\"template\":\"{{Nom_Produits}}\"},\"readonly\":false,\"hidden\":false,\"sort\":null,\"width\":\"full\",\"translations\":null,\"note\":null,\"conditions\":null,\"required\":false,\"group\":null,\"validation\":null,\"validation_message\":null}',NULL),(420,473,'directus_fields','113','{\"interface\":\"select-dropdown-m2o\",\"special\":[\"m2o\"],\"options\":{\"template\":\"{{id}}\"},\"collection\":\"Commander\",\"field\":\"Commande\"}','{\"interface\":\"select-dropdown-m2o\",\"special\":[\"m2o\"],\"options\":{\"template\":\"{{id}}\"},\"collection\":\"Commander\",\"field\":\"Commande\"}',NULL),(421,474,'Commander','5','{\"Commande\":14,\"Quantites\":\"21\",\"Nom_Produits\":6}','{\"Commande\":14,\"Quantites\":\"21\",\"Nom_Produits\":6}',NULL),(422,478,'directus_fields','114','{\"interface\":\"list-o2m\",\"special\":[\"o2m\"],\"collection\":\"Commande\",\"field\":\"Produits_Commandes\"}','{\"interface\":\"list-o2m\",\"special\":[\"o2m\"],\"collection\":\"Commande\",\"field\":\"Produits_Commandes\"}',NULL),(423,479,'directus_fields','115','{\"interface\":\"list-o2m\",\"special\":[\"o2m\"],\"collection\":\"Commande\",\"field\":\"Produits\"}','{\"interface\":\"list-o2m\",\"special\":[\"o2m\"],\"collection\":\"Commande\",\"field\":\"Produits\"}',NULL),(424,480,'directus_fields','116','{\"interface\":\"select-dropdown-m2o\",\"hidden\":true,\"collection\":\"Commander\",\"field\":\"Produits\"}','{\"interface\":\"select-dropdown-m2o\",\"hidden\":true,\"collection\":\"Commander\",\"field\":\"Produits\"}',NULL),(425,481,'directus_fields','115','{\"id\":115,\"collection\":\"Commande\",\"field\":\"Produits\",\"special\":[\"o2m\"],\"interface\":\"list-o2m\",\"options\":null,\"display\":null,\"display_options\":null,\"readonly\":false,\"hidden\":true,\"sort\":null,\"width\":\"full\",\"translations\":null,\"note\":null,\"conditions\":null,\"required\":false,\"group\":null,\"validation\":null,\"validation_message\":null}','{\"collection\":\"Commande\",\"field\":\"Produits\",\"hidden\":true}',NULL),(426,482,'Commander','6','{\"Quantites\":\"21\",\"Nom_Produits\":9,\"Commande\":16}','{\"Quantites\":\"21\",\"Nom_Produits\":9,\"Commande\":16}',NULL),(427,483,'Commande','14','{\"id\":14,\"date_created\":\"2023-01-24T18:31:12.000Z\",\"Date_De_Retrait\":\"2023-01-26T12:00:00\",\"Nom_Bon_Commande\":\"Luca\",\"Produits\":[]}','{\"Nom_Bon_Commande\":\"Luca\"}',NULL),(428,484,'Commande','15','{\"id\":15,\"date_created\":\"2023-01-25T08:14:32.000Z\",\"Date_De_Retrait\":\"2023-01-25T09:14:00\",\"Nom_Bon_Commande\":\"Pierre\",\"Produits\":[]}','{\"Nom_Bon_Commande\":\"Pierre\"}',NULL),(429,485,'directus_fields','115','{\"id\":115,\"collection\":\"Commande\",\"field\":\"Produits\",\"special\":[\"o2m\"],\"interface\":\"list-o2m\",\"options\":null,\"display\":\"related-values\",\"display_options\":{\"template\":\"{{Nom_Produits}}\"},\"readonly\":false,\"hidden\":true,\"sort\":null,\"width\":\"full\",\"translations\":null,\"note\":null,\"conditions\":null,\"required\":false,\"group\":null,\"validation\":null,\"validation_message\":null}','{\"collection\":\"Commande\",\"field\":\"Produits\",\"special\":[\"o2m\"],\"interface\":\"list-o2m\",\"options\":null,\"display\":\"related-values\",\"display_options\":{\"template\":\"{{Nom_Produits}}\"},\"readonly\":false,\"hidden\":true,\"sort\":null,\"width\":\"full\",\"translations\":null,\"note\":null,\"conditions\":null,\"required\":false,\"group\":null,\"validation\":null,\"validation_message\":null}',NULL),(430,486,'Commander','6','{\"id\":6,\"Quantites\":\"2\",\"Nom_Produits\":9,\"Commande\":16,\"Produits\":null}','{\"Quantites\":\"2\"}',NULL),(431,487,'Commander','5','{\"id\":5,\"Quantites\":\"1\",\"Nom_Produits\":6,\"Commande\":14,\"Produits\":null}','{\"Quantites\":\"1\"}',NULL),(432,488,'directus_fields','115','{\"id\":115,\"collection\":\"Commande\",\"field\":\"Produits\",\"special\":[\"o2m\"],\"interface\":\"list-o2m\",\"options\":null,\"display\":\"related-values\",\"display_options\":{\"template\":\"{{Nom_Produits}}\"},\"readonly\":false,\"hidden\":false,\"sort\":null,\"width\":\"full\",\"translations\":null,\"note\":null,\"conditions\":null,\"required\":false,\"group\":null,\"validation\":null,\"validation_message\":null}','{\"collection\":\"Commande\",\"field\":\"Produits\",\"hidden\":false}',NULL),(433,489,'Commander','6','{\"id\":6,\"Quantites\":\"2\",\"Nom_Produits\":9,\"Commande\":16,\"Produits\":17}','{\"Produits\":17}',434),(434,490,'Commande','17','{\"Produits\":{\"create\":[],\"update\":[{\"Produits\":\"+\",\"id\":6}],\"delete\":[]},\"Nom_Bon_Commande\":\"testr\",\"Date_De_Retrait\":\"2023-01-25T09:37:00\"}','{\"Produits\":{\"create\":[],\"update\":[{\"Produits\":\"+\",\"id\":6}],\"delete\":[]},\"Nom_Bon_Commande\":\"testr\",\"Date_De_Retrait\":\"2023-01-25T09:37:00\"}',NULL),(435,491,'Commander','7','{\"Quantites\":\"2\",\"Nom_Produits\":8,\"Commande\":15}','{\"Quantites\":\"2\",\"Nom_Produits\":8,\"Commande\":15}',NULL),(436,492,'Commander','8','{\"Nom_Produits\":9,\"Commande\":14,\"Quantites\":\"2\"}','{\"Nom_Produits\":9,\"Commande\":14,\"Quantites\":\"2\"}',NULL),(437,493,'Produits','11','{\"Catgorie\":9,\"Nom_Produits\":\"Cordages\",\"Prix\":11.99,\"Nombre_De_Stock\":11}','{\"Catgorie\":9,\"Nom_Produits\":\"Cordages\",\"Prix\":11.99,\"Nombre_De_Stock\":11}',NULL),(438,494,'directus_fields','117','{\"interface\":\"list-o2m\",\"special\":[\"o2m\"],\"collection\":\"Commande\",\"field\":\"Nom_Produits\"}','{\"interface\":\"list-o2m\",\"special\":[\"o2m\"],\"collection\":\"Commande\",\"field\":\"Nom_Produits\"}',NULL),(439,495,'directus_fields','118','{\"interface\":\"select-dropdown-m2o\",\"hidden\":true,\"collection\":\"Commander\",\"field\":\"Test\"}','{\"interface\":\"select-dropdown-m2o\",\"hidden\":true,\"collection\":\"Commander\",\"field\":\"Test\"}',NULL),(440,496,'Commander','6','{\"id\":6,\"Quantites\":\"2\",\"Nom_Produits\":9,\"Commande\":16,\"Produits\":17,\"Test\":16}','{\"Test\":\"16\"}',NULL),(441,497,'Commander','7','{\"id\":7,\"Quantites\":\"2\",\"Nom_Produits\":8,\"Commande\":15,\"Produits\":null,\"Test\":16}','{\"Test\":\"16\"}',NULL),(442,498,'Commander','8','{\"id\":8,\"Quantites\":\"2\",\"Nom_Produits\":9,\"Commande\":14,\"Produits\":null,\"Test\":16}','{\"Test\":\"16\"}',NULL),(443,500,'Commander','6','{\"id\":6,\"Quantites\":\"2\",\"Nom_Produits\":9,\"Commande\":16,\"Produits\":17,\"Test\":null}','{\"Test\":null}',NULL),(444,501,'Commander','7','{\"id\":7,\"Quantites\":\"2\",\"Nom_Produits\":8,\"Commande\":15,\"Produits\":null,\"Test\":null}','{\"Test\":null}',NULL),(445,502,'Commander','8','{\"id\":8,\"Quantites\":\"2\",\"Nom_Produits\":9,\"Commande\":14,\"Produits\":null,\"Test\":null}','{\"Test\":null}',NULL),(446,504,'directus_fields','117','{\"id\":117,\"collection\":\"Commande\",\"field\":\"Nom_Produits\",\"special\":[\"o2m\"],\"interface\":\"list-o2m\",\"options\":null,\"display\":null,\"display_options\":null,\"readonly\":false,\"hidden\":true,\"sort\":null,\"width\":\"full\",\"translations\":null,\"note\":null,\"conditions\":null,\"required\":false,\"group\":null,\"validation\":null,\"validation_message\":null}','{\"collection\":\"Commande\",\"field\":\"Nom_Produits\",\"hidden\":true}',NULL),(447,505,'directus_fields','119','{\"interface\":\"select-dropdown-m2o\",\"special\":[\"m2o\"],\"options\":{\"template\":\"{{Nom_Produits.Nom_Produits}}\"},\"collection\":\"Commande\",\"field\":\"Nom_Produits2_P_a_U\"}','{\"interface\":\"select-dropdown-m2o\",\"special\":[\"m2o\"],\"options\":{\"template\":\"{{Nom_Produits.Nom_Produits}}\"},\"collection\":\"Commande\",\"field\":\"Nom_Produits2_P_a_U\"}',NULL),(448,506,'Commande','16','{\"id\":16,\"date_created\":\"2023-01-25T08:22:25.000Z\",\"Date_De_Retrait\":\"2023-01-26T18:00:00\",\"Nom_Bon_Commande\":\"Cosse\",\"Nom_Produits2_P_a_U\":8,\"Nom_Produits\":[]}','{\"Nom_Produits2_P_a_U\":8}',NULL),(449,507,'Commander','9','{\"Commande\":17,\"Nom_Produits\":8,\"Quantites\":\"21\"}','{\"Commande\":17,\"Nom_Produits\":8,\"Quantites\":\"21\"}',NULL),(450,508,'directus_fields','119','{\"id\":119,\"collection\":\"Commande\",\"field\":\"Nom_Produits2_P_a_U\",\"special\":[\"m2o\"],\"interface\":\"select-dropdown-m2o\",\"options\":{\"template\":\"{{Nom_Produits.Nom_Produits}}\"},\"display\":null,\"display_options\":null,\"readonly\":false,\"hidden\":true,\"sort\":null,\"width\":\"full\",\"translations\":null,\"note\":null,\"conditions\":null,\"required\":false,\"group\":null,\"validation\":null,\"validation_message\":null}','{\"collection\":\"Commande\",\"field\":\"Nom_Produits2_P_a_U\",\"hidden\":true}',NULL),(451,509,'directus_fields','120','{\"interface\":\"list-m2m\",\"special\":[\"m2m\"],\"collection\":\"Commande\",\"field\":\"p_p\"}','{\"interface\":\"list-m2m\",\"special\":[\"m2m\"],\"collection\":\"Commande\",\"field\":\"p_p\"}',NULL),(452,510,'directus_fields','121','{\"hidden\":true,\"field\":\"id\",\"collection\":\"Commande_Commander\"}','{\"hidden\":true,\"field\":\"id\",\"collection\":\"Commande_Commander\"}',NULL),(453,511,'directus_collections','Commande_Commander','{\"hidden\":true,\"icon\":\"import_export\",\"collection\":\"Commande_Commander\"}','{\"hidden\":true,\"icon\":\"import_export\",\"collection\":\"Commande_Commander\"}',NULL),(454,512,'directus_fields','122','{\"hidden\":true,\"collection\":\"Commande_Commander\",\"field\":\"Commande_id\"}','{\"hidden\":true,\"collection\":\"Commande_Commander\",\"field\":\"Commande_id\"}',NULL),(455,513,'directus_fields','123','{\"hidden\":true,\"collection\":\"Commande_Commander\",\"field\":\"Commander_id\"}','{\"hidden\":true,\"collection\":\"Commande_Commander\",\"field\":\"Commander_id\"}',NULL),(456,515,'directus_fields','124','{\"interface\":\"list-o2m\",\"special\":[\"o2m\"],\"options\":{\"template\":\"{{Nom_Produits}}\"},\"collection\":\"Commande\",\"field\":\"Test\"}','{\"interface\":\"list-o2m\",\"special\":[\"o2m\"],\"options\":{\"template\":\"{{Nom_Produits}}\"},\"collection\":\"Commande\",\"field\":\"Test\"}',NULL),(457,516,'directus_fields','124','{\"id\":124,\"collection\":\"Commande\",\"field\":\"Test\",\"special\":[\"o2m\"],\"interface\":\"list-o2m\",\"options\":{\"template\":\"{{Nom_Produits}}\"},\"display\":null,\"display_options\":null,\"readonly\":false,\"hidden\":true,\"sort\":null,\"width\":\"full\",\"translations\":null,\"note\":null,\"conditions\":null,\"required\":false,\"group\":null,\"validation\":null,\"validation_message\":null}','{\"collection\":\"Commande\",\"field\":\"Test\",\"hidden\":true}',NULL),(458,517,'directus_fields','124','{\"id\":124,\"collection\":\"Commande\",\"field\":\"Test\",\"special\":[\"o2m\"],\"interface\":\"list-o2m\",\"options\":{\"template\":\"{{Nom_Produits}}\"},\"display\":\"related-values\",\"display_options\":{\"template\":\"{{Nom_Produits.Nom_Produits}}\"},\"readonly\":false,\"hidden\":true,\"sort\":null,\"width\":\"full\",\"translations\":null,\"note\":null,\"conditions\":null,\"required\":false,\"group\":null,\"validation\":null,\"validation_message\":null}','{\"collection\":\"Commande\",\"field\":\"Test\",\"special\":[\"o2m\"],\"interface\":\"list-o2m\",\"options\":{\"template\":\"{{Nom_Produits}}\"},\"display\":\"related-values\",\"display_options\":{\"template\":\"{{Nom_Produits.Nom_Produits}}\"},\"readonly\":false,\"hidden\":true,\"sort\":null,\"width\":\"full\",\"translations\":null,\"note\":null,\"conditions\":null,\"required\":false,\"group\":null,\"validation\":null,\"validation_message\":null}',NULL),(459,518,'Commander','10','{\"Quantites\":\"test\",\"Commande\":16,\"Nom_Produits\":7}','{\"Quantites\":\"test\",\"Commande\":16,\"Nom_Produits\":7}',NULL),(460,519,'directus_fields','124','{\"id\":124,\"collection\":\"Commande\",\"field\":\"Test\",\"special\":[\"o2m\"],\"interface\":\"list-o2m\",\"options\":{\"template\":\"{{Nom_Produits}}\"},\"display\":\"related-values\",\"display_options\":{\"template\":\"{{Commande}}\"},\"readonly\":false,\"hidden\":true,\"sort\":null,\"width\":\"full\",\"translations\":null,\"note\":null,\"conditions\":null,\"required\":false,\"group\":null,\"validation\":null,\"validation_message\":null}','{\"collection\":\"Commande\",\"field\":\"Test\",\"special\":[\"o2m\"],\"interface\":\"list-o2m\",\"options\":{\"template\":\"{{Nom_Produits}}\"},\"display\":\"related-values\",\"display_options\":{\"template\":\"{{Commande}}\"},\"readonly\":false,\"hidden\":true,\"sort\":null,\"width\":\"full\",\"translations\":null,\"note\":null,\"conditions\":null,\"required\":false,\"group\":null,\"validation\":null,\"validation_message\":null}',NULL),(461,520,'directus_fields','124','{\"id\":124,\"collection\":\"Commande\",\"field\":\"Test\",\"special\":[\"o2m\"],\"interface\":\"list-o2m\",\"options\":{\"template\":\"{{Nom_Produits}}\"},\"display\":\"related-values\",\"display_options\":{\"template\":\"{{Nom_Produits}}\"},\"readonly\":false,\"hidden\":true,\"sort\":null,\"width\":\"full\",\"translations\":null,\"note\":null,\"conditions\":null,\"required\":false,\"group\":null,\"validation\":null,\"validation_message\":null}','{\"collection\":\"Commande\",\"field\":\"Test\",\"special\":[\"o2m\"],\"interface\":\"list-o2m\",\"options\":{\"template\":\"{{Nom_Produits}}\"},\"display\":\"related-values\",\"display_options\":{\"template\":\"{{Nom_Produits}}\"},\"readonly\":false,\"hidden\":true,\"sort\":null,\"width\":\"full\",\"translations\":null,\"note\":null,\"conditions\":null,\"required\":false,\"group\":null,\"validation\":null,\"validation_message\":null}',NULL),(462,521,'directus_fields','125','{\"interface\":\"list-o2m\",\"special\":[\"o2m\"],\"options\":{\"template\":\"{{Nom_Produits}}\"},\"collection\":\"Commande\",\"field\":\"Test_Commande\"}','{\"interface\":\"list-o2m\",\"special\":[\"o2m\"],\"options\":{\"template\":\"{{Nom_Produits}}\"},\"collection\":\"Commande\",\"field\":\"Test_Commande\"}',NULL),(463,522,'directus_fields','126','{\"interface\":\"select-dropdown-m2o\",\"hidden\":true,\"collection\":\"Commander\",\"field\":\"Commande\"}','{\"interface\":\"select-dropdown-m2o\",\"hidden\":true,\"collection\":\"Commander\",\"field\":\"Commande\"}',NULL),(464,529,'Commander','11','{\"Quantites\":\"1\",\"Nom_Produits\":9}','{\"Quantites\":\"1\",\"Nom_Produits\":9}',NULL),(465,530,'directus_fields','126','{\"id\":126,\"collection\":\"Commander\",\"field\":\"Commande\",\"special\":null,\"interface\":\"select-dropdown-m2o\",\"options\":null,\"display\":null,\"display_options\":null,\"readonly\":false,\"hidden\":false,\"sort\":null,\"width\":\"full\",\"translations\":null,\"note\":null,\"conditions\":null,\"required\":false,\"group\":null,\"validation\":null,\"validation_message\":null}','{\"collection\":\"Commander\",\"field\":\"Commande\",\"hidden\":false}',NULL),(466,531,'Commander','11','{\"id\":11,\"Quantites\":\"1\",\"Nom_Produits\":9,\"Test\":null,\"Commande\":17}','{\"Commande\":17}',NULL),(467,532,'Commander','12','{\"Quantites\":\"3\",\"Nom_Produits\":6,\"Commande\":17}','{\"Quantites\":\"3\",\"Nom_Produits\":6,\"Commande\":17}',NULL),(468,536,'directus_fields','125','{\"id\":125,\"collection\":\"Commande\",\"field\":\"Test_Commande\",\"special\":[\"o2m\"],\"interface\":\"list-o2m\",\"options\":{\"template\":\"{{Nom_Produits}}\"},\"display\":null,\"display_options\":null,\"readonly\":false,\"hidden\":true,\"sort\":null,\"width\":\"full\",\"translations\":null,\"note\":null,\"conditions\":null,\"required\":false,\"group\":null,\"validation\":null,\"validation_message\":null}','{\"collection\":\"Commande\",\"field\":\"Test_Commande\",\"hidden\":true}',NULL),(469,537,'Commander','13','{\"Nom_Produits\":7,\"Quantites\":\"3\",\"Commande\":17}','{\"Nom_Produits\":7,\"Quantites\":\"3\",\"Commande\":17}',NULL),(470,538,'directus_panels','61adb7c2-d6a5-44ce-8229-70a8f591bb45','{\"type\":\"list\",\"width\":34,\"height\":6,\"position_x\":1,\"position_y\":10,\"options\":{\"collection\":\"Commande\",\"displayTemplate\":\"{{Nom_Bon_Commande}}{{id}}{{Test_Commande.Quantites}}{{Test_Commande.Nom_Produits}}\"},\"dashboard\":\"31f47bb1-6357-4c70-ae2d-9ee2ffd32605\"}','{\"type\":\"list\",\"width\":34,\"height\":6,\"position_x\":1,\"position_y\":10,\"options\":{\"collection\":\"Commande\",\"displayTemplate\":\"{{Nom_Bon_Commande}}{{id}}{{Test_Commande.Quantites}}{{Test_Commande.Nom_Produits}}\"},\"dashboard\":\"31f47bb1-6357-4c70-ae2d-9ee2ffd32605\"}',NULL),(471,539,'directus_panels','36bba518-bbc4-41f7-9b16-76ca1fd13b20','{\"id\":\"36bba518-bbc4-41f7-9b16-76ca1fd13b20\",\"dashboard\":\"31f47bb1-6357-4c70-ae2d-9ee2ffd32605\",\"name\":null,\"icon\":null,\"color\":null,\"show_header\":false,\"note\":null,\"type\":\"relational-variable\",\"position_x\":1,\"position_y\":1,\"width\":30,\"height\":6,\"options\":{\"collection\":\"Commande\",\"displayTemplate\":\"{{Nom_Bon_Commande}}\"},\"date_created\":\"2023-01-24T18:41:59.000Z\",\"user_created\":\"f971a3ff-ee87-4508-b5fd-ee6ebcb8b17f\"}','{\"position_x\":1,\"position_y\":1,\"width\":30}',NULL);
/*!40000 ALTER TABLE `directus_revisions` ENABLE KEYS */;
UNLOCK TABLES;

--
-- Table structure for table `directus_roles`
--

DROP TABLE IF EXISTS `directus_roles`;
/*!40101 SET @saved_cs_client     = @@character_set_client */;
/*!40101 SET character_set_client = utf8 */;
CREATE TABLE `directus_roles` (
  `id` char(36) NOT NULL,
  `name` varchar(100) NOT NULL,
  `icon` varchar(30) NOT NULL DEFAULT 'supervised_user_circle',
  `description` text DEFAULT NULL,
  `ip_access` text DEFAULT NULL,
  `enforce_tfa` tinyint(1) NOT NULL DEFAULT 0,
  `admin_access` tinyint(1) NOT NULL DEFAULT 0,
  `app_access` tinyint(1) NOT NULL DEFAULT 1,
  PRIMARY KEY (`id`)
) ENGINE=InnoDB DEFAULT CHARSET=utf8mb4 COLLATE=utf8mb4_general_ci;
/*!40101 SET character_set_client = @saved_cs_client */;

--
-- Dumping data for table `directus_roles`
--

LOCK TABLES `directus_roles` WRITE;
/*!40000 ALTER TABLE `directus_roles` DISABLE KEYS */;
INSERT INTO `directus_roles` VALUES ('c9c103bb-d9eb-43f0-8be4-303a328cbec3','Administrator','verified','$t:admin_description',NULL,0,1,1);
/*!40000 ALTER TABLE `directus_roles` ENABLE KEYS */;
UNLOCK TABLES;

--
-- Table structure for table `directus_sessions`
--

DROP TABLE IF EXISTS `directus_sessions`;
/*!40101 SET @saved_cs_client     = @@character_set_client */;
/*!40101 SET character_set_client = utf8 */;
CREATE TABLE `directus_sessions` (
  `token` varchar(64) NOT NULL,
  `user` char(36) DEFAULT NULL,
  `expires` timestamp NOT NULL DEFAULT current_timestamp() ON UPDATE current_timestamp(),
  `ip` varchar(255) DEFAULT NULL,
  `user_agent` varchar(255) DEFAULT NULL,
  `share` char(36) DEFAULT NULL,
  `origin` varchar(255) DEFAULT NULL,
  PRIMARY KEY (`token`),
  KEY `directus_sessions_user_foreign` (`user`),
  KEY `directus_sessions_share_foreign` (`share`),
  CONSTRAINT `directus_sessions_share_foreign` FOREIGN KEY (`share`) REFERENCES `directus_shares` (`id`) ON DELETE CASCADE,
  CONSTRAINT `directus_sessions_user_foreign` FOREIGN KEY (`user`) REFERENCES `directus_users` (`id`) ON DELETE CASCADE
) ENGINE=InnoDB DEFAULT CHARSET=utf8mb4 COLLATE=utf8mb4_general_ci;
/*!40101 SET character_set_client = @saved_cs_client */;

--
-- Dumping data for table `directus_sessions`
--

LOCK TABLES `directus_sessions` WRITE;
/*!40000 ALTER TABLE `directus_sessions` DISABLE KEYS */;
INSERT INTO `directus_sessions` VALUES ('rXkgZnAMRpbTZv25gR9Q3yab_BrjUnczb6k0JRT-S8QsRYr5qYwHJfAlzYTiuJew','f971a3ff-ee87-4508-b5fd-ee6ebcb8b17f','2023-02-01 09:57:47','127.0.0.1','Mozilla/5.0 (X11; Linux x86_64) AppleWebKit/537.36 (KHTML, like Gecko) Chrome/105.0.0.0 Safari/537.36',NULL,'http://0.0.0.0:8055');
/*!40000 ALTER TABLE `directus_sessions` ENABLE KEYS */;
UNLOCK TABLES;

--
-- Table structure for table `directus_settings`
--

DROP TABLE IF EXISTS `directus_settings`;
/*!40101 SET @saved_cs_client     = @@character_set_client */;
/*!40101 SET character_set_client = utf8 */;
CREATE TABLE `directus_settings` (
  `id` int(10) unsigned NOT NULL AUTO_INCREMENT,
  `project_name` varchar(100) NOT NULL DEFAULT 'Directus',
  `project_url` varchar(255) DEFAULT NULL,
  `project_color` varchar(50) DEFAULT NULL,
  `project_logo` char(36) DEFAULT NULL,
  `public_foreground` char(36) DEFAULT NULL,
  `public_background` char(36) DEFAULT NULL,
  `public_note` text DEFAULT NULL,
  `auth_login_attempts` int(10) unsigned DEFAULT 25,
  `auth_password_policy` varchar(100) DEFAULT NULL,
  `storage_asset_transform` varchar(7) DEFAULT 'all',
  `storage_asset_presets` longtext CHARACTER SET utf8mb4 COLLATE utf8mb4_bin DEFAULT NULL,
  `custom_css` text DEFAULT NULL,
  `storage_default_folder` char(36) DEFAULT NULL,
  `basemaps` longtext CHARACTER SET utf8mb4 COLLATE utf8mb4_bin DEFAULT NULL,
  `mapbox_key` varchar(255) DEFAULT NULL,
  `module_bar` longtext CHARACTER SET utf8mb4 COLLATE utf8mb4_bin DEFAULT NULL,
  `project_descriptor` varchar(100) DEFAULT NULL,
  `translation_strings` longtext CHARACTER SET utf8mb4 COLLATE utf8mb4_bin DEFAULT NULL,
  `default_language` varchar(255) NOT NULL DEFAULT 'en-US',
  `custom_aspect_ratios` longtext CHARACTER SET utf8mb4 COLLATE utf8mb4_bin DEFAULT NULL,
  PRIMARY KEY (`id`),
  KEY `directus_settings_project_logo_foreign` (`project_logo`),
  KEY `directus_settings_public_foreground_foreign` (`public_foreground`),
  KEY `directus_settings_public_background_foreign` (`public_background`),
  KEY `directus_settings_storage_default_folder_foreign` (`storage_default_folder`),
  CONSTRAINT `directus_settings_project_logo_foreign` FOREIGN KEY (`project_logo`) REFERENCES `directus_files` (`id`),
  CONSTRAINT `directus_settings_public_background_foreign` FOREIGN KEY (`public_background`) REFERENCES `directus_files` (`id`),
  CONSTRAINT `directus_settings_public_foreground_foreign` FOREIGN KEY (`public_foreground`) REFERENCES `directus_files` (`id`),
  CONSTRAINT `directus_settings_storage_default_folder_foreign` FOREIGN KEY (`storage_default_folder`) REFERENCES `directus_folders` (`id`) ON DELETE SET NULL
) ENGINE=InnoDB AUTO_INCREMENT=2 DEFAULT CHARSET=utf8mb4 COLLATE=utf8mb4_general_ci;
/*!40101 SET character_set_client = @saved_cs_client */;

--
-- Dumping data for table `directus_settings`
--

LOCK TABLES `directus_settings` WRITE;
/*!40000 ALTER TABLE `directus_settings` DISABLE KEYS */;
INSERT INTO `directus_settings` VALUES (1,'CMC-Aliments',NULL,'#CBBD9B','f01574ea-f84f-4fd8-9c20-d490be87cceb',NULL,NULL,NULL,25,'/(?=^.{8,}$)(?=.*\\d)(?=.*[a-z])(?=.*[A-Z])(?=.*[!@#$%^&*()_+}{\';\'?>.<,])(?!.*\\s).*$/','all',NULL,NULL,NULL,NULL,NULL,NULL,NULL,NULL,'fr-FR',NULL);
/*!40000 ALTER TABLE `directus_settings` ENABLE KEYS */;
UNLOCK TABLES;

--
-- Table structure for table `directus_shares`
--

DROP TABLE IF EXISTS `directus_shares`;
/*!40101 SET @saved_cs_client     = @@character_set_client */;
/*!40101 SET character_set_client = utf8 */;
CREATE TABLE `directus_shares` (
  `id` char(36) NOT NULL,
  `name` varchar(255) DEFAULT NULL,
  `collection` varchar(64) DEFAULT NULL,
  `item` varchar(255) DEFAULT NULL,
  `role` char(36) DEFAULT NULL,
  `password` varchar(255) DEFAULT NULL,
  `user_created` char(36) DEFAULT NULL,
  `date_created` timestamp NOT NULL DEFAULT current_timestamp(),
  `date_start` timestamp NULL DEFAULT NULL,
  `date_end` timestamp NULL DEFAULT NULL,
  `times_used` int(11) DEFAULT 0,
  `max_uses` int(11) DEFAULT NULL,
  PRIMARY KEY (`id`),
  KEY `directus_shares_collection_foreign` (`collection`),
  KEY `directus_shares_role_foreign` (`role`),
  KEY `directus_shares_user_created_foreign` (`user_created`),
  CONSTRAINT `directus_shares_collection_foreign` FOREIGN KEY (`collection`) REFERENCES `directus_collections` (`collection`) ON DELETE CASCADE,
  CONSTRAINT `directus_shares_role_foreign` FOREIGN KEY (`role`) REFERENCES `directus_roles` (`id`) ON DELETE CASCADE,
  CONSTRAINT `directus_shares_user_created_foreign` FOREIGN KEY (`user_created`) REFERENCES `directus_users` (`id`) ON DELETE SET NULL
) ENGINE=InnoDB DEFAULT CHARSET=utf8mb4 COLLATE=utf8mb4_general_ci;
/*!40101 SET character_set_client = @saved_cs_client */;

--
-- Dumping data for table `directus_shares`
--

LOCK TABLES `directus_shares` WRITE;
/*!40000 ALTER TABLE `directus_shares` DISABLE KEYS */;
/*!40000 ALTER TABLE `directus_shares` ENABLE KEYS */;
UNLOCK TABLES;

--
-- Table structure for table `directus_users`
--

DROP TABLE IF EXISTS `directus_users`;
/*!40101 SET @saved_cs_client     = @@character_set_client */;
/*!40101 SET character_set_client = utf8 */;
CREATE TABLE `directus_users` (
  `id` char(36) NOT NULL,
  `first_name` varchar(50) DEFAULT NULL,
  `last_name` varchar(50) DEFAULT NULL,
  `email` varchar(128) DEFAULT NULL,
  `password` varchar(255) DEFAULT NULL,
  `location` varchar(255) DEFAULT NULL,
  `title` varchar(50) DEFAULT NULL,
  `description` text DEFAULT NULL,
  `tags` longtext CHARACTER SET utf8mb4 COLLATE utf8mb4_bin DEFAULT NULL,
  `avatar` char(36) DEFAULT NULL,
  `language` varchar(255) DEFAULT NULL,
  `theme` varchar(20) DEFAULT 'auto',
  `tfa_secret` varchar(255) DEFAULT NULL,
  `status` varchar(16) NOT NULL DEFAULT 'active',
  `role` char(36) DEFAULT NULL,
  `token` varchar(255) DEFAULT NULL,
  `last_access` timestamp NOT NULL DEFAULT current_timestamp() ON UPDATE current_timestamp(),
  `last_page` varchar(255) DEFAULT NULL,
  `provider` varchar(128) NOT NULL DEFAULT 'default',
  `external_identifier` varchar(255) DEFAULT NULL,
  `auth_data` longtext CHARACTER SET utf8mb4 COLLATE utf8mb4_bin DEFAULT NULL,
  `email_notifications` tinyint(1) DEFAULT 1,
  PRIMARY KEY (`id`),
  UNIQUE KEY `directus_users_external_identifier_unique` (`external_identifier`),
  UNIQUE KEY `directus_users_email_unique` (`email`),
  UNIQUE KEY `directus_users_token_unique` (`token`),
  KEY `directus_users_role_foreign` (`role`),
  CONSTRAINT `directus_users_role_foreign` FOREIGN KEY (`role`) REFERENCES `directus_roles` (`id`) ON DELETE SET NULL
) ENGINE=InnoDB DEFAULT CHARSET=utf8mb4 COLLATE=utf8mb4_general_ci;
/*!40101 SET character_set_client = @saved_cs_client */;

--
-- Dumping data for table `directus_users`
--

LOCK TABLES `directus_users` WRITE;
/*!40000 ALTER TABLE `directus_users` DISABLE KEYS */;
INSERT INTO `directus_users` VALUES ('f971a3ff-ee87-4508-b5fd-ee6ebcb8b17f','Admin','User','admin@admin.com','$argon2id$v=19$m=65536,t=3,p=4$NVkhRNshbXHMV4mb3EOlaA$sxmLNShEPo2O4Q1jKCk5x3l+bpNbfk3rN6pkjeG59Jo',NULL,NULL,NULL,NULL,NULL,NULL,'dark',NULL,'active','c9c103bb-d9eb-43f0-8be4-303a328cbec3',NULL,'2023-01-25 10:10:22','/settings/data-model','default',NULL,NULL,1);
/*!40000 ALTER TABLE `directus_users` ENABLE KEYS */;
UNLOCK TABLES;

--
-- Table structure for table `directus_webhooks`
--

DROP TABLE IF EXISTS `directus_webhooks`;
/*!40101 SET @saved_cs_client     = @@character_set_client */;
/*!40101 SET character_set_client = utf8 */;
CREATE TABLE `directus_webhooks` (
  `id` int(10) unsigned NOT NULL AUTO_INCREMENT,
  `name` varchar(255) NOT NULL,
  `method` varchar(10) NOT NULL DEFAULT 'POST',
  `url` varchar(255) NOT NULL,
  `status` varchar(10) NOT NULL DEFAULT 'active',
  `data` tinyint(1) NOT NULL DEFAULT 1,
  `actions` varchar(100) NOT NULL,
  `collections` varchar(255) NOT NULL,
  `headers` longtext CHARACTER SET utf8mb4 COLLATE utf8mb4_bin DEFAULT NULL,
  PRIMARY KEY (`id`)
) ENGINE=InnoDB DEFAULT CHARSET=utf8mb4 COLLATE=utf8mb4_general_ci;
/*!40101 SET character_set_client = @saved_cs_client */;

--
-- Dumping data for table `directus_webhooks`
--

LOCK TABLES `directus_webhooks` WRITE;
/*!40000 ALTER TABLE `directus_webhooks` DISABLE KEYS */;
/*!40000 ALTER TABLE `directus_webhooks` ENABLE KEYS */;
UNLOCK TABLES;
/*!40103 SET TIME_ZONE=@OLD_TIME_ZONE */;

/*!40101 SET SQL_MODE=@OLD_SQL_MODE */;
/*!40014 SET FOREIGN_KEY_CHECKS=@OLD_FOREIGN_KEY_CHECKS */;
/*!40014 SET UNIQUE_CHECKS=@OLD_UNIQUE_CHECKS */;
/*!40101 SET CHARACTER_SET_CLIENT=@OLD_CHARACTER_SET_CLIENT */;
/*!40101 SET CHARACTER_SET_RESULTS=@OLD_CHARACTER_SET_RESULTS */;
/*!40101 SET COLLATION_CONNECTION=@OLD_COLLATION_CONNECTION */;
/*!40111 SET SQL_NOTES=@OLD_SQL_NOTES */;

-- Dump completed on 2023-01-25 11:13:17
